rating_date,team_id,elo_rating
2000-01-01,FRA,2080.12
2000-01-01,BRA,2070.21
2000-01-01,ESP,1969.06
2000-01-01,ARG,1926.28
2000-01-01,NED,1918.91
2000-01-01,ENG,1910.0
2000-01-01,ITA,1897.9
2000-01-01,NOR,1892.44
2000-01-01,GER,1879.91
2000-01-01,CZE,1879.07
2000-01-01,MEX,1873.33
2000-01-01,CRO,1872.91
2000-01-01,SWE,1869.73
2000-01-01,POR,1864.65
2000-01-01,AUS,1838.12
2000-01-01,MAR,1811.35
2000-01-01,USA,1798.85
2000-01-01,PAR,1794.29
2000-01-01,BEL,1785.48
2000-01-01,IRN,1775.26
2000-01-01,KOR,1763.39
2000-01-01,COL,1738.08
2000-01-01,IRQ,1732.25
2000-01-01,KSA,1729.05
2000-01-01,TUN,1714.85
2000-01-01,SCO,1708.35
2000-01-01,AUT,1702.52
2000-01-01,URU,1698.47
2000-01-01,RSA,1691.51
2000-01-01,EGY,1689.71
2000-01-01,TUR,1673.27
2000-01-01,ECU,1670.97
2000-01-01,SUI,1670.22
2000-01-01,CIV,1639.24
2000-01-01,UZB,1638.79
2000-01-01,JPN,1630.55
2000-01-01,QAT,1629.19
2000-01-01,SEN,1626.45
2000-01-01,CAN,1617.91
2000-01-01,JAM,1612.19
2000-01-01,ALG,1611.71
2000-01-01,COD,1600.85
2000-01-01,GHA,1600.46
2000-01-01,NZL,1591.95
2000-01-01,JOR,1525.55
2000-01-01,HAI,1519.04
2000-01-01,BIH,1487.31
2000-01-01,PAN,1462.22
2000-01-01,CPV,1354.43
2000-01-01,CUW,1343.52
2000-04-01,FRA,2088.16
2000-04-01,BRA,2063.82
2000-04-01,ESP,1993.71
2000-04-01,ARG,1938.67
2000-04-01,NED,1926.37
2000-04-01,ENG,1910.7
2000-04-01,ITA,1893.28
2000-04-01,CZE,1892.01
2000-04-01,NOR,1883.09
2000-04-01,CRO,1876.92
2000-04-01,POR,1876.55
2000-04-01,GER,1867.06
2000-04-01,MEX,1851.52
2000-04-01,SWE,1849.39
2000-04-01,USA,1817.81
2000-04-01,AUS,1797.34
2000-04-01,BEL,1794.7
2000-04-01,PAR,1765.83
2000-04-01,MAR,1762.13
2000-04-01,IRN,1759.01
2000-04-01,KOR,1755.74
2000-04-01,IRQ,1732.25
2000-04-01,KSA,1729.05
2000-04-01,COL,1728.02
2000-04-01,URU,1711.16
2000-04-01,CAN,1708.16
2000-04-01,SCO,1703.69
2000-04-01,RSA,1700.78
2000-04-01,EGY,1692.08
2000-04-01,AUT,1686.2
2000-04-01,SUI,1676.39
2000-04-01,TUN,1667.47
2000-04-01,TUR,1662.83
2000-04-01,ECU,1659.05
2000-04-01,JPN,1651.21
2000-04-01,CIV,1650.01
2000-04-01,UZB,1648.59
2000-04-01,ALG,1610.96
2000-04-01,SEN,1608.95
2000-04-01,JAM,1595.01
2000-04-01,GHA,1592.31
2000-04-01,QAT,1589.34
2000-04-01,COD,1578.79
2000-04-01,NZL,1571.17
2000-04-01,BIH,1507.2
2000-04-01,HAI,1499.26
2000-04-01,JOR,1490.6
2000-04-01,PAN,1489.0
2000-04-01,CPV,1354.43
2000-04-01,CUW,1346.38
2000-07-01,FRA,2120.02
2000-07-01,BRA,2054.94
2000-07-01,NED,2042.04
2000-07-01,ITA,1985.43
2000-07-01,ESP,1963.14
2000-07-01,ARG,1955.89
2000-07-01,POR,1948.11
2000-07-01,CZE,1887.73
2000-07-01,ENG,1887.24
2000-07-01,CRO,1873.86
2000-07-01,NOR,1868.42
2000-07-01,AUS,1848.32
2000-07-01,USA,1838.53
2000-07-01,MEX,1829.43
2000-07-01,GER,1813.67
2000-07-01,SWE,1811.79
2000-07-01,KOR,1799.93
2000-07-01,IRN,1774.76
2000-07-01,BEL,1767.01
2000-07-01,PAR,1762.56
2000-07-01,MAR,1757.26
2000-07-01,IRQ,1742.12
2000-07-01,CAN,1735.75
2000-07-01,COL,1735.05
2000-07-01,SCO,1728.57
2000-07-01,URU,1726.0
2000-07-01,EGY,1711.25
2000-07-01,TUR,1702.37
2000-07-01,JPN,1691.67
2000-07-01,TUN,1690.65
2000-07-01,SUI,1683.88
2000-07-01,KSA,1683.47
2000-07-01,AUT,1678.69
2000-07-01,ECU,1677.04
2000-07-01,RSA,1670.75
2000-07-01,CIV,1654.88
2000-07-01,ALG,1645.45
2000-07-01,QAT,1642.74
2000-07-01,UZB,1626.76
2000-07-01,NZL,1625.67
2000-07-01,GHA,1587.44
2000-07-01,COD,1560.95
2000-07-01,SEN,1550.88
2000-07-01,JAM,1533.21
2000-07-01,JOR,1519.45
2000-07-01,HAI,1518.0
2000-07-01,BIH,1507.2
2000-07-01,PAN,1473.41
2000-07-01,CPV,1439.6
2000-07-01,CUW,1346.38
2000-10-01,FRA,2126.58
2000-10-01,NED,2031.73
2000-10-01,BRA,2006.84
2000-10-01,ITA,1958.59
2000-10-01,POR,1952.77
2000-10-01,ARG,1944.59
2000-10-01,ESP,1929.19
2000-10-01,ENG,1896.45
2000-10-01,CZE,1870.05
2000-10-01,GER,1868.79
2000-10-01,CRO,1862.48
2000-10-01,MEX,1857.94
2000-10-01,AUS,1848.32
2000-10-01,USA,1824.17
2000-10-01,NOR,1817.09
2000-10-01,KOR,1813.37
2000-10-01,PAR,1792.91
2000-10-01,SWE,1790.87
2000-10-01,BEL,1785.81
2000-10-01,COL,1774.99
2000-10-01,IRN,1754.17
2000-10-01,URU,1741.81
2000-10-01,KSA,1738.27
2000-10-01,SCO,1732.42
2000-10-01,MAR,1730.49
2000-10-01,EGY,1724.23
2000-10-01,AUT,1713.2
2000-10-01,JPN,1712.72
2000-10-01,TUN,1692.4
2000-10-01,IRQ,1689.46
2000-10-01,RSA,1677.8
2000-10-01,TUR,1677.59
2000-10-01,SUI,1676.65
2000-10-01,JAM,1664.49
2000-10-01,CIV,1661.57
2000-10-01,CAN,1654.49
2000-10-01,ECU,1645.51
2000-10-01,QAT,1635.64
2000-10-01,NZL,1635.38
2000-10-01,ALG,1629.09
2000-10-01,GHA,1596.28
2000-10-01,UZB,1591.03
2000-10-01,COD,1571.32
2000-10-01,SEN,1553.45
2000-10-01,BIH,1538.21
2000-10-01,JOR,1526.02
2000-10-01,HAI,1497.17
2000-10-01,PAN,1452.52
2000-10-01,CPV,1445.23
2000-10-01,CUW,1346.38
2001-01-01,FRA,2106.82
2001-01-01,NED,2018.6
2001-01-01,BRA,2014.78
2001-01-01,ITA,1986.99
2001-01-01,POR,1977.89
2001-01-01,ARG,1976.69
2001-01-01,ESP,1917.1
2001-01-01,CZE,1867.03
2001-01-01,GER,1864.83
2001-01-01,ENG,1859.39
2001-01-01,CRO,1857.19
2001-01-01,USA,1849.87
2001-01-01,AUS,1849.57
2001-01-01,PAR,1831.59
2001-01-01,MEX,1829.27
2001-01-01,KOR,1826.29
2001-01-01,JPN,1809.81
2001-01-01,BEL,1791.09
2001-01-01,NOR,1785.94
2001-01-01,SWE,1782.44
2001-01-01,IRN,1775.7
2001-01-01,KSA,1756.03
2001-01-01,COL,1748.05
2001-01-01,EGY,1739.88
2001-01-01,URU,1728.45
2001-01-01,AUT,1723.33
2001-01-01,SCO,1722.98
2001-01-01,TUN,1704.34
2001-01-01,RSA,1698.16
2001-01-01,SUI,1681.84
2001-01-01,MAR,1680.94
2001-01-01,TUR,1680.53
2001-01-01,ECU,1671.19
2001-01-01,CIV,1670.68
2001-01-01,CAN,1669.12
2001-01-01,IRQ,1667.62
2001-01-01,QAT,1640.78
2001-01-01,NZL,1635.38
2001-01-01,ALG,1624.47
2001-01-01,JAM,1620.62
2001-01-01,GHA,1603.42
2001-01-01,UZB,1570.55
2001-01-01,COD,1561.42
2001-01-01,JOR,1557.48
2001-01-01,SEN,1553.45
2001-01-01,BIH,1523.11
2001-01-01,HAI,1497.17
2001-01-01,CPV,1445.23
2001-01-01,PAN,1439.52
2001-01-01,CUW,1346.38
2001-04-01,FRA,2097.29
2001-04-01,NED,2006.8
2001-04-01,ARG,1994.41
2001-04-01,BRA,1987.57
2001-04-01,ITA,1984.03
2001-04-01,POR,1979.91
2001-04-01,ESP,1911.49
2001-04-01,ENG,1899.09
2001-04-01,GER,1875.64
2001-04-01,CRO,1870.13
2001-04-01,USA,1862.57
2001-04-01,CZE,1856.16
2001-04-01,PAR,1842.08
2001-04-01,AUS,1831.78
2001-04-01,KOR,1820.19
2001-04-01,COL,1812.04
2001-04-01,IRN,1802.55
2001-04-01,SWE,1799.43
2001-04-01,KSA,1798.75
2001-04-01,BEL,1790.22
2001-04-01,MEX,1788.51
2001-04-01,JPN,1786.63
2001-04-01,NOR,1768.47
2001-04-01,URU,1735.13
2001-04-01,EGY,1729.61
2001-04-01,SCO,1728.24
2001-04-01,AUT,1721.81
2001-04-01,MAR,1719.72
2001-04-01,RSA,1704.93
2001-04-01,TUR,1700.98
2001-04-01,ECU,1697.53
2001-04-01,CIV,1696.85
2001-04-01,TUN,1693.52
2001-04-01,QAT,1689.31
2001-04-01,CAN,1669.12
2001-04-01,SUI,1667.87
2001-04-01,IRQ,1662.47
2001-04-01,NZL,1635.38
2001-04-01,ALG,1634.99
2001-04-01,JAM,1624.22
2001-04-01,SEN,1609.54
2001-04-01,GHA,1573.93
2001-04-01,BIH,1571.81
2001-04-01,JOR,1564.75
2001-04-01,UZB,1533.33
2001-04-01,COD,1521.27
2001-04-01,HAI,1497.17
2001-04-01,PAN,1464.76
2001-04-01,CPV,1445.23
2001-04-01,CUW,1346.38
2001-07-01,FRA,2123.06
2001-07-01,NED,2012.23
2001-07-01,ARG,1995.54
2001-07-01,ITA,1990.98
2001-07-01,POR,1959.85
2001-07-01,BRA,1941.35
2001-07-01,ENG,1929.72
2001-07-01,ESP,1917.73
2001-07-01,AUS,1907.84
2001-07-01,GER,1883.85
2001-07-01,USA,1871.0
2001-07-01,CRO,1866.34
2001-07-01,KOR,1861.38
2001-07-01,PAR,1850.78
2001-07-01,CZE,1842.21
2001-07-01,SWE,1835.26
2001-07-01,JPN,1834.15
2001-07-01,KSA,1798.75
2001-07-01,BEL,1798.6
2001-07-01,COL,1786.36
2001-07-01,IRN,1767.54
2001-07-01,NOR,1764.23
2001-07-01,URU,1747.55
2001-07-01,ECU,1738.21
2001-07-01,SCO,1730.5
2001-07-01,EGY,1728.66
2001-07-01,AUT,1723.92
2001-07-01,MAR,1722.81
2001-07-01,CIV,1720.08
2001-07-01,TUN,1712.96
2001-07-01,RSA,1701.23
2001-07-01,MEX,1701.03
2001-07-01,QAT,1689.31
2001-07-01,JAM,1668.99
2001-07-01,TUR,1664.24
2001-07-01,NZL,1653.7
2001-07-01,CAN,1643.25
2001-07-01,SUI,1641.24
2001-07-01,IRQ,1633.98
2001-07-01,UZB,1618.42
2001-07-01,ALG,1604.98
2001-07-01,SEN,1599.31
2001-07-01,GHA,1591.92
2001-07-01,BIH,1574.73
2001-07-01,HAI,1562.76
2001-07-01,COD,1544.22
2001-07-01,JOR,1533.89
2001-07-01,PAN,1496.5
2001-07-01,CPV,1454.42
2001-07-01,CUW,1346.38
2001-10-01,FRA,2099.37
2001-10-01,ARG,2012.75
2001-10-01,NED,2008.08
2001-10-01,ITA,1982.03
2001-10-01,POR,1966.31
2001-10-01,ENG,1942.34
2001-10-01,ESP,1931.16
2001-10-01,JPN,1898.79
2001-10-01,COL,1889.23
2001-10-01,BRA,1886.79
2001-10-01,AUS,1878.72
2001-10-01,GER,1868.2
2001-10-01,SWE,1861.73
2001-10-01,CRO,1859.69
2001-10-01,KOR,1839.98
2001-10-01,CZE,1838.3
2001-10-01,MEX,1805.87
2001-10-01,USA,1805.38
2001-10-01,IRN,1792.67
2001-10-01,PAR,1781.01
2001-10-01,BEL,1780.89
2001-10-01,KSA,1766.58
2001-10-01,NOR,1741.41
2001-10-01,TUN,1741.18
2001-10-01,URU,1739.61
2001-10-01,EGY,1731.02
2001-10-01,QAT,1718.79
2001-10-01,SCO,1715.04
2001-10-01,AUT,1707.9
2001-10-01,CIV,1701.4
2001-10-01,MAR,1697.56
2001-10-01,ECU,1691.28
2001-10-01,TUR,1672.72
2001-10-01,RSA,1657.72
2001-10-01,NZL,1653.7
2001-10-01,SUI,1652.18
2001-10-01,CAN,1643.25
2001-10-01,SEN,1631.4
2001-10-01,IRQ,1617.06
2001-10-01,ALG,1610.4
2001-10-01,UZB,1608.29
2001-10-01,JAM,1602.09
2001-10-01,GHA,1598.75
2001-10-01,HAI,1562.76
2001-10-01,BIH,1561.89
2001-10-01,COD,1553.24
2001-10-01,JOR,1533.89
2001-10-01,PAN,1476.58
2001-10-01,CPV,1454.42
2001-10-01,CUW,1346.38
2002-01-01,FRA,2093.83
2002-01-01,NED,2001.93
2002-01-01,ARG,1999.28
2002-01-01,ITA,1979.75
2002-01-01,POR,1974.48
2002-01-01,ESP,1942.29
2002-01-01,ENG,1929.8
2002-01-01,COL,1909.22
2002-01-01,GER,1868.05
2002-01-01,SWE,1866.75
2002-01-01,BRA,1862.87
2002-01-01,JPN,1862.8
2002-01-01,AUS,1859.65
2002-01-01,KOR,1857.47
2002-01-01,CRO,1845.37
2002-01-01,MEX,1828.38
2002-01-01,CZE,1822.34
2002-01-01,BEL,1805.21
2002-01-01,IRN,1795.24
2002-01-01,USA,1792.69
2002-01-01,URU,1781.29
2002-01-01,TUN,1757.09
2002-01-01,KSA,1755.78
2002-01-01,NOR,1749.24
2002-01-01,PAR,1734.74
2002-01-01,TUR,1727.53
2002-01-01,SCO,1720.01
2002-01-01,CIV,1715.84
2002-01-01,EGY,1711.34
2002-01-01,ECU,1705.83
2002-01-01,MAR,1691.38
2002-01-01,QAT,1678.27
2002-01-01,RSA,1675.84
2002-01-01,SEN,1668.11
2002-01-01,AUT,1660.84
2002-01-01,NZL,1653.7
2002-01-01,SUI,1633.41
2002-01-01,CAN,1615.72
2002-01-01,ALG,1608.14
2002-01-01,UZB,1602.4
2002-01-01,IRQ,1600.73
2002-01-01,GHA,1588.7
2002-01-01,JAM,1587.87
2002-01-01,HAI,1570.37
2002-01-01,BIH,1568.27
2002-01-01,JOR,1533.89
2002-01-01,COD,1526.18
2002-01-01,PAN,1476.58
2002-01-01,CPV,1451.55
2002-01-01,CUW,1346.38
2002-04-01,FRA,2103.77
2002-04-01,NED,2011.5
2002-04-01,ITA,2001.64
2002-04-01,ARG,1980.88
2002-04-01,ESP,1931.04
2002-04-01,POR,1929.85
2002-04-01,ENG,1920.28
2002-04-01,COL,1909.22
2002-04-01,BRA,1905.6
2002-04-01,GER,1904.8
2002-04-01,JPN,1885.57
2002-04-01,AUS,1859.65
2002-04-01,SWE,1850.89
2002-04-01,USA,1844.32
2002-04-01,CRO,1832.87
2002-04-01,MEX,1831.06
2002-04-01,CZE,1827.46
2002-04-01,BEL,1817.81
2002-04-01,KOR,1782.19
2002-04-01,IRN,1779.62
2002-04-01,URU,1779.49
2002-04-01,SEN,1776.89
2002-04-01,KSA,1769.25
2002-04-01,ECU,1735.39
2002-04-01,NOR,1735.24
2002-04-01,PAR,1729.72
2002-04-01,TUR,1714.66
2002-04-01,SCO,1713.88
2002-04-01,TUN,1705.48
2002-04-01,EGY,1695.05
2002-04-01,AUT,1682.57
2002-04-01,MAR,1668.08
2002-04-01,QAT,1664.44
2002-04-01,NZL,1653.7
2002-04-01,SUI,1651.67
2002-04-01,IRQ,1646.24
2002-04-01,CAN,1643.23
2002-04-01,CIV,1633.9
2002-04-01,RSA,1607.82
2002-04-01,UZB,1602.4
2002-04-01,GHA,1593.04
2002-04-01,JAM,1587.87
2002-04-01,HAI,1575.23
2002-04-01,BIH,1562.8
2002-04-01,ALG,1557.84
2002-04-01,COD,1551.52
2002-04-01,JOR,1499.16
2002-04-01,PAN,1476.58
2002-04-01,CPV,1451.55
2002-04-01,CUW,1346.38
2002-07-01,BRA,2097.88
2002-07-01,NED,2024.53
2002-07-01,GER,1989.06
2002-07-01,ESP,1976.98
2002-07-01,ENG,1966.16
2002-07-01,ARG,1962.1
2002-07-01,FRA,1944.38
2002-07-01,ITA,1908.52
2002-07-01,POR,1894.23
2002-07-01,COL,1889.91
2002-07-01,KOR,1872.06
2002-07-01,AUS,1859.65
2002-07-01,TUR,1852.87
2002-07-01,MEX,1852.43
2002-07-01,JPN,1849.73
2002-07-01,USA,1847.62
2002-07-01,CZE,1843.35
2002-07-01,SWE,1837.82
2002-07-01,SEN,1826.82
2002-07-01,BEL,1821.31
2002-07-01,CRO,1819.99
2002-07-01,URU,1798.51
2002-07-01,IRN,1792.75
2002-07-01,NOR,1769.22
2002-07-01,ECU,1742.38
2002-07-01,PAR,1739.12
2002-07-01,RSA,1704.06
2002-07-01,EGY,1695.05
2002-07-01,KSA,1685.93
2002-07-01,AUT,1675.54
2002-07-01,MAR,1668.08
2002-07-01,CAN,1666.28
2002-07-01,QAT,1664.44
2002-07-01,SCO,1656.63
2002-07-01,NZL,1653.7
2002-07-01,IRQ,1646.24
2002-07-01,TUN,1640.46
2002-07-01,CIV,1633.9
2002-07-01,SUI,1628.63
2002-07-01,UZB,1578.15
2002-07-01,GHA,1578.1
2002-07-01,HAI,1575.23
2002-07-01,JAM,1570.64
2002-07-01,ALG,1567.16
2002-07-01,BIH,1554.96
2002-07-01,COD,1551.52
2002-07-01,JOR,1499.16
2002-07-01,PAN,1476.58
2002-07-01,CPV,1451.55
2002-07-01,CUW,1346.38
2002-10-01,BRA,2071.26
2002-10-01,NED,2033.56
2002-10-01,GER,1979.22
2002-10-01,ESP,1973.28
2002-10-01,ENG,1963.1
2002-10-01,ARG,1962.1
2002-10-01,FRA,1936.42
2002-10-01,POR,1897.3
2002-10-01,COL,1889.91
2002-10-01,ITA,1885.5
2002-10-01,CZE,1878.23
2002-10-01,AUS,1875.62
2002-10-01,TUR,1873.51
2002-10-01,KOR,1861.53
2002-10-01,MEX,1852.43
2002-10-01,JPN,1849.73
2002-10-01,USA,1847.62
2002-10-01,SEN,1828.0
2002-10-01,SWE,1821.26
2002-10-01,CRO,1799.94
2002-10-01,URU,1798.51
2002-10-01,BEL,1786.3
2002-10-01,NOR,1769.18
2002-10-01,IRN,1766.94
2002-10-01,PAR,1765.8
2002-10-01,NZL,1747.8
2002-10-01,ECU,1742.38
2002-10-01,RSA,1714.29
2002-10-01,IRQ,1697.41
2002-10-01,KSA,1685.93
2002-10-01,MAR,1683.52
2002-10-01,EGY,1679.76
2002-10-01,SUI,1666.59
2002-10-01,CAN,1666.28
2002-10-01,AUT,1665.3
2002-10-01,QAT,1664.44
2002-10-01,CIV,1651.35
2002-10-01,TUN,1651.01
2002-10-01,SCO,1639.29
2002-10-01,JAM,1598.78
2002-10-01,HAI,1575.23
2002-10-01,ALG,1567.8
2002-10-01,GHA,1557.91
2002-10-01,COD,1552.08
2002-10-01,JOR,1546.31
2002-10-01,UZB,1540.56
2002-10-01,BIH,1532.49
2002-10-01,PAN,1476.58
2002-10-01,CPV,1462.52
2002-10-01,CUW,1344.75
2003-01-01,BRA,2078.16
2003-01-01,NED,2057.53
2003-01-01,ARG,1977.03
2003-01-01,ESP,1974.9
2003-01-01,FRA,1961.59
2003-01-01,ENG,1953.55
2003-01-01,GER,1949.14
2003-01-01,POR,1909.88
2003-01-01,CZE,1882.47
2003-01-01,TUR,1876.36
2003-01-01,AUS,1875.62
2003-01-01,COL,1870.06
2003-01-01,ITA,1856.05
2003-01-01,KOR,1854.62
2003-01-01,USA,1853.99
2003-01-01,MEX,1852.43
2003-01-01,JPN,1825.53
2003-01-01,SEN,1820.99
2003-01-01,SWE,1804.52
2003-01-01,NOR,1803.81
2003-01-01,BEL,1792.64
2003-01-01,CRO,1785.89
2003-01-01,URU,1776.36
2003-01-01,PAR,1773.94
2003-01-01,IRN,1766.94
2003-01-01,ECU,1714.06
2003-01-01,RSA,1708.83
2003-01-01,KSA,1708.67
2003-01-01,NZL,1700.61
2003-01-01,EGY,1686.53
2003-01-01,SUI,1681.78
2003-01-01,QAT,1680.86
2003-01-01,IRQ,1676.96
2003-01-01,MAR,1672.34
2003-01-01,SCO,1671.09
2003-01-01,AUT,1665.23
2003-01-01,TUN,1661.01
2003-01-01,CIV,1651.35
2003-01-01,CAN,1643.24
2003-01-01,JAM,1638.83
2003-01-01,JOR,1614.66
2003-01-01,HAI,1591.8
2003-01-01,ALG,1582.57
2003-01-01,COD,1561.17
2003-01-01,GHA,1559.65
2003-01-01,UZB,1540.56
2003-01-01,BIH,1536.3
2003-01-01,PAN,1476.58
2003-01-01,CPV,1439.87
2003-01-01,CUW,1333.21
2003-04-01,NED,2063.92
2003-04-01,BRA,2043.28
2003-04-01,ARG,1994.76
2003-04-01,ESP,1984.56
2003-04-01,FRA,1935.67
2003-04-01,ENG,1926.69
2003-04-01,CZE,1916.48
2003-04-01,POR,1914.47
2003-04-01,GER,1914.41
2003-04-01,AUS,1903.08
2003-04-01,ITA,1884.8
2003-04-01,USA,1873.06
2003-04-01,COL,1868.28
2003-04-01,TUR,1867.86
2003-04-01,KOR,1855.24
2003-04-01,MEX,1847.25
2003-04-01,JPN,1823.4
2003-04-01,SWE,1812.92
2003-04-01,CRO,1804.12
2003-04-01,SEN,1788.28
2003-04-01,NOR,1781.55
2003-04-01,URU,1778.08
2003-04-01,BEL,1772.98
2003-04-01,IRN,1767.34
2003-04-01,PAR,1762.55
2003-04-01,ECU,1728.98
2003-04-01,RSA,1721.14
2003-04-01,KSA,1708.67
2003-04-01,SUI,1707.85
2003-04-01,EGY,1707.1
2003-04-01,NZL,1700.61
2003-04-01,TUN,1696.58
2003-04-01,CIV,1694.83
2003-04-01,MAR,1684.55
2003-04-01,IRQ,1676.96
2003-04-01,SCO,1670.53
2003-04-01,AUT,1667.85
2003-04-01,JAM,1640.59
2003-04-01,CAN,1623.65
2003-04-01,JOR,1614.66
2003-04-01,QAT,1608.46
2003-04-01,COD,1583.64
2003-04-01,ALG,1582.09
2003-04-01,GHA,1553.57
2003-04-01,BIH,1545.34
2003-04-01,UZB,1540.56
2003-04-01,HAI,1540.13
2003-04-01,PAN,1471.69
2003-04-01,CPV,1457.34
2003-04-01,CUW,1333.21
2003-07-01,NED,2060.91
2003-07-01,BRA,2022.45
2003-07-01,ARG,2018.81
2003-07-01,FRA,2000.27
2003-07-01,ENG,1962.08
2003-07-01,ESP,1959.31
2003-07-01,CZE,1951.59
2003-07-01,POR,1921.82
2003-07-01,GER,1920.84
2003-07-01,ITA,1907.69
2003-07-01,AUS,1903.08
2003-07-01,USA,1862.22
2003-07-01,MEX,1855.7
2003-07-01,TUR,1852.62
2003-07-01,COL,1838.83
2003-07-01,CRO,1826.67
2003-07-01,SWE,1826.12
2003-07-01,KOR,1818.87
2003-07-01,URU,1805.41
2003-07-01,JPN,1804.06
2003-07-01,BEL,1793.55
2003-07-01,SEN,1782.95
2003-07-01,PAR,1778.62
2003-07-01,NOR,1777.79
2003-07-01,IRN,1767.34
2003-07-01,RSA,1733.7
2003-07-01,ECU,1721.09
2003-07-01,EGY,1717.98
2003-07-01,TUN,1715.45
2003-07-01,CIV,1702.87
2003-07-01,SUI,1702.36
2003-07-01,MAR,1688.78
2003-07-01,KSA,1680.0
2003-07-01,IRQ,1676.96
2003-07-01,AUT,1675.35
2003-07-01,NZL,1651.52
2003-07-01,JAM,1643.51
2003-07-01,SCO,1637.26
2003-07-01,CAN,1615.65
2003-07-01,JOR,1614.66
2003-07-01,QAT,1608.46
2003-07-01,COD,1602.33
2003-07-01,ALG,1584.68
2003-07-01,BIH,1573.41
2003-07-01,HAI,1540.13
2003-07-01,UZB,1526.37
2003-07-01,GHA,1522.35
2003-07-01,PAN,1522.18
2003-07-01,CPV,1442.34
2003-07-01,CUW,1333.21
2003-10-01,NED,2027.73
2003-10-01,BRA,2019.44
2003-10-01,FRA,2016.1
2003-10-01,ARG,2012.88
2003-10-01,ESP,1986.64
2003-10-01,CZE,1984.77
2003-10-01,ENG,1978.52
2003-10-01,ITA,1922.56
2003-10-01,POR,1909.11
2003-10-01,USA,1902.23
2003-10-01,GER,1899.67
2003-10-01,AUS,1893.79
2003-10-01,MEX,1865.39
2003-10-01,TUR,1858.59
2003-10-01,KOR,1832.91
2003-10-01,SWE,1826.97
2003-10-01,BEL,1818.73
2003-10-01,URU,1812.9
2003-10-01,JPN,1811.29
2003-10-01,SEN,1799.9
2003-10-01,CRO,1798.78
2003-10-01,COL,1763.01
2003-10-01,PAR,1748.78
2003-10-01,ECU,1748.18
2003-10-01,NOR,1740.42
2003-10-01,IRN,1724.2
2003-10-01,TUN,1723.39
2003-10-01,EGY,1717.98
2003-10-01,RSA,1717.61
2003-10-01,MAR,1704.01
2003-10-01,AUT,1698.08
2003-10-01,CIV,1688.12
2003-10-01,KSA,1672.86
2003-10-01,SUI,1670.76
2003-10-01,IRQ,1661.54
2003-10-01,NZL,1651.52
2003-10-01,JAM,1646.22
2003-10-01,SCO,1643.59
2003-10-01,JOR,1628.07
2003-10-01,COD,1613.44
2003-10-01,CAN,1611.97
2003-10-01,BIH,1598.13
2003-10-01,ALG,1587.38
2003-10-01,QAT,1579.48
2003-10-01,HAI,1557.81
2003-10-01,UZB,1548.98
2003-10-01,GHA,1505.95
2003-10-01,PAN,1489.32
2003-10-01,CPV,1432.81
2003-10-01,CUW,1333.21
2004-01-01,FRA,2039.56
2004-01-01,NED,2010.92
2004-01-01,ARG,2007.51
2004-01-01,BRA,2005.02
2004-01-01,ESP,2004.62
2004-01-01,CZE,1995.02
2004-01-01,ENG,1954.89
2004-01-01,POR,1920.91
2004-01-01,USA,1902.23
2004-01-01,ITA,1900.7
2004-01-01,AUS,1893.79
2004-01-01,GER,1888.51
2004-01-01,URU,1835.1
2004-01-01,MEX,1829.47
2004-01-01,JPN,1829.11
2004-01-01,TUR,1826.38
2004-01-01,BEL,1824.51
2004-01-01,CRO,1816.69
2004-01-01,EGY,1801.59
2004-01-01,SEN,1792.49
2004-01-01,SWE,1783.44
2004-01-01,IRN,1782.96
2004-01-01,PAR,1773.99
2004-01-01,KOR,1773.56
2004-01-01,COL,1752.96
2004-01-01,TUN,1735.04
2004-01-01,NOR,1725.87
2004-01-01,KSA,1724.15
2004-01-01,SUI,1706.21
2004-01-01,ECU,1702.98
2004-01-01,RSA,1700.55
2004-01-01,MAR,1695.78
2004-01-01,AUT,1693.24
2004-01-01,CIV,1677.05
2004-01-01,IRQ,1671.01
2004-01-01,SCO,1668.53
2004-01-01,JAM,1662.77
2004-01-01,JOR,1658.32
2004-01-01,NZL,1630.69
2004-01-01,COD,1613.44
2004-01-01,ALG,1612.45
2004-01-01,QAT,1611.62
2004-01-01,BIH,1608.59
2004-01-01,UZB,1590.32
2004-01-01,CAN,1586.03
2004-01-01,HAI,1570.98
2004-01-01,GHA,1520.96
2004-01-01,PAN,1489.32
2004-01-01,CPV,1442.87
2004-01-01,CUW,1333.21
2004-04-01,FRA,2048.46
2004-04-01,ESP,2025.34
2004-04-01,NED,2022.6
2004-04-01,ARG,2011.72
2004-04-01,BRA,1990.99
2004-04-01,CZE,1971.32
2004-04-01,ENG,1929.89
2004-04-01,ITA,1920.44
2004-04-01,GER,1920.33
2004-04-01,POR,1906.61
2004-04-01,USA,1892.09
2004-04-01,AUS,1891.26
2004-04-01,JPN,1855.76
2004-04-01,MEX,1849.28
2004-04-01,TUR,1825.45
2004-04-01,CRO,1805.68
2004-04-01,MAR,1798.9
2004-04-01,NOR,1797.82
2004-04-01,IRN,1797.72
2004-04-01,BEL,1794.52
2004-04-01,KOR,1788.55
2004-04-01,TUN,1787.11
2004-04-01,PAR,1782.56
2004-04-01,EGY,1775.67
2004-04-01,COL,1769.07
2004-04-01,URU,1768.46
2004-04-01,SEN,1768.25
2004-04-01,KSA,1757.31
2004-04-01,SWE,1752.15
2004-04-01,CIV,1708.22
2004-04-01,JOR,1699.49
2004-04-01,JAM,1693.77
2004-04-01,AUT,1691.18
2004-04-01,ECU,1688.71
2004-04-01,SUI,1684.4
2004-04-01,IRQ,1645.34
2004-04-01,RSA,1631.14
2004-04-01,NZL,1630.69
2004-04-01,SCO,1626.99
2004-04-01,CAN,1599.04
2004-04-01,UZB,1595.95
2004-04-01,QAT,1594.63
2004-04-01,ALG,1591.05
2004-04-01,BIH,1590.97
2004-04-01,HAI,1580.71
2004-04-01,COD,1533.28
2004-04-01,GHA,1520.96
2004-04-01,PAN,1474.74
2004-04-01,CPV,1442.87
2004-04-01,CUW,1381.58
2004-07-01,CZE,2038.9
2004-07-01,FRA,2018.52
2004-07-01,BRA,2016.49
2004-07-01,ESP,1983.46
2004-07-01,ENG,1960.36
2004-07-01,ARG,1958.21
2004-07-01,POR,1957.35
2004-07-01,ITA,1941.5
2004-07-01,NED,1929.54
2004-07-01,USA,1922.4
2004-07-01,AUS,1888.79
2004-07-01,TUR,1871.37
2004-07-01,JPN,1863.24
2004-07-01,SWE,1861.64
2004-07-01,MEX,1843.07
2004-07-01,GER,1832.75
2004-07-01,COL,1821.15
2004-07-01,IRN,1819.1
2004-07-01,CRO,1814.2
2004-07-01,BEL,1805.25
2004-07-01,NOR,1804.31
2004-07-01,KOR,1801.74
2004-07-01,EGY,1785.19
2004-07-01,MAR,1776.61
2004-07-01,PAR,1768.38
2004-07-01,KSA,1768.08
2004-07-01,TUN,1761.81
2004-07-01,CIV,1754.62
2004-07-01,SEN,1736.24
2004-07-01,ECU,1715.93
2004-07-01,URU,1712.35
2004-07-01,JOR,1708.02
2004-07-01,JAM,1701.18
2004-07-01,AUT,1695.12
2004-07-01,NZL,1682.35
2004-07-01,SUI,1670.26
2004-07-01,SCO,1651.84
2004-07-01,QAT,1612.97
2004-07-01,CAN,1612.69
2004-07-01,BIH,1609.64
2004-07-01,RSA,1602.8
2004-07-01,IRQ,1583.74
2004-07-01,ALG,1581.7
2004-07-01,UZB,1573.85
2004-07-01,PAN,1560.75
2004-07-01,HAI,1550.41
2004-07-01,GHA,1540.37
2004-07-01,COD,1511.4
2004-07-01,CPV,1448.49
2004-07-01,CUW,1386.56
2004-10-01,ARG,2021.81
2004-10-01,BRA,2011.43
2004-10-01,FRA,1995.3
2004-10-01,CZE,1970.97
2004-10-01,ENG,1964.22
2004-10-01,ESP,1963.91
2004-10-01,NED,1954.31
2004-10-01,POR,1934.46
2004-10-01,ITA,1913.19
2004-10-01,USA,1900.51
2004-10-01,JPN,1895.79
2004-10-01,AUS,1888.79
2004-10-01,IRN,1860.95
2004-10-01,MEX,1856.2
2004-10-01,GER,1853.63
2004-10-01,CRO,1852.8
2004-10-01,SWE,1850.89
2004-10-01,TUR,1836.33
2004-10-01,URU,1826.45
2004-10-01,KOR,1809.99
2004-10-01,COL,1799.95
2004-10-01,BEL,1792.69
2004-10-01,EGY,1788.35
2004-10-01,NOR,1785.76
2004-10-01,PAR,1785.2
2004-10-01,MAR,1777.45
2004-10-01,CIV,1757.36
2004-10-01,TUN,1732.59
2004-10-01,SEN,1725.52
2004-10-01,KSA,1716.56
2004-10-01,JAM,1700.16
2004-10-01,AUT,1698.99
2004-10-01,JOR,1688.12
2004-10-01,NZL,1682.35
2004-10-01,SUI,1682.04
2004-10-01,ECU,1652.02
2004-10-01,SCO,1634.8
2004-10-01,BIH,1633.57
2004-10-01,UZB,1632.68
2004-10-01,RSA,1627.88
2004-10-01,IRQ,1589.54
2004-10-01,QAT,1586.81
2004-10-01,CAN,1584.02
2004-10-01,PAN,1580.62
2004-10-01,GHA,1555.81
2004-10-01,HAI,1546.2
2004-10-01,ALG,1540.87
2004-10-01,COD,1513.46
2004-10-01,CPV,1434.24
2004-10-01,CUW,1386.56
2005-01-01,ARG,2029.39
2005-01-01,CZE,1986.22
2005-01-01,FRA,1985.73
2005-01-01,BRA,1981.4
2005-01-01,ESP,1977.68
2005-01-01,ENG,1956.72
2005-01-01,NED,1950.68
2005-01-01,POR,1937.1
2005-01-01,AUS,1910.29
2005-01-01,USA,1904.15
2005-01-01,MEX,1902.92
2005-01-01,ITA,1899.6
2005-01-01,GER,1897.01
2005-01-01,SWE,1880.29
2005-01-01,JPN,1877.81
2005-01-01,IRN,1849.91
2005-01-01,CRO,1834.16
2005-01-01,KOR,1830.44
2005-01-01,URU,1821.12
2005-01-01,NOR,1815.63
2005-01-01,COL,1814.5
2005-01-01,TUR,1802.58
2005-01-01,MAR,1779.57
2005-01-01,PAR,1768.43
2005-01-01,EGY,1763.39
2005-01-01,CIV,1760.18
2005-01-01,BEL,1751.28
2005-01-01,SEN,1742.23
2005-01-01,TUN,1721.13
2005-01-01,JAM,1720.26
2005-01-01,NZL,1682.35
2005-01-01,SUI,1681.13
2005-01-01,AUT,1675.17
2005-01-01,KSA,1673.54
2005-01-01,QAT,1661.12
2005-01-01,RSA,1658.17
2005-01-01,ECU,1656.76
2005-01-01,UZB,1649.1
2005-01-01,BIH,1635.26
2005-01-01,JOR,1628.38
2005-01-01,SCO,1607.58
2005-01-01,CAN,1591.73
2005-01-01,PAN,1589.69
2005-01-01,HAI,1581.66
2005-01-01,IRQ,1572.48
2005-01-01,GHA,1553.99
2005-01-01,ALG,1530.28
2005-01-01,COD,1515.28
2005-01-01,CPV,1451.83
2005-01-01,CUW,1386.56
2005-04-01,ARG,2027.91
2005-04-01,CZE,1998.59
2005-04-01,BRA,1981.69
2005-04-01,ESP,1977.72
2005-04-01,NED,1966.86
2005-04-01,ENG,1962.75
2005-04-01,FRA,1960.84
2005-04-01,USA,1928.65
2005-04-01,POR,1918.49
2005-04-01,MEX,1914.08
2005-04-01,AUS,1908.25
2005-04-01,GER,1907.84
2005-04-01,ITA,1906.68
2005-04-01,SWE,1897.41
2005-04-01,JPN,1881.92
2005-04-01,IRN,1872.78
2005-04-01,CRO,1838.93
2005-04-01,EGY,1835.34
2005-04-01,URU,1822.24
2005-04-01,TUR,1817.31
2005-04-01,NOR,1800.26
2005-04-01,MAR,1797.77
2005-04-01,COL,1793.94
2005-04-01,KOR,1791.26
2005-04-01,PAR,1759.86
2005-04-01,CIV,1756.1
2005-04-01,BEL,1746.01
2005-04-01,JAM,1744.44
2005-04-01,SEN,1737.39
2005-04-01,TUN,1731.14
2005-04-01,ECU,1712.02
2005-04-01,SUI,1707.99
2005-04-01,AUT,1697.13
2005-04-01,RSA,1685.92
2005-04-01,KSA,1683.92
2005-04-01,NZL,1682.35
2005-04-01,QAT,1661.12
2005-04-01,UZB,1625.62
2005-04-01,JOR,1615.04
2005-04-01,BIH,1601.9
2005-04-01,SCO,1600.94
2005-04-01,CAN,1597.59
2005-04-01,IRQ,1568.55
2005-04-01,ALG,1563.09
2005-04-01,HAI,1559.98
2005-04-01,GHA,1551.03
2005-04-01,PAN,1535.87
2005-04-01,COD,1525.59
2005-04-01,CPV,1466.48
2005-04-01,CUW,1386.56
2005-07-01,BRA,2015.71
2005-07-01,CZE,2003.61
2005-07-01,ARG,1997.02
2005-07-01,NED,1988.92
2005-07-01,ENG,1984.07
2005-07-01,ESP,1967.22
2005-07-01,FRA,1964.59
2005-07-01,GER,1942.6
2005-07-01,MEX,1936.53
2005-07-01,USA,1932.04
2005-07-01,POR,1928.77
2005-07-01,ITA,1889.28
2005-07-01,IRN,1885.68
2005-07-01,SWE,1881.1
2005-07-01,JPN,1859.3
2005-07-01,AUS,1853.24
2005-07-01,CRO,1852.68
2005-07-01,NOR,1837.11
2005-07-01,COL,1834.16
2005-07-01,TUR,1825.63
2005-07-01,EGY,1821.59
2005-07-01,URU,1809.77
2005-07-01,KOR,1799.67
2005-07-01,MAR,1792.79
2005-07-01,CIV,1779.04
2005-07-01,TUN,1777.31
2005-07-01,JAM,1753.43
2005-07-01,ECU,1750.44
2005-07-01,PAR,1748.95
2005-07-01,BEL,1744.63
2005-07-01,KSA,1726.7
2005-07-01,SEN,1723.09
2005-07-01,SUI,1712.54
2005-07-01,AUT,1697.13
2005-07-01,NZL,1675.93
2005-07-01,RSA,1661.88
2005-07-01,QAT,1661.12
2005-07-01,BIH,1616.75
2005-07-01,SCO,1614.9
2005-07-01,UZB,1611.51
2005-07-01,JOR,1598.04
2005-07-01,CAN,1597.59
2005-07-01,GHA,1591.31
2005-07-01,IRQ,1585.54
2005-07-01,HAI,1559.98
2005-07-01,ALG,1533.44
2005-07-01,PAN,1516.51
2005-07-01,COD,1514.22
2005-07-01,CPV,1442.08
2005-07-01,CUW,1386.56
2005-10-01,BRA,2017.06
2005-10-01,FRA,1990.74
2005-10-01,NED,1988.98
2005-10-01,ARG,1976.18
2005-10-01,ESP,1973.11
2005-10-01,USA,1956.77
2005-10-01,CZE,1952.47
2005-10-01,POR,1935.91
2005-10-01,ENG,1924.6
2005-10-01,SWE,1919.51
2005-10-01,GER,1913.37
2005-10-01,MEX,1906.55
2005-10-01,ITA,1903.28
2005-10-01,IRN,1878.78
2005-10-01,AUS,1875.54
2005-10-01,JPN,1868.81
2005-10-01,CRO,1852.72
2005-10-01,URU,1811.77
2005-10-01,TUR,1811.07
2005-10-01,EGY,1800.35
2005-10-01,NOR,1792.64
2005-10-01,TUN,1791.04
2005-10-01,COL,1780.8
2005-10-01,PAR,1780.56
2005-10-01,MAR,1775.22
2005-10-01,ECU,1772.33
2005-10-01,KOR,1769.68
2005-10-01,BEL,1753.66
2005-10-01,SUI,1751.49
2005-10-01,CIV,1751.04
2005-10-01,KSA,1744.28
2005-10-01,JAM,1740.47
2005-10-01,SEN,1727.46
2005-10-01,NZL,1675.93
2005-10-01,AUT,1673.02
2005-10-01,QAT,1661.12
2005-10-01,SCO,1650.92
2005-10-01,UZB,1625.72
2005-10-01,BIH,1625.17
2005-10-01,GHA,1608.31
2005-10-01,RSA,1600.54
2005-10-01,JOR,1591.15
2005-10-01,CAN,1585.5
2005-10-01,IRQ,1570.8
2005-10-01,HAI,1559.98
2005-10-01,COD,1549.99
2005-10-01,PAN,1545.67
2005-10-01,ALG,1524.66
2005-10-01,CPV,1421.99
2005-10-01,CUW,1386.56
2006-01-01,BRA,2014.73
2006-01-01,FRA,1987.7
2006-01-01,ESP,1981.42
2006-01-01,NED,1967.82
2006-01-01,CZE,1961.23
2006-01-01,ENG,1957.45
2006-01-01,ARG,1954.2
2006-01-01,POR,1944.69
2006-01-01,ITA,1931.88
2006-01-01,USA,1910.45
2006-01-01,GER,1906.81
2006-01-01,SWE,1902.5
2006-01-01,AUS,1889.81
2006-01-01,MEX,1877.94
2006-01-01,IRN,1860.63
2006-01-01,CRO,1843.62
2006-01-01,JPN,1842.89
2006-01-01,TUR,1829.56
2006-01-01,KOR,1823.15
2006-01-01,EGY,1810.82
2006-01-01,TUN,1797.22
2006-01-01,URU,1792.9
2006-01-01,COL,1791.91
2006-01-01,NOR,1785.83
2006-01-01,CIV,1785.05
2006-01-01,PAR,1784.23
2006-01-01,MAR,1776.53
2006-01-01,SUI,1771.25
2006-01-01,SEN,1750.24
2006-01-01,BEL,1733.34
2006-01-01,JAM,1731.28
2006-01-01,ECU,1708.16
2006-01-01,AUT,1682.03
2006-01-01,NZL,1675.93
2006-01-01,SCO,1668.8
2006-01-01,KSA,1654.54
2006-01-01,GHA,1652.72
2006-01-01,QAT,1648.92
2006-01-01,IRQ,1647.16
2006-01-01,UZB,1627.72
2006-01-01,BIH,1617.22
2006-01-01,RSA,1589.47
2006-01-01,CAN,1586.78
2006-01-01,JOR,1571.12
2006-01-01,HAI,1559.98
2006-01-01,COD,1525.26
2006-01-01,ALG,1524.63
2006-01-01,PAN,1508.39
2006-01-01,CPV,1407.65
2006-01-01,CUW,1386.56
2006-04-01,BRA,2019.6
2006-04-01,ESP,1990.12
2006-04-01,NED,1973.72
2006-04-01,ENG,1965.83
2006-04-01,FRA,1962.27
2006-04-01,ITA,1956.24
2006-04-01,CZE,1955.8
2006-04-01,POR,1952.91
2006-04-01,ARG,1933.81
2006-04-01,USA,1920.13
2006-04-01,GER,1913.85
2006-04-01,AUS,1897.09
2006-04-01,MEX,1887.33
2006-04-01,EGY,1875.73
2006-04-01,IRN,1872.13
2006-04-01,SWE,1856.21
2006-04-01,JPN,1849.22
2006-04-01,KOR,1845.92
2006-04-01,CRO,1843.74
2006-04-01,TUR,1834.99
2006-04-01,CIV,1817.22
2006-04-01,SUI,1787.3
2006-04-01,COL,1785.14
2006-04-01,URU,1784.51
2006-04-01,TUN,1771.37
2006-04-01,PAR,1766.82
2006-04-01,MAR,1750.73
2006-04-01,NOR,1737.7
2006-04-01,BEL,1734.18
2006-04-01,JAM,1731.28
2006-04-01,SEN,1717.38
2006-04-01,ECU,1707.63
2006-04-01,QAT,1699.43
2006-04-01,NZL,1685.14
2006-04-01,AUT,1654.18
2006-04-01,SCO,1652.75
2006-04-01,KSA,1634.89
2006-04-01,BIH,1625.94
2006-04-01,CAN,1625.61
2006-04-01,UZB,1622.2
2006-04-01,GHA,1607.93
2006-04-01,IRQ,1603.04
2006-04-01,HAI,1559.98
2006-04-01,JOR,1549.94
2006-04-01,COD,1548.4
2006-04-01,RSA,1535.39
2006-04-01,ALG,1522.41
2006-04-01,PAN,1508.39
2006-04-01,CPV,1407.65
2006-04-01,CUW,1386.56
2006-07-01,BRA,2106.65
2006-07-01,POR,2044.39
2006-07-01,ITA,2042.73
2006-07-01,FRA,2030.87
2006-07-01,GER,2019.26
2006-07-01,ARG,2013.26
2006-07-01,ENG,2007.1
2006-07-01,ESP,1996.11
2006-07-01,NED,1985.36
2006-07-01,CZE,1893.08
2006-07-01,AUS,1883.52
2006-07-01,SUI,1879.43
2006-07-01,EGY,1859.82
2006-07-01,MEX,1855.91
2006-07-01,SWE,1834.83
2006-07-01,USA,1828.25
2006-07-01,CRO,1823.59
2006-07-01,URU,1818.89
2006-07-01,CIV,1815.23
2006-07-01,COL,1803.5
2006-07-01,IRN,1792.47
2006-07-01,KOR,1791.35
2006-07-01,TUR,1790.39
2006-07-01,JPN,1779.94
2006-07-01,GHA,1772.12
2006-07-01,PAR,1769.39
2006-07-01,ECU,1749.58
2006-07-01,BEL,1747.05
2006-07-01,NOR,1743.62
2006-07-01,MAR,1731.0
2006-07-01,TUN,1730.73
2006-07-01,SEN,1722.69
2006-07-01,QAT,1699.43
2006-07-01,SCO,1697.16
2006-07-01,JAM,1692.35
2006-07-01,AUT,1640.98
2006-07-01,CAN,1625.61
2006-07-01,NZL,1624.2
2006-07-01,UZB,1622.2
2006-07-01,BIH,1606.01
2006-07-01,IRQ,1603.04
2006-07-01,KSA,1593.68
2006-07-01,HAI,1559.98
2006-07-01,JOR,1549.94
2006-07-01,COD,1544.77
2006-07-01,ALG,1533.78
2006-07-01,RSA,1527.8
2006-07-01,PAN,1508.39
2006-07-01,CPV,1405.47
2006-07-01,CUW,1386.56
2006-10-01,FRA,2115.99
2006-10-01,BRA,2085.65
2006-10-01,GER,2048.62
2006-10-01,ENG,2026.8
2006-10-01,ITA,2016.38
2006-10-01,NED,2010.54
2006-10-01,ARG,1990.46
2006-10-01,ESP,1955.71
2006-10-01,POR,1927.48
2006-10-01,SUI,1893.41
2006-10-01,CZE,1883.35
2006-10-01,MEX,1855.91
2006-10-01,CRO,1855.44
2006-10-01,AUS,1852.02
2006-10-01,EGY,1837.57
2006-10-01,USA,1828.25
2006-10-01,SWE,1826.6
2006-10-01,URU,1820.81
2006-10-01,COL,1816.28
2006-10-01,CIV,1796.33
2006-10-01,TUR,1793.28
2006-10-01,KOR,1793.09
2006-10-01,IRN,1791.23
2006-10-01,GHA,1780.47
2006-10-01,NOR,1779.12
2006-10-01,JPN,1775.49
2006-10-01,PAR,1769.39
2006-10-01,SEN,1748.11
2006-10-01,ECU,1746.22
2006-10-01,BEL,1740.01
2006-10-01,MAR,1736.6
2006-10-01,SCO,1709.61
2006-10-01,QAT,1707.43
2006-10-01,TUN,1701.75
2006-10-01,JAM,1683.24
2006-10-01,KSA,1664.26
2006-10-01,CAN,1643.45
2006-10-01,IRQ,1630.65
2006-10-01,NZL,1624.2
2006-10-01,AUT,1609.36
2006-10-01,UZB,1604.07
2006-10-01,HAI,1592.88
2006-10-01,BIH,1590.96
2006-10-01,JOR,1589.81
2006-10-01,PAN,1561.23
2006-10-01,COD,1550.82
2006-10-01,RSA,1531.17
2006-10-01,ALG,1518.04
2006-10-01,CPV,1383.27
2006-10-01,CUW,1349.87
2007-01-01,BRA,2095.94
2007-01-01,FRA,2094.64
2007-01-01,GER,2044.56
2007-01-01,ITA,2020.51
2007-01-01,NED,2002.3
2007-01-01,ENG,1982.83
2007-01-01,ARG,1972.67
2007-01-01,ESP,1924.33
2007-01-01,POR,1909.69
2007-01-01,CRO,1896.96
2007-01-01,CZE,1883.03
2007-01-01,SUI,1861.8
2007-01-01,MEX,1855.91
2007-01-01,AUS,1853.99
2007-01-01,SWE,1843.84
2007-01-01,EGY,1830.42
2007-01-01,USA,1828.25
2007-01-01,CIV,1825.79
2007-01-01,GHA,1819.25
2007-01-01,TUR,1817.77
2007-01-01,COL,1816.28
2007-01-01,IRN,1816.06
2007-01-01,URU,1796.74
2007-01-01,JPN,1781.99
2007-01-01,NOR,1764.67
2007-01-01,PAR,1757.43
2007-01-01,MAR,1752.62
2007-01-01,KOR,1740.99
2007-01-01,ECU,1734.42
2007-01-01,SEN,1722.63
2007-01-01,TUN,1718.7
2007-01-01,SCO,1718.52
2007-01-01,BEL,1717.07
2007-01-01,JAM,1709.93
2007-01-01,QAT,1684.63
2007-01-01,KSA,1666.65
2007-01-01,AUT,1660.45
2007-01-01,UZB,1639.92
2007-01-01,IRQ,1633.34
2007-01-01,JOR,1624.61
2007-01-01,NZL,1624.2
2007-01-01,CAN,1615.23
2007-01-01,BIH,1573.19
2007-01-01,RSA,1545.15
2007-01-01,PAN,1539.33
2007-01-01,HAI,1532.4
2007-01-01,COD,1518.36
2007-01-01,ALG,1512.02
2007-01-01,CPV,1408.9
2007-01-01,CUW,1349.87
2007-04-01,BRA,2078.28
2007-04-01,FRA,2078.06
2007-04-01,GER,2043.97
2007-04-01,ITA,2027.52
2007-04-01,NED,2009.84
2007-04-01,ARG,1992.73
2007-04-01,ESP,1959.06
2007-04-01,ENG,1956.51
2007-04-01,POR,1945.27
2007-04-01,CRO,1910.81
2007-04-01,CZE,1890.92
2007-04-01,MEX,1871.02
2007-04-01,USA,1858.28
2007-04-01,EGY,1852.02
2007-04-01,AUS,1847.27
2007-04-01,CIV,1840.58
2007-04-01,URU,1839.09
2007-04-01,COL,1837.39
2007-04-01,SUI,1836.97
2007-04-01,GHA,1833.01
2007-04-01,TUR,1816.05
2007-04-01,IRN,1815.94
2007-04-01,JPN,1797.13
2007-04-01,SWE,1748.08
2007-04-01,MAR,1743.08
2007-04-01,KOR,1740.88
2007-04-01,NOR,1736.59
2007-04-01,SEN,1735.02
2007-04-01,PAR,1728.3
2007-04-01,TUN,1724.89
2007-04-01,ECU,1722.86
2007-04-01,SCO,1719.91
2007-04-01,BEL,1693.2
2007-04-01,JAM,1691.13
2007-04-01,KSA,1688.58
2007-04-01,AUT,1654.19
2007-04-01,QAT,1640.57
2007-04-01,HAI,1634.65
2007-04-01,IRQ,1633.98
2007-04-01,CAN,1624.99
2007-04-01,JOR,1624.61
2007-04-01,BIH,1595.39
2007-04-01,UZB,1589.01
2007-04-01,PAN,1582.69
2007-04-01,NZL,1575.21
2007-04-01,RSA,1545.89
2007-04-01,ALG,1542.23
2007-04-01,COD,1518.36
2007-04-01,CPV,1393.78
2007-04-01,CUW,1349.87
2007-07-01,FRA,2087.55
2007-07-01,GER,2049.35
2007-07-01,ITA,2029.98
2007-07-01,NED,2020.72
2007-07-01,ARG,2015.48
2007-07-01,BRA,2005.89
2007-07-01,ENG,1963.94
2007-07-01,ESP,1961.83
2007-07-01,POR,1939.15
2007-07-01,MEX,1916.22
2007-07-01,CRO,1906.51
2007-07-01,CZE,1881.77
2007-07-01,USA,1874.56
2007-07-01,CIV,1843.65
2007-07-01,SUI,1842.98
2007-07-01,AUS,1837.25
2007-07-01,GHA,1833.01
2007-07-01,EGY,1828.85
2007-07-01,PAR,1807.78
2007-07-01,IRN,1807.31
2007-07-01,JPN,1806.44
2007-07-01,TUR,1802.65
2007-07-01,URU,1800.98
2007-07-01,SWE,1798.09
2007-07-01,COL,1797.45
2007-07-01,NOR,1759.06
2007-07-01,MAR,1757.49
2007-07-01,KOR,1753.43
2007-07-01,SCO,1734.89
2007-07-01,TUN,1733.82
2007-07-01,SEN,1719.63
2007-07-01,KSA,1714.43
2007-07-01,ECU,1694.13
2007-07-01,CAN,1665.99
2007-07-01,BEL,1661.66
2007-07-01,AUT,1645.64
2007-07-01,QAT,1643.65
2007-07-01,HAI,1640.26
2007-07-01,IRQ,1634.28
2007-07-01,BIH,1623.31
2007-07-01,JAM,1622.96
2007-07-01,JOR,1614.5
2007-07-01,UZB,1589.01
2007-07-01,PAN,1581.79
2007-07-01,NZL,1578.29
2007-07-01,RSA,1564.87
2007-07-01,ALG,1518.98
2007-07-01,COD,1501.44
2007-07-01,CPV,1399.26
2007-07-01,CUW,1349.87
2007-10-01,BRA,2109.84
2007-10-01,GER,2078.66
2007-10-01,FRA,2061.03
2007-10-01,ARG,2019.33
2007-10-01,NED,2009.75
2007-10-01,ITA,2000.32
2007-10-01,ENG,1976.71
2007-10-01,ESP,1959.35
2007-10-01,MEX,1925.67
2007-10-01,CRO,1917.77
2007-10-01,POR,1911.44
2007-10-01,CZE,1887.87
2007-10-01,SUI,1858.58
2007-10-01,COL,1836.47
2007-10-01,JPN,1833.54
2007-10-01,CIV,1832.88
2007-10-01,IRN,1822.78
2007-10-01,SWE,1820.08
2007-10-01,EGY,1816.39
2007-10-01,URU,1808.09
2007-10-01,GHA,1807.58
2007-10-01,AUS,1804.23
2007-10-01,TUR,1789.77
2007-10-01,NOR,1787.52
2007-10-01,KSA,1781.44
2007-10-01,USA,1779.62
2007-10-01,SCO,1778.74
2007-10-01,PAR,1762.38
2007-10-01,KOR,1744.74
2007-10-01,MAR,1739.51
2007-10-01,SEN,1733.22
2007-10-01,TUN,1707.16
2007-10-01,ECU,1683.23
2007-10-01,IRQ,1681.81
2007-10-01,BEL,1670.43
2007-10-01,CAN,1660.7
2007-10-01,AUT,1645.08
2007-10-01,HAI,1640.26
2007-10-01,JOR,1632.22
2007-10-01,UZB,1620.37
2007-10-01,QAT,1605.96
2007-10-01,JAM,1605.61
2007-10-01,PAN,1597.55
2007-10-01,BIH,1579.71
2007-10-01,NZL,1578.29
2007-10-01,RSA,1558.97
2007-10-01,COD,1523.59
2007-10-01,ALG,1496.98
2007-10-01,CPV,1389.56
2007-10-01,CUW,1349.87
2008-01-01,BRA,2096.71
2008-01-01,FRA,2041.86
2008-01-01,GER,2024.1
2008-01-01,ARG,2016.25
2008-01-01,ITA,2012.88
2008-01-01,ESP,1984.33
2008-01-01,NED,1966.88
2008-01-01,CZE,1943.13
2008-01-01,ENG,1942.76
2008-01-01,CRO,1915.15
2008-01-01,POR,1909.43
2008-01-01,MEX,1893.15
2008-01-01,COL,1869.3
2008-01-01,JPN,1858.78
2008-01-01,SUI,1832.03
2008-01-01,IRN,1822.78
2008-01-01,PAR,1821.73
2008-01-01,GHA,1819.7
2008-01-01,AUS,1818.84
2008-01-01,USA,1804.42
2008-01-01,CIV,1802.53
2008-01-01,SWE,1801.2
2008-01-01,URU,1797.61
2008-01-01,EGY,1794.87
2008-01-01,KSA,1789.02
2008-01-01,TUR,1787.29
2008-01-01,NOR,1784.1
2008-01-01,MAR,1782.2
2008-01-01,SCO,1759.25
2008-01-01,KOR,1744.74
2008-01-01,SEN,1738.38
2008-01-01,TUN,1720.35
2008-01-01,ECU,1677.08
2008-01-01,BEL,1671.2
2008-01-01,AUT,1656.05
2008-01-01,IRQ,1652.88
2008-01-01,NZL,1643.72
2008-01-01,HAI,1641.86
2008-01-01,JAM,1638.98
2008-01-01,JOR,1631.78
2008-01-01,CAN,1631.43
2008-01-01,UZB,1604.71
2008-01-01,QAT,1596.54
2008-01-01,PAN,1589.68
2008-01-01,RSA,1582.11
2008-01-01,BIH,1555.95
2008-01-01,COD,1523.59
2008-01-01,ALG,1519.64
2008-01-01,CPV,1389.59
2008-01-01,CUW,1349.87
2008-04-01,BRA,2106.4
2008-04-01,GER,2042.77
2008-04-01,FRA,2036.36
2008-04-01,ARG,2032.19
2008-04-01,ESP,2017.96
2008-04-01,ITA,2012.71
2008-04-01,NED,1992.99
2008-04-01,ENG,1941.17
2008-04-01,CZE,1907.55
2008-04-01,MEX,1905.5
2008-04-01,EGY,1895.95
2008-04-01,CRO,1887.28
2008-04-01,GHA,1878.89
2008-04-01,POR,1875.67
2008-04-01,USA,1854.78
2008-04-01,COL,1845.58
2008-04-01,JPN,1840.95
2008-04-01,AUS,1812.66
2008-04-01,SUI,1808.62
2008-04-01,URU,1800.66
2008-04-01,SWE,1783.7
2008-04-01,CIV,1781.55
2008-04-01,TUR,1779.5
2008-04-01,IRN,1768.25
2008-04-01,SCO,1764.74
2008-04-01,MAR,1763.41
2008-04-01,KSA,1759.64
2008-04-01,PAR,1751.95
2008-04-01,KOR,1743.31
2008-04-01,TUN,1738.39
2008-04-01,NOR,1715.12
2008-04-01,ECU,1696.64
2008-04-01,SEN,1681.48
2008-04-01,UZB,1677.78
2008-04-01,BEL,1650.26
2008-04-01,AUT,1646.68
2008-04-01,NZL,1643.72
2008-04-01,JAM,1636.94
2008-04-01,RSA,1636.66
2008-04-01,IRQ,1630.84
2008-04-01,QAT,1621.57
2008-04-01,HAI,1611.73
2008-04-01,CAN,1607.65
2008-04-01,JOR,1607.05
2008-04-01,PAN,1589.68
2008-04-01,BIH,1550.67
2008-04-01,COD,1525.25
2008-04-01,ALG,1519.9
2008-04-01,CPV,1389.59
2008-04-01,CUW,1372.07
2008-07-01,ESP,2107.32
2008-07-01,NED,2050.61
2008-07-01,ARG,2032.79
2008-07-01,BRA,2029.01
2008-07-01,GER,2024.48
2008-07-01,ITA,2012.48
2008-07-01,ENG,1964.06
2008-07-01,FRA,1949.78
2008-07-01,CRO,1933.12
2008-07-01,MEX,1908.82
2008-07-01,POR,1878.84
2008-07-01,EGY,1874.83
2008-07-01,CZE,1870.55
2008-07-01,JPN,1870.38
2008-07-01,USA,1846.07
2008-07-01,GHA,1837.7
2008-07-01,SUI,1832.96
2008-07-01,URU,1826.79
2008-07-01,COL,1825.51
2008-07-01,TUR,1820.93
2008-07-01,KSA,1816.27
2008-07-01,AUS,1802.4
2008-07-01,IRN,1797.74
2008-07-01,PAR,1770.69
2008-07-01,SWE,1767.7
2008-07-01,CIV,1761.29
2008-07-01,SCO,1751.32
2008-07-01,KOR,1746.35
2008-07-01,MAR,1737.02
2008-07-01,TUN,1722.57
2008-07-01,NOR,1719.33
2008-07-01,ECU,1707.89
2008-07-01,UZB,1694.0
2008-07-01,SEN,1675.66
2008-07-01,AUT,1650.75
2008-07-01,QAT,1647.41
2008-07-01,BEL,1645.29
2008-07-01,NZL,1643.72
2008-07-01,CAN,1637.67
2008-07-01,JAM,1628.13
2008-07-01,IRQ,1618.84
2008-07-01,RSA,1597.35
2008-07-01,PAN,1586.75
2008-07-01,HAI,1581.02
2008-07-01,JOR,1575.35
2008-07-01,BIH,1559.92
2008-07-01,COD,1540.29
2008-07-01,ALG,1520.57
2008-07-01,CPV,1437.99
2008-07-01,CUW,1384.7
2008-10-01,ESP,2119.54
2008-10-01,BRA,2026.18
2008-10-01,NED,2022.36
2008-10-01,GER,2018.28
2008-10-01,ITA,2006.01
2008-10-01,ARG,1999.42
2008-10-01,ENG,1985.23
2008-10-01,FRA,1925.94
2008-10-01,CRO,1914.29
2008-10-01,MEX,1909.74
2008-10-01,USA,1869.2
2008-10-01,POR,1865.1
2008-10-01,CZE,1864.89
2008-10-01,URU,1860.02
2008-10-01,JPN,1853.62
2008-10-01,IRN,1838.57
2008-10-01,TUR,1832.18
2008-10-01,EGY,1827.73
2008-10-01,KSA,1827.62
2008-10-01,AUS,1827.31
2008-10-01,SUI,1810.08
2008-10-01,PAR,1801.33
2008-10-01,GHA,1800.77
2008-10-01,COL,1762.58
2008-10-01,CIV,1761.84
2008-10-01,SWE,1760.99
2008-10-01,KOR,1749.89
2008-10-01,ECU,1747.75
2008-10-01,MAR,1741.41
2008-10-01,SCO,1731.71
2008-10-01,NOR,1715.26
2008-10-01,TUN,1707.9
2008-10-01,NZL,1695.16
2008-10-01,AUT,1673.0
2008-10-01,BEL,1656.16
2008-10-01,QAT,1655.49
2008-10-01,SEN,1648.96
2008-10-01,UZB,1627.92
2008-10-01,RSA,1624.35
2008-10-01,CAN,1621.9
2008-10-01,IRQ,1618.84
2008-10-01,JAM,1600.99
2008-10-01,JOR,1591.95
2008-10-01,BIH,1577.25
2008-10-01,PAN,1571.91
2008-10-01,ALG,1558.2
2008-10-01,COD,1549.17
2008-10-01,HAI,1520.11
2008-10-01,CPV,1434.87
2008-10-01,CUW,1392.87
2009-01-01,ESP,2130.57
2009-01-01,BRA,2039.19
2009-01-01,NED,2036.73
2009-01-01,GER,2015.13
2009-01-01,ENG,2008.58
2009-01-01,ITA,1991.62
2009-01-01,ARG,1991.31
2009-01-01,FRA,1929.66
2009-01-01,CRO,1910.32
2009-01-01,MEX,1863.5
2009-01-01,USA,1861.63
2009-01-01,JPN,1855.22
2009-01-01,CZE,1851.56
2009-01-01,AUS,1849.57
2009-01-01,URU,1846.28
2009-01-01,SUI,1838.12
2009-01-01,TUR,1836.96
2009-01-01,EGY,1834.69
2009-01-01,POR,1834.35
2009-01-01,PAR,1831.33
2009-01-01,IRN,1807.87
2009-01-01,KOR,1805.39
2009-01-01,KSA,1791.15
2009-01-01,GHA,1777.68
2009-01-01,CIV,1766.86
2009-01-01,MAR,1758.79
2009-01-01,SWE,1757.25
2009-01-01,COL,1756.99
2009-01-01,SCO,1725.38
2009-01-01,ECU,1723.0
2009-01-01,JAM,1720.26
2009-01-01,TUN,1705.32
2009-01-01,NOR,1700.53
2009-01-01,RSA,1673.22
2009-01-01,NZL,1668.7
2009-01-01,BEL,1651.93
2009-01-01,SEN,1641.36
2009-01-01,AUT,1629.27
2009-01-01,QAT,1621.12
2009-01-01,UZB,1619.28
2009-01-01,IRQ,1615.44
2009-01-01,BIH,1605.49
2009-01-01,CAN,1594.53
2009-01-01,PAN,1571.91
2009-01-01,JOR,1569.01
2009-01-01,ALG,1552.85
2009-01-01,COD,1528.99
2009-01-01,HAI,1509.64
2009-01-01,CPV,1414.78
2009-01-01,CUW,1348.32
2009-04-01,ESP,2149.76
2009-04-01,BRA,2047.42
2009-04-01,NED,2033.52
2009-04-01,ARG,2019.45
2009-04-01,ENG,2000.01
2009-04-01,GER,1989.94
2009-04-01,ITA,1976.75
2009-04-01,CRO,1923.52
2009-04-01,FRA,1915.95
2009-04-01,USA,1881.68
2009-04-01,URU,1872.88
2009-04-01,JPN,1858.28
2009-04-01,MEX,1855.01
2009-04-01,POR,1852.93
2009-04-01,SUI,1839.3
2009-04-01,CZE,1837.95
2009-04-01,TUR,1829.7
2009-04-01,EGY,1825.01
2009-04-01,PAR,1816.19
2009-04-01,AUS,1812.72
2009-04-01,IRN,1812.34
2009-04-01,KOR,1801.66
2009-04-01,KSA,1797.1
2009-04-01,GHA,1784.22
2009-04-01,SWE,1783.19
2009-04-01,CIV,1776.79
2009-04-01,MAR,1753.06
2009-04-01,COL,1751.97
2009-04-01,ECU,1734.21
2009-04-01,TUN,1722.98
2009-04-01,JAM,1722.81
2009-04-01,SCO,1717.46
2009-04-01,NOR,1708.76
2009-04-01,RSA,1670.99
2009-04-01,BEL,1644.37
2009-04-01,NZL,1642.45
2009-04-01,UZB,1641.93
2009-04-01,BIH,1632.18
2009-04-01,SEN,1625.72
2009-04-01,QAT,1617.77
2009-04-01,AUT,1615.22
2009-04-01,PAN,1611.29
2009-04-01,CAN,1594.53
2009-04-01,IRQ,1576.51
2009-04-01,ALG,1559.65
2009-04-01,JOR,1553.06
2009-04-01,COD,1528.99
2009-04-01,HAI,1469.35
2009-04-01,CPV,1458.81
2009-04-01,CUW,1348.32
2009-07-01,ESP,2125.88
2009-07-01,BRA,2115.52
2009-07-01,NED,2044.9
2009-07-01,ENG,2010.65
2009-07-01,GER,1988.51
2009-07-01,ITA,1955.14
2009-07-01,ARG,1939.16
2009-07-01,CRO,1920.07
2009-07-01,FRA,1911.5
2009-07-01,USA,1903.23
2009-07-01,JPN,1872.93
2009-07-01,URU,1851.88
2009-07-01,AUS,1851.73
2009-07-01,POR,1844.29
2009-07-01,SUI,1843.61
2009-07-01,MEX,1826.28
2009-07-01,TUR,1817.79
2009-07-01,CZE,1816.19
2009-07-01,KOR,1814.25
2009-07-01,GHA,1809.93
2009-07-01,CIV,1805.46
2009-07-01,EGY,1793.77
2009-07-01,KSA,1790.8
2009-07-01,PAR,1783.57
2009-07-01,IRN,1783.18
2009-07-01,COL,1753.54
2009-07-01,SWE,1751.66
2009-07-01,ECU,1751.5
2009-07-01,TUN,1746.83
2009-07-01,MAR,1745.84
2009-07-01,SCO,1723.81
2009-07-01,JAM,1722.58
2009-07-01,NOR,1710.95
2009-07-01,RSA,1694.0
2009-07-01,BIH,1666.41
2009-07-01,QAT,1657.71
2009-07-01,SEN,1633.08
2009-07-01,CAN,1629.93
2009-07-01,AUT,1629.9
2009-07-01,BEL,1624.63
2009-07-01,ALG,1615.68
2009-07-01,UZB,1613.6
2009-07-01,NZL,1588.53
2009-07-01,PAN,1579.84
2009-07-01,IRQ,1575.09
2009-07-01,JOR,1547.93
2009-07-01,COD,1508.79
2009-07-01,HAI,1476.81
2009-07-01,CPV,1458.81
2009-07-01,CUW,1348.32
2009-10-01,BRA,2136.04
2009-10-01,ESP,2131.46
2009-10-01,NED,2061.34
2009-10-01,ENG,2035.88
2009-10-01,GER,1998.46
2009-10-01,ITA,1966.21
2009-10-01,ARG,1934.29
2009-10-01,CRO,1909.06
2009-10-01,FRA,1904.86
2009-10-01,MEX,1898.46
2009-10-01,USA,1887.5
2009-10-01,JPN,1872.08
2009-10-01,SUI,1854.91
2009-10-01,KOR,1853.51
2009-10-01,POR,1852.33
2009-10-01,AUS,1850.13
2009-10-01,TUR,1842.82
2009-10-01,URU,1823.78
2009-10-01,CZE,1821.25
2009-10-01,CIV,1812.3
2009-10-01,PAR,1800.25
2009-10-01,EGY,1795.02
2009-10-01,GHA,1793.77
2009-10-01,SWE,1775.21
2009-10-01,KSA,1774.02
2009-10-01,COL,1770.56
2009-10-01,TUN,1751.38
2009-10-01,IRN,1750.13
2009-10-01,ECU,1741.97
2009-10-01,NOR,1739.69
2009-10-01,MAR,1727.2
2009-10-01,JAM,1709.9
2009-10-01,SCO,1708.0
2009-10-01,BIH,1671.66
2009-10-01,RSA,1668.29
2009-10-01,QAT,1661.68
2009-10-01,CAN,1659.55
2009-10-01,ALG,1649.18
2009-10-01,SEN,1639.12
2009-10-01,AUT,1629.11
2009-10-01,UZB,1619.42
2009-10-01,NZL,1607.94
2009-10-01,IRQ,1595.97
2009-10-01,BEL,1587.17
2009-10-01,PAN,1578.38
2009-10-01,JOR,1521.16
2009-10-01,COD,1498.94
2009-10-01,HAI,1497.18
2009-10-01,CPV,1475.77
2009-10-01,CUW,1348.32
2010-01-01,ESP,2146.09
2010-01-01,BRA,2111.92
2010-01-01,NED,2038.81
2010-01-01,ENG,2005.36
2010-01-01,GER,1990.62
2010-01-01,ITA,1974.33
2010-01-01,FRA,1919.97
2010-01-01,CRO,1917.27
2010-01-01,ARG,1904.85
2010-01-01,MEX,1896.76
2010-01-01,JPN,1887.91
2010-01-01,POR,1881.05
2010-01-01,AUS,1878.25
2010-01-01,KOR,1845.37
2010-01-01,USA,1844.71
2010-01-01,URU,1834.12
2010-01-01,SUI,1831.43
2010-01-01,CIV,1819.44
2010-01-01,TUR,1810.56
2010-01-01,EGY,1790.26
2010-01-01,KSA,1781.37
2010-01-01,COL,1778.45
2010-01-01,CZE,1776.71
2010-01-01,NOR,1770.81
2010-01-01,SWE,1766.52
2010-01-01,GHA,1754.79
2010-01-01,PAR,1754.63
2010-01-01,ECU,1720.43
2010-01-01,TUN,1718.77
2010-01-01,JAM,1706.69
2010-01-01,IRN,1694.46
2010-01-01,MAR,1682.88
2010-01-01,ALG,1666.93
2010-01-01,SCO,1665.45
2010-01-01,BIH,1664.08
2010-01-01,BEL,1647.38
2010-01-01,QAT,1639.5
2010-01-01,RSA,1637.75
2010-01-01,UZB,1637.63
2010-01-01,NZL,1634.85
2010-01-01,AUT,1631.24
2010-01-01,SEN,1628.98
2010-01-01,IRQ,1616.48
2010-01-01,CAN,1615.42
2010-01-01,PAN,1578.38
2010-01-01,JOR,1510.12
2010-01-01,COD,1504.63
2010-01-01,HAI,1497.18
2010-01-01,CPV,1475.77
2010-01-01,CUW,1315.64
2010-04-01,ESP,2155.71
2010-04-01,BRA,2118.5
2010-04-01,NED,2045.61
2010-04-01,ENG,2022.68
2010-04-01,GER,1972.67
2010-04-01,ITA,1966.19
2010-04-01,ARG,1939.34
2010-04-01,CRO,1922.51
2010-04-01,FRA,1910.34
2010-04-01,EGY,1906.6
2010-04-01,MEX,1906.01
2010-04-01,POR,1893.47
2010-04-01,AUS,1870.56
2010-04-01,JPN,1862.57
2010-04-01,URU,1856.45
2010-04-01,KOR,1842.81
2010-04-01,TUR,1834.11
2010-04-01,USA,1818.97
2010-04-01,SUI,1809.1
2010-04-01,SWE,1784.95
2010-04-01,NOR,1782.03
2010-04-01,KSA,1781.37
2010-04-01,CIV,1780.21
2010-04-01,COL,1778.45
2010-04-01,CZE,1757.06
2010-04-01,PAR,1749.94
2010-04-01,GHA,1736.31
2010-04-01,IRN,1730.63
2010-04-01,ECU,1720.43
2010-04-01,JAM,1710.52
2010-04-01,TUN,1695.67
2010-04-01,SCO,1685.1
2010-04-01,BIH,1682.93
2010-04-01,MAR,1682.88
2010-04-01,SEN,1660.38
2010-04-01,AUT,1654.37
2010-04-01,RSA,1646.9
2010-04-01,BEL,1642.14
2010-04-01,NZL,1627.05
2010-04-01,UZB,1618.35
2010-04-01,IRQ,1616.48
2010-04-01,QAT,1615.77
2010-04-01,ALG,1615.56
2010-04-01,CAN,1604.28
2010-04-01,PAN,1596.46
2010-04-01,JOR,1506.19
2010-04-01,HAI,1498.45
2010-04-01,COD,1495.23
2010-04-01,CPV,1475.77
2010-04-01,CUW,1315.64
2010-07-01,ESP,2153.1
2010-07-01,BRA,2145.49
2010-07-01,NED,2103.94
2010-07-01,ARG,2053.59
2010-07-01,GER,2048.49
2010-07-01,URU,1965.98
2010-07-01,ENG,1958.72
2010-07-01,CRO,1923.43
2010-07-01,POR,1914.43
2010-07-01,EGY,1906.6
2010-07-01,MEX,1883.86
2010-07-01,ITA,1859.46
2010-07-01,AUS,1855.48
2010-07-01,JPN,1841.86
2010-07-01,TUR,1836.49
2010-07-01,CIV,1819.84
2010-07-01,USA,1818.34
2010-07-01,SUI,1818.07
2010-07-01,KOR,1810.25
2010-07-01,SWE,1809.85
2010-07-01,PAR,1807.51
2010-07-01,GHA,1804.92
2010-07-01,FRA,1804.2
2010-07-01,KSA,1784.97
2010-07-01,NOR,1776.27
2010-07-01,CZE,1772.54
2010-07-01,RSA,1766.34
2010-07-01,COL,1760.79
2010-07-01,IRN,1730.63
2010-07-01,TUN,1713.24
2010-07-01,ECU,1712.44
2010-07-01,SCO,1685.1
2010-07-01,JAM,1683.8
2010-07-01,MAR,1682.88
2010-07-01,NZL,1666.7
2010-07-01,BEL,1660.9
2010-07-01,BIH,1660.48
2010-07-01,AUT,1649.09
2010-07-01,SEN,1641.74
2010-07-01,IRQ,1616.48
2010-07-01,QAT,1615.77
2010-07-01,ALG,1606.31
2010-07-01,CAN,1603.98
2010-07-01,PAN,1596.46
2010-07-01,UZB,1583.41
2010-07-01,JOR,1506.19
2010-07-01,HAI,1494.33
2010-07-01,CPV,1488.28
2010-07-01,COD,1487.96
2010-07-01,CUW,1315.64
2010-10-01,ESP,2162.18
2010-10-01,BRA,2118.93
2010-10-01,NED,2117.43
2010-10-01,GER,2091.46
2010-10-01,ARG,2044.38
2010-10-01,ENG,1986.27
2010-10-01,URU,1924.41
2010-10-01,CRO,1912.74
2010-10-01,EGY,1897.16
2010-10-01,POR,1883.85
2010-10-01,MEX,1883.62
2010-10-01,TUR,1865.79
2010-10-01,JPN,1860.18
2010-10-01,ITA,1848.81
2010-10-01,CIV,1840.88
2010-10-01,SWE,1838.2
2010-10-01,AUS,1835.46
2010-10-01,NOR,1817.22
2010-10-01,SUI,1812.71
2010-10-01,USA,1811.33
2010-10-01,KOR,1804.74
2010-10-01,GHA,1803.13
2010-10-01,PAR,1800.24
2010-10-01,KSA,1789.38
2010-10-01,IRN,1788.02
2010-10-01,RSA,1787.35
2010-10-01,FRA,1783.55
2010-10-01,COL,1764.68
2010-10-01,CZE,1761.23
2010-10-01,ECU,1718.86
2010-10-01,JAM,1699.85
2010-10-01,TUN,1684.59
2010-10-01,MAR,1674.27
2010-10-01,NZL,1666.7
2010-10-01,SCO,1666.18
2010-10-01,SEN,1662.97
2010-10-01,PAN,1657.59
2010-10-01,AUT,1650.78
2010-10-01,BIH,1645.78
2010-10-01,BEL,1635.7
2010-10-01,QAT,1623.08
2010-10-01,IRQ,1618.9
2010-10-01,CAN,1602.95
2010-10-01,ALG,1587.82
2010-10-01,JOR,1575.13
2010-10-01,UZB,1565.77
2010-10-01,CPV,1499.33
2010-10-01,HAI,1494.33
2010-10-01,COD,1471.18
2010-10-01,CUW,1315.64
2011-01-01,NED,2131.51
2011-01-01,ESP,2119.45
2011-01-01,BRA,2113.53
2011-01-01,GER,2093.76
2011-01-01,ARG,2041.74
2011-01-01,ENG,1953.46
2011-01-01,POR,1950.16
2011-01-01,CRO,1932.23
2011-01-01,URU,1916.0
2011-01-01,JPN,1879.16
2011-01-01,MEX,1877.45
2011-01-01,EGY,1867.83
2011-01-01,ITA,1855.18
2011-01-01,SWE,1839.33
2011-01-01,NOR,1827.28
2011-01-01,FRA,1826.68
2011-01-01,AUS,1824.17
2011-01-01,TUR,1823.14
2011-01-01,USA,1819.22
2011-01-01,KOR,1814.95
2011-01-01,CIV,1811.42
2011-01-01,PAR,1807.63
2011-01-01,SUI,1807.38
2011-01-01,GHA,1790.69
2011-01-01,COL,1774.28
2011-01-01,CZE,1773.86
2011-01-01,IRN,1768.31
2011-01-01,RSA,1761.27
2011-01-01,KSA,1743.56
2011-01-01,JAM,1741.15
2011-01-01,ECU,1734.54
2011-01-01,SEN,1681.91
2011-01-01,BEL,1681.28
2011-01-01,MAR,1676.26
2011-01-01,TUN,1668.93
2011-01-01,IRQ,1667.0
2011-01-01,BIH,1664.84
2011-01-01,PAN,1661.07
2011-01-01,SCO,1658.58
2011-01-01,AUT,1653.81
2011-01-01,NZL,1652.96
2011-01-01,QAT,1618.26
2011-01-01,CAN,1612.54
2011-01-01,UZB,1583.5
2011-01-01,JOR,1560.29
2011-01-01,ALG,1539.37
2011-01-01,CPV,1506.62
2011-01-01,HAI,1492.73
2011-01-01,COD,1464.04
2011-01-01,CUW,1312.74
2011-04-01,NED,2140.56
2011-04-01,ESP,2128.68
2011-04-01,BRA,2092.25
2011-04-01,GER,2061.77
2011-04-01,ARG,2038.1
2011-04-01,ENG,1959.73
2011-04-01,POR,1943.95
2011-04-01,CRO,1914.76
2011-04-01,JPN,1906.15
2011-04-01,MEX,1897.52
2011-04-01,ITA,1894.23
2011-04-01,URU,1887.18
2011-04-01,EGY,1873.53
2011-04-01,KOR,1865.0
2011-04-01,AUS,1862.24
2011-04-01,FRA,1855.77
2011-04-01,SWE,1854.73
2011-04-01,TUR,1835.32
2011-04-01,CIV,1821.79
2011-04-01,USA,1815.66
2011-04-01,GHA,1809.4
2011-04-01,IRN,1809.04
2011-04-01,PAR,1807.04
2011-04-01,NOR,1806.8
2011-04-01,SUI,1789.9
2011-04-01,RSA,1785.9
2011-04-01,COL,1776.34
2011-04-01,CZE,1759.59
2011-04-01,JAM,1723.66
2011-04-01,SEN,1718.3
2011-04-01,ECU,1712.45
2011-04-01,BEL,1710.42
2011-04-01,PAN,1697.2
2011-04-01,KSA,1678.16
2011-04-01,SCO,1675.05
2011-04-01,BIH,1672.79
2011-04-01,MAR,1664.26
2011-04-01,QAT,1657.29
2011-04-01,NZL,1656.45
2011-04-01,TUN,1652.55
2011-04-01,CAN,1621.93
2011-04-01,IRQ,1620.32
2011-04-01,AUT,1619.23
2011-04-01,UZB,1610.07
2011-04-01,JOR,1596.62
2011-04-01,ALG,1560.32
2011-04-01,CPV,1537.04
2011-04-01,COD,1485.74
2011-04-01,HAI,1479.02
2011-04-01,CUW,1312.74
2011-07-01,ESP,2141.28
2011-07-01,NED,2129.0
2011-07-01,BRA,2097.73
2011-07-01,GER,2073.15
2011-07-01,ARG,1973.08
2011-07-01,POR,1953.31
2011-07-01,ENG,1952.93
2011-07-01,MEX,1925.2
2011-07-01,CRO,1917.85
2011-07-01,URU,1893.86
2011-07-01,JPN,1892.03
2011-07-01,KOR,1888.97
2011-07-01,FRA,1883.27
2011-07-01,ITA,1873.73
2011-07-01,SWE,1871.35
2011-07-01,EGY,1869.97
2011-07-01,AUS,1869.77
2011-07-01,TUR,1830.15
2011-07-01,CIV,1828.26
2011-07-01,PAR,1820.87
2011-07-01,USA,1819.0
2011-07-01,IRN,1809.04
2011-07-01,NOR,1803.95
2011-07-01,GHA,1801.81
2011-07-01,SUI,1796.7
2011-07-01,COL,1795.06
2011-07-01,RSA,1793.02
2011-07-01,CZE,1762.65
2011-07-01,JAM,1735.64
2011-07-01,ECU,1727.84
2011-07-01,BEL,1715.59
2011-07-01,PAN,1714.8
2011-07-01,MAR,1684.21
2011-07-01,SEN,1683.71
2011-07-01,SCO,1682.25
2011-07-01,KSA,1678.16
2011-07-01,BIH,1668.46
2011-07-01,TUN,1667.53
2011-07-01,QAT,1657.29
2011-07-01,CAN,1634.3
2011-07-01,NZL,1633.91
2011-07-01,AUT,1633.86
2011-07-01,IRQ,1603.21
2011-07-01,JOR,1596.62
2011-07-01,UZB,1591.03
2011-07-01,ALG,1540.37
2011-07-01,CPV,1514.02
2011-07-01,COD,1490.56
2011-07-01,HAI,1479.02
2011-07-01,CUW,1312.74
2011-10-01,NED,2131.49
2011-10-01,ESP,2124.63
2011-10-01,GER,2079.78
2011-10-01,BRA,2063.62
2011-10-01,URU,1979.48
2011-10-01,ENG,1965.44
2011-10-01,POR,1959.77
2011-10-01,ARG,1959.71
2011-10-01,CRO,1926.13
2011-10-01,JPN,1911.67
2011-10-01,ITA,1906.38
2011-10-01,AUS,1890.08
2011-10-01,FRA,1883.04
2011-10-01,SWE,1861.32
2011-10-01,KOR,1858.98
2011-10-01,MEX,1854.76
2011-10-01,PAR,1843.79
2011-10-01,CIV,1842.12
2011-10-01,EGY,1841.68
2011-10-01,TUR,1831.17
2011-10-01,COL,1820.67
2011-10-01,IRN,1815.59
2011-10-01,SUI,1812.58
2011-10-01,NOR,1804.17
2011-10-01,GHA,1797.59
2011-10-01,USA,1779.69
2011-10-01,RSA,1778.81
2011-10-01,ECU,1774.15
2011-10-01,CZE,1769.93
2011-10-01,BEL,1724.92
2011-10-01,SCO,1713.01
2011-10-01,PAN,1711.73
2011-10-01,BIH,1710.15
2011-10-01,MAR,1695.06
2011-10-01,JAM,1680.75
2011-10-01,TUN,1673.34
2011-10-01,SEN,1672.92
2011-10-01,KSA,1666.74
2011-10-01,JOR,1653.71
2011-10-01,CAN,1643.99
2011-10-01,NZL,1633.91
2011-10-01,UZB,1625.75
2011-10-01,AUT,1624.92
2011-10-01,IRQ,1603.08
2011-10-01,QAT,1592.28
2011-10-01,ALG,1535.2
2011-10-01,HAI,1496.97
2011-10-01,CPV,1491.42
2011-10-01,COD,1467.45
2011-10-01,CUW,1255.98
2012-01-01,GER,2110.2
2012-01-01,ESP,2098.35
2012-01-01,BRA,2086.01
2012-01-01,NED,2069.37
2012-01-01,URU,2010.07
2012-01-01,ENG,1987.25
2012-01-01,ARG,1954.57
2012-01-01,POR,1946.19
2012-01-01,CRO,1914.95
2012-01-01,ITA,1908.7
2012-01-01,JPN,1895.95
2012-01-01,FRA,1887.31
2012-01-01,AUS,1883.95
2012-01-01,MEX,1864.82
2012-01-01,SWE,1854.86
2012-01-01,CIV,1840.47
2012-01-01,KOR,1838.85
2012-01-01,EGY,1836.46
2012-01-01,IRN,1832.54
2012-01-01,ECU,1818.45
2012-01-01,COL,1812.46
2012-01-01,GHA,1810.57
2012-01-01,TUR,1809.67
2012-01-01,PAR,1807.88
2012-01-01,SUI,1805.64
2012-01-01,CZE,1801.04
2012-01-01,USA,1776.85
2012-01-01,NOR,1774.85
2012-01-01,BEL,1748.01
2012-01-01,RSA,1745.57
2012-01-01,PAN,1739.9
2012-01-01,SCO,1719.18
2012-01-01,BIH,1715.97
2012-01-01,TUN,1697.21
2012-01-01,MAR,1685.09
2012-01-01,KSA,1678.75
2012-01-01,SEN,1675.92
2012-01-01,IRQ,1675.05
2012-01-01,UZB,1665.94
2012-01-01,JAM,1664.17
2012-01-01,JOR,1652.03
2012-01-01,CAN,1640.72
2012-01-01,NZL,1633.91
2012-01-01,QAT,1623.97
2012-01-01,AUT,1622.87
2012-01-01,ALG,1566.39
2012-01-01,CPV,1507.6
2012-01-01,HAI,1495.81
2012-01-01,COD,1494.03
2012-01-01,CUW,1262.44
2012-04-01,ESP,2103.88
2012-04-01,BRA,2089.2
2012-04-01,GER,2086.71
2012-04-01,NED,2080.89
2012-04-01,URU,2000.26
2012-04-01,ENG,1975.73
2012-04-01,ARG,1967.98
2012-04-01,POR,1939.58
2012-04-01,FRA,1910.8
2012-04-01,AUS,1894.52
2012-04-01,ITA,1889.25
2012-04-01,SWE,1889.15
2012-04-01,CRO,1889.13
2012-04-01,CIV,1880.83
2012-04-01,JPN,1875.03
2012-04-01,KOR,1860.54
2012-04-01,PAR,1853.21
2012-04-01,MEX,1851.43
2012-04-01,EGY,1841.0
2012-04-01,COL,1839.17
2012-04-01,ECU,1832.89
2012-04-01,USA,1822.02
2012-04-01,IRN,1817.54
2012-04-01,CZE,1803.26
2012-04-01,SUI,1792.23
2012-04-01,NOR,1790.25
2012-04-01,TUR,1787.43
2012-04-01,BEL,1749.25
2012-04-01,GHA,1749.04
2012-04-01,RSA,1727.21
2012-04-01,SCO,1718.18
2012-04-01,PAN,1716.86
2012-04-01,BIH,1712.78
2012-04-01,JAM,1700.81
2012-04-01,TUN,1685.36
2012-04-01,KSA,1668.18
2012-04-01,IRQ,1665.32
2012-04-01,MAR,1659.35
2012-04-01,UZB,1646.15
2012-04-01,AUT,1645.6
2012-04-01,JOR,1643.41
2012-04-01,QAT,1631.8
2012-04-01,NZL,1621.24
2012-04-01,CAN,1610.8
2012-04-01,SEN,1586.75
2012-04-01,ALG,1576.74
2012-04-01,CPV,1523.59
2012-04-01,COD,1516.22
2012-04-01,HAI,1495.81
2012-04-01,CUW,1262.44
2012-07-01,ESP,2137.03
2012-07-01,GER,2073.05
2012-07-01,BRA,2053.01
2012-07-01,ENG,2006.04
2012-07-01,ARG,2004.32
2012-07-01,URU,1993.32
2012-07-01,POR,1967.97
2012-07-01,NED,1967.55
2012-07-01,ITA,1953.91
2012-07-01,MEX,1916.2
2012-07-01,CRO,1908.98
2012-07-01,JPN,1902.36
2012-07-01,SWE,1898.37
2012-07-01,FRA,1894.22
2012-07-01,CIV,1874.15
2012-07-01,KOR,1864.87
2012-07-01,AUS,1861.44
2012-07-01,TUR,1840.83
2012-07-01,COL,1834.38
2012-07-01,EGY,1831.78
2012-07-01,ECU,1831.72
2012-07-01,PAR,1820.93
2012-07-01,USA,1820.01
2012-07-01,SUI,1811.77
2012-07-01,IRN,1800.76
2012-07-01,CZE,1796.57
2012-07-01,NOR,1787.29
2012-07-01,PAN,1776.71
2012-07-01,BEL,1738.59
2012-07-01,GHA,1735.37
2012-07-01,RSA,1728.59
2012-07-01,TUN,1712.94
2012-07-01,KSA,1709.12
2012-07-01,SCO,1698.22
2012-07-01,BIH,1694.9
2012-07-01,JAM,1684.3
2012-07-01,AUT,1671.86
2012-07-01,IRQ,1667.35
2012-07-01,NZL,1648.36
2012-07-01,JOR,1646.93
2012-07-01,CAN,1630.32
2012-07-01,UZB,1628.87
2012-07-01,MAR,1616.74
2012-07-01,SEN,1613.4
2012-07-01,QAT,1609.47
2012-07-01,ALG,1608.57
2012-07-01,COD,1533.27
2012-07-01,CPV,1508.02
2012-07-01,HAI,1495.81
2012-07-01,CUW,1262.44
2012-10-01,ESP,2165.59
2012-10-01,BRA,2095.55
2012-10-01,GER,2050.39
2012-10-01,ARG,2018.52
2012-10-01,ENG,2010.69
2012-10-01,POR,1982.49
2012-10-01,NED,1958.12
2012-10-01,URU,1945.92
2012-10-01,MEX,1913.43
2012-10-01,FRA,1910.93
2012-10-01,ITA,1909.68
2012-10-01,JPN,1905.94
2012-10-01,COL,1897.88
2012-10-01,SWE,1896.54
2012-10-01,CIV,1882.07
2012-10-01,CRO,1880.65
2012-10-01,ECU,1873.74
2012-10-01,KOR,1864.84
2012-10-01,SUI,1863.01
2012-10-01,USA,1829.47
2012-10-01,EGY,1825.13
2012-10-01,AUS,1811.14
2012-10-01,TUR,1804.67
2012-10-01,BEL,1792.64
2012-10-01,CZE,1774.84
2012-10-01,PAR,1773.54
2012-10-01,IRN,1763.92
2012-10-01,PAN,1763.44
2012-10-01,NOR,1747.89
2012-10-01,BIH,1733.19
2012-10-01,RSA,1733.09
2012-10-01,SCO,1722.73
2012-10-01,JAM,1712.57
2012-10-01,GHA,1706.47
2012-10-01,TUN,1706.1
2012-10-01,AUT,1700.84
2012-10-01,NZL,1694.57
2012-10-01,JOR,1682.25
2012-10-01,IRQ,1676.27
2012-10-01,UZB,1657.8
2012-10-01,CAN,1653.12
2012-10-01,KSA,1646.12
2012-10-01,ALG,1626.46
2012-10-01,SEN,1605.19
2012-10-01,QAT,1587.42
2012-10-01,MAR,1569.57
2012-10-01,COD,1553.2
2012-10-01,HAI,1542.81
2012-10-01,CPV,1541.52
2012-10-01,CUW,1292.66
2013-01-01,ESP,2162.87
2013-01-01,BRA,2089.87
2013-01-01,ARG,2052.74
2013-01-01,GER,2051.46
2013-01-01,NED,1975.62
2013-01-01,ENG,1973.37
2013-01-01,POR,1938.8
2013-01-01,SWE,1932.59
2013-01-01,COL,1930.64
2013-01-01,MEX,1923.58
2013-01-01,FRA,1921.61
2013-01-01,ITA,1914.61
2013-01-01,JPN,1912.16
2013-01-01,CIV,1902.89
2013-01-01,URU,1896.33
2013-01-01,CRO,1893.32
2013-01-01,ECU,1889.15
2013-01-01,SUI,1873.01
2013-01-01,USA,1846.49
2013-01-01,AUS,1834.09
2013-01-01,KOR,1829.51
2013-01-01,BEL,1811.51
2013-01-01,EGY,1811.31
2013-01-01,CZE,1792.1
2013-01-01,PAR,1788.25
2013-01-01,NOR,1783.0
2013-01-01,TUR,1762.33
2013-01-01,IRN,1762.28
2013-01-01,BIH,1758.72
2013-01-01,PAN,1744.24
2013-01-01,NZL,1722.85
2013-01-01,TUN,1721.36
2013-01-01,GHA,1720.6
2013-01-01,RSA,1716.07
2013-01-01,SCO,1689.38
2013-01-01,UZB,1688.35
2013-01-01,AUT,1687.28
2013-01-01,IRQ,1664.87
2013-01-01,KSA,1657.37
2013-01-01,JAM,1652.26
2013-01-01,ALG,1640.1
2013-01-01,CAN,1633.94
2013-01-01,SEN,1591.34
2013-01-01,JOR,1582.83
2013-01-01,QAT,1574.47
2013-01-01,MAR,1567.56
2013-01-01,HAI,1559.55
2013-01-01,CPV,1523.64
2013-01-01,COD,1515.53
2013-01-01,CUW,1228.29
2013-04-01,ESP,2163.29
2013-04-01,GER,2063.88
2013-04-01,BRA,2057.51
2013-04-01,ARG,2056.11
2013-04-01,NED,1991.76
2013-04-01,ENG,1983.03
2013-04-01,CRO,1932.68
2013-04-01,ECU,1932.33
2013-04-01,ITA,1924.83
2013-04-01,COL,1916.16
2013-04-01,POR,1915.5
2013-04-01,FRA,1911.21
2013-04-01,SWE,1908.04
2013-04-01,MEX,1903.04
2013-04-01,JPN,1896.89
2013-04-01,CIV,1886.39
2013-04-01,SUI,1858.8
2013-04-01,URU,1857.02
2013-04-01,BEL,1838.39
2013-04-01,USA,1832.05
2013-04-01,KOR,1813.88
2013-04-01,AUS,1810.15
2013-04-01,BIH,1803.38
2013-04-01,CZE,1793.06
2013-04-01,PAN,1789.5
2013-04-01,PAR,1775.1
2013-04-01,IRN,1764.75
2013-04-01,GHA,1745.92
2013-04-01,NZL,1743.47
2013-04-01,NOR,1742.39
2013-04-01,TUR,1742.08
2013-04-01,EGY,1728.8
2013-04-01,RSA,1713.04
2013-04-01,IRQ,1685.99
2013-04-01,TUN,1684.21
2013-04-01,AUT,1679.94
2013-04-01,UZB,1664.64
2013-04-01,KSA,1661.08
2013-04-01,SCO,1660.86
2013-04-01,JOR,1657.35
2013-04-01,JAM,1647.11
2013-04-01,CAN,1614.12
2013-04-01,QAT,1604.57
2013-04-01,ALG,1601.4
2013-04-01,CPV,1574.78
2013-04-01,SEN,1563.76
2013-04-01,MAR,1560.7
2013-04-01,COD,1537.97
2013-04-01,HAI,1501.05
2013-04-01,CUW,1228.29
2013-07-01,ESP,2140.56
2013-07-01,BRA,2139.92
2013-07-01,GER,2053.52
2013-07-01,ARG,2047.41
2013-07-01,NED,2000.83
2013-07-01,ENG,1978.94
2013-07-01,POR,1944.48
2013-07-01,COL,1938.71
2013-07-01,ITA,1928.31
2013-07-01,ECU,1904.72
2013-07-01,CRO,1893.84
2013-07-01,URU,1892.34
2013-07-01,SWE,1890.07
2013-07-01,FRA,1878.73
2013-07-01,MEX,1878.19
2013-07-01,BEL,1870.23
2013-07-01,CIV,1869.19
2013-07-01,USA,1868.94
2013-07-01,SUI,1861.93
2013-07-01,AUS,1837.25
2013-07-01,JPN,1827.76
2013-07-01,BIH,1812.07
2013-07-01,CZE,1798.5
2013-07-01,KOR,1794.89
2013-07-01,GHA,1778.21
2013-07-01,IRN,1772.99
2013-07-01,PAR,1763.17
2013-07-01,NOR,1751.46
2013-07-01,NZL,1743.47
2013-07-01,PAN,1738.91
2013-07-01,EGY,1730.96
2013-07-01,AUT,1703.72
2013-07-01,TUR,1703.06
2013-07-01,RSA,1697.03
2013-07-01,UZB,1696.39
2013-07-01,SCO,1685.67
2013-07-01,JOR,1670.64
2013-07-01,TUN,1664.86
2013-07-01,KSA,1661.08
2013-07-01,ALG,1646.21
2013-07-01,IRQ,1633.86
2013-07-01,JAM,1613.96
2013-07-01,CAN,1603.99
2013-07-01,CPV,1598.42
2013-07-01,QAT,1596.06
2013-07-01,MAR,1584.55
2013-07-01,SEN,1581.07
2013-07-01,COD,1547.26
2013-07-01,HAI,1512.94
2013-07-01,CUW,1228.29
2013-10-01,ESP,2143.55
2013-10-01,BRA,2135.95
2013-10-01,ARG,2066.77
2013-10-01,GER,2049.76
2013-10-01,NED,1985.66
2013-10-01,ENG,1979.8
2013-10-01,URU,1947.74
2013-10-01,POR,1937.86
2013-10-01,COL,1933.54
2013-10-01,ITA,1933.41
2013-10-01,USA,1917.33
2013-10-01,SWE,1916.81
2013-10-01,CRO,1898.32
2013-10-01,SUI,1889.78
2013-10-01,BEL,1881.91
2013-10-01,FRA,1877.29
2013-10-01,ECU,1872.99
2013-10-01,JPN,1856.78
2013-10-01,MEX,1841.28
2013-10-01,CIV,1832.22
2013-10-01,AUS,1790.04
2013-10-01,BIH,1789.97
2013-10-01,PAR,1781.54
2013-10-01,KOR,1778.36
2013-10-01,EGY,1775.73
2013-10-01,PAN,1773.02
2013-10-01,IRN,1772.99
2013-10-01,CZE,1762.78
2013-10-01,GHA,1747.88
2013-10-01,TUR,1736.9
2013-10-01,NZL,1731.98
2013-10-01,NOR,1731.43
2013-10-01,AUT,1701.36
2013-10-01,TUN,1699.42
2013-10-01,UZB,1694.94
2013-10-01,RSA,1688.35
2013-10-01,SCO,1683.52
2013-10-01,JOR,1680.25
2013-10-01,ALG,1658.96
2013-10-01,JAM,1627.99
2013-10-01,IRQ,1620.78
2013-10-01,KSA,1619.69
2013-10-01,SEN,1600.56
2013-10-01,QAT,1596.97
2013-10-01,MAR,1579.9
2013-10-01,CPV,1578.57
2013-10-01,CAN,1551.08
2013-10-01,COD,1528.92
2013-10-01,HAI,1501.79
2013-10-01,CUW,1228.29
2014-01-01,BRA,2155.54
2014-01-01,ESP,2118.82
2014-01-01,GER,2077.31
2014-01-01,ARG,2054.84
2014-01-01,NED,1997.47
2014-01-01,COL,1961.91
2014-01-01,ENG,1958.22
2014-01-01,POR,1956.49
2014-01-01,URU,1953.09
2014-01-01,ITA,1916.05
2014-01-01,FRA,1914.36
2014-01-01,USA,1901.05
2014-01-01,SWE,1882.31
2014-01-01,SUI,1882.07
2014-01-01,ECU,1877.22
2014-01-01,MEX,1868.09
2014-01-01,BEL,1851.54
2014-01-01,CRO,1847.45
2014-01-01,CIV,1832.35
2014-01-01,JPN,1830.4
2014-01-01,IRN,1799.96
2014-01-01,KOR,1793.85
2014-01-01,AUS,1793.62
2014-01-01,BIH,1787.33
2014-01-01,CZE,1786.64
2014-01-01,EGY,1774.42
2014-01-01,PAR,1770.34
2014-01-01,GHA,1764.34
2014-01-01,TUR,1755.6
2014-01-01,PAN,1752.52
2014-01-01,SCO,1739.07
2014-01-01,AUT,1721.86
2014-01-01,UZB,1717.27
2014-01-01,RSA,1714.81
2014-01-01,JOR,1701.92
2014-01-01,NZL,1692.24
2014-01-01,TUN,1669.77
2014-01-01,NOR,1669.52
2014-01-01,ALG,1653.43
2014-01-01,QAT,1640.43
2014-01-01,KSA,1620.22
2014-01-01,IRQ,1601.08
2014-01-01,SEN,1600.44
2014-01-01,MAR,1584.44
2014-01-01,JAM,1583.86
2014-01-01,CPV,1564.77
2014-01-01,COD,1528.92
2014-01-01,CAN,1521.71
2014-01-01,HAI,1501.79
2014-01-01,CUW,1235.41
2014-04-01,BRA,2159.94
2014-04-01,ESP,2125.94
2014-04-01,GER,2087.34
2014-04-01,ARG,2044.77
2014-04-01,NED,1969.69
2014-04-01,POR,1966.89
2014-04-01,ENG,1965.55
2014-04-01,COL,1951.62
2014-04-01,URU,1944.36
2014-04-01,FRA,1942.14
2014-04-01,ITA,1908.92
2014-04-01,MEX,1891.36
2014-04-01,USA,1890.14
2014-04-01,ECU,1888.68
2014-04-01,SUI,1880.58
2014-04-01,SWE,1870.75
2014-04-01,BEL,1850.71
2014-04-01,CRO,1848.94
2014-04-01,JPN,1844.4
2014-04-01,CIV,1833.18
2014-04-01,EGY,1797.76
2014-04-01,KOR,1796.93
2014-04-01,IRN,1785.57
2014-04-01,AUS,1782.17
2014-04-01,CZE,1781.1
2014-04-01,TUR,1776.18
2014-04-01,PAR,1770.34
2014-04-01,BIH,1763.99
2014-04-01,SCO,1753.68
2014-04-01,PAN,1752.52
2014-04-01,GHA,1747.33
2014-04-01,AUT,1730.59
2014-04-01,UZB,1720.48
2014-04-01,JOR,1713.57
2014-04-01,RSA,1710.41
2014-04-01,QAT,1691.29
2014-04-01,TUN,1680.06
2014-04-01,ALG,1679.0
2014-04-01,NZL,1678.24
2014-04-01,NOR,1657.5
2014-04-01,IRQ,1655.35
2014-04-01,KSA,1627.35
2014-04-01,SEN,1600.0
2014-04-01,JAM,1590.71
2014-04-01,MAR,1583.49
2014-04-01,CPV,1554.89
2014-04-01,COD,1528.92
2014-04-01,CAN,1521.71
2014-04-01,HAI,1503.2
2014-04-01,CUW,1235.41
2014-07-01,BRA,2152.92
2014-07-01,NED,2124.75
2014-07-01,GER,2111.95
2014-07-01,ARG,2086.34
2014-07-01,COL,2067.0
2014-07-01,FRA,2028.85
2014-07-01,ESP,2014.94
2014-07-01,POR,1958.07
2014-07-01,BEL,1941.44
2014-07-01,MEX,1940.82
2014-07-01,USA,1914.73
2014-07-01,URU,1910.85
2014-07-01,SUI,1904.69
2014-07-01,ENG,1888.52
2014-07-01,ECU,1875.8
2014-07-01,ITA,1857.54
2014-07-01,CRO,1844.25
2014-07-01,SWE,1828.47
2014-07-01,BIH,1808.07
2014-07-01,JPN,1803.84
2014-07-01,CIV,1803.3
2014-07-01,TUR,1790.61
2014-07-01,EGY,1789.4
2014-07-01,PAR,1789.34
2014-07-01,CZE,1760.66
2014-07-01,GHA,1759.76
2014-07-01,SCO,1756.39
2014-07-01,ALG,1753.14
2014-07-01,PAN,1747.6
2014-07-01,AUT,1740.99
2014-07-01,IRN,1725.08
2014-07-01,AUS,1716.2
2014-07-01,RSA,1711.95
2014-07-01,KOR,1692.54
2014-07-01,TUN,1691.92
2014-07-01,UZB,1688.85
2014-07-01,QAT,1687.03
2014-07-01,NZL,1679.76
2014-07-01,JOR,1659.64
2014-07-01,NOR,1657.59
2014-07-01,IRQ,1655.35
2014-07-01,SEN,1627.39
2014-07-01,JAM,1579.67
2014-07-01,KSA,1559.79
2014-07-01,CPV,1554.89
2014-07-01,MAR,1553.08
2014-07-01,COD,1528.92
2014-07-01,CAN,1526.26
2014-07-01,HAI,1503.2
2014-07-01,CUW,1235.41
2014-10-01,GER,2200.32
2014-10-01,ARG,2127.59
2014-10-01,NED,2093.48
2014-10-01,BRA,2066.89
2014-10-01,COL,2029.62
2014-10-01,FRA,2013.16
2014-10-01,ESP,2004.21
2014-10-01,BEL,1959.37
2014-10-01,MEX,1947.49
2014-10-01,URU,1933.55
2014-10-01,POR,1931.18
2014-10-01,ENG,1917.05
2014-10-01,ITA,1904.82
2014-10-01,USA,1896.81
2014-10-01,ECU,1875.8
2014-10-01,SUI,1866.97
2014-10-01,CRO,1850.41
2014-10-01,SWE,1831.81
2014-10-01,PAR,1787.99
2014-10-01,JPN,1784.45
2014-10-01,BIH,1782.91
2014-10-01,CZE,1777.69
2014-10-01,CIV,1770.84
2014-10-01,ALG,1767.07
2014-10-01,TUR,1763.53
2014-10-01,GHA,1756.58
2014-10-01,SCO,1754.2
2014-10-01,AUT,1744.99
2014-10-01,EGY,1744.38
2014-10-01,PAN,1739.23
2014-10-01,IRN,1725.08
2014-10-01,UZB,1724.07
2014-10-01,RSA,1722.52
2014-10-01,TUN,1717.67
2014-10-01,AUS,1715.91
2014-10-01,KOR,1710.38
2014-10-01,SEN,1673.37
2014-10-01,NZL,1658.77
2014-10-01,QAT,1655.49
2014-10-01,NOR,1646.95
2014-10-01,JOR,1640.41
2014-10-01,IRQ,1638.61
2014-10-01,MAR,1587.75
2014-10-01,CPV,1586.47
2014-10-01,JAM,1579.67
2014-10-01,KSA,1550.79
2014-10-01,COD,1532.58
2014-10-01,CAN,1526.26
2014-10-01,HAI,1501.56
2014-10-01,CUW,1264.63
2015-01-01,GER,2156.63
2015-01-01,BRA,2111.85
2015-01-01,ARG,2086.18
2015-01-01,COL,2042.01
2015-01-01,NED,2036.35
2015-01-01,FRA,2023.73
2015-01-01,ESP,1978.06
2015-01-01,POR,1953.36
2015-01-01,BEL,1950.11
2015-01-01,URU,1947.86
2015-01-01,MEX,1947.08
2015-01-01,ENG,1942.75
2015-01-01,ITA,1912.47
2015-01-01,ECU,1875.8
2015-01-01,CRO,1861.76
2015-01-01,SUI,1848.35
2015-01-01,USA,1844.82
2015-01-01,SWE,1818.72
2015-01-01,JPN,1814.39
2015-01-01,CZE,1807.75
2015-01-01,AUT,1775.22
2015-01-01,SCO,1765.58
2015-01-01,RSA,1754.11
2015-01-01,QAT,1753.18
2015-01-01,BIH,1751.14
2015-01-01,GHA,1750.72
2015-01-01,ALG,1748.13
2015-01-01,PAR,1744.11
2015-01-01,UZB,1741.74
2015-01-01,TUR,1741.04
2015-01-01,IRN,1740.48
2015-01-01,TUN,1736.21
2015-01-01,CIV,1728.68
2015-01-01,EGY,1727.2
2015-01-01,PAN,1724.3
2015-01-01,KOR,1718.94
2015-01-01,SEN,1695.13
2015-01-01,AUS,1691.42
2015-01-01,NOR,1657.51
2015-01-01,MAR,1643.27
2015-01-01,NZL,1629.78
2015-01-01,KSA,1599.13
2015-01-01,IRQ,1595.49
2015-01-01,JAM,1575.45
2015-01-01,JOR,1575.36
2015-01-01,CPV,1569.78
2015-01-01,COD,1557.12
2015-01-01,HAI,1538.38
2015-01-01,CAN,1534.24
2015-01-01,CUW,1264.07
2015-04-01,GER,2146.26
2015-04-01,BRA,2137.25
2015-04-01,ARG,2095.39
2015-04-01,COL,2049.96
2015-04-01,NED,2046.07
2015-04-01,FRA,2016.12
2015-04-01,ESP,1968.54
2015-04-01,BEL,1958.86
2015-04-01,URU,1952.29
2015-04-01,MEX,1947.08
2015-04-01,ENG,1944.75
2015-04-01,POR,1920.85
2015-04-01,ITA,1904.51
2015-04-01,CRO,1875.03
2015-04-01,ECU,1868.99
2015-04-01,JPN,1867.14
2015-04-01,SUI,1855.19
2015-04-01,SWE,1842.27
2015-04-01,USA,1833.32
2015-04-01,CIV,1799.04
2015-04-01,IRN,1798.09
2015-04-01,KOR,1791.03
2015-04-01,GHA,1789.23
2015-04-01,AUS,1786.62
2015-04-01,SCO,1782.85
2015-04-01,CZE,1781.76
2015-04-01,AUT,1776.7
2015-04-01,TUR,1753.61
2015-04-01,BIH,1753.36
2015-04-01,ALG,1752.67
2015-04-01,PAR,1744.11
2015-04-01,PAN,1742.42
2015-04-01,EGY,1737.27
2015-04-01,SEN,1734.5
2015-04-01,QAT,1723.93
2015-04-01,RSA,1715.79
2015-04-01,UZB,1712.04
2015-04-01,TUN,1679.7
2015-04-01,NOR,1644.24
2015-04-01,MAR,1638.84
2015-04-01,CPV,1631.93
2015-04-01,IRQ,1623.03
2015-04-01,NZL,1620.97
2015-04-01,KSA,1602.27
2015-04-01,JAM,1597.43
2015-04-01,COD,1560.3
2015-04-01,CAN,1546.79
2015-04-01,HAI,1545.92
2015-04-01,JOR,1533.82
2015-04-01,CUW,1292.77
2015-07-01,GER,2123.59
2015-07-01,ARG,2110.23
2015-07-01,BRA,2105.13
2015-07-01,COL,2037.12
2015-07-01,NED,2026.15
2015-07-01,ESP,1982.72
2015-07-01,FRA,1972.64
2015-07-01,BEL,1951.64
2015-07-01,ENG,1944.21
2015-07-01,POR,1938.02
2015-07-01,URU,1913.71
2015-07-01,USA,1909.72
2015-07-01,ITA,1889.38
2015-07-01,CRO,1882.16
2015-07-01,MEX,1865.31
2015-07-01,JPN,1864.73
2015-07-01,SUI,1859.2
2015-07-01,ECU,1845.98
2015-07-01,SWE,1845.25
2015-07-01,KOR,1815.87
2015-07-01,IRN,1796.74
2015-07-01,SCO,1796.03
2015-07-01,AUT,1794.15
2015-07-01,CIV,1789.02
2015-07-01,AUS,1787.87
2015-07-01,PAR,1787.18
2015-07-01,TUR,1777.62
2015-07-01,BIH,1771.25
2015-07-01,CZE,1762.16
2015-07-01,ALG,1754.7
2015-07-01,EGY,1747.6
2015-07-01,SEN,1741.09
2015-07-01,GHA,1733.92
2015-07-01,PAN,1728.59
2015-07-01,QAT,1706.21
2015-07-01,TUN,1681.0
2015-07-01,RSA,1674.15
2015-07-01,UZB,1671.34
2015-07-01,MAR,1650.99
2015-07-01,NOR,1645.49
2015-07-01,CPV,1638.64
2015-07-01,NZL,1620.97
2015-07-01,IRQ,1611.95
2015-07-01,KSA,1611.55
2015-07-01,JOR,1580.27
2015-07-01,JAM,1575.6
2015-07-01,COD,1574.49
2015-07-01,CAN,1558.16
2015-07-01,HAI,1545.92
2015-07-01,CUW,1332.54
2015-10-01,GER,2133.42
2015-10-01,BRA,2121.57
2015-10-01,ARG,2100.31
2015-10-01,COL,2029.19
2015-10-01,ESP,1996.96
2015-10-01,FRA,1992.52
2015-10-01,BEL,1964.97
2015-10-01,ENG,1962.05
2015-10-01,NED,1958.4
2015-10-01,POR,1931.04
2015-10-01,URU,1913.71
2015-10-01,ITA,1895.69
2015-10-01,MEX,1885.14
2015-10-01,USA,1884.61
2015-10-01,ECU,1857.24
2015-10-01,SUI,1848.63
2015-10-01,JPN,1837.94
2015-10-01,CRO,1835.46
2015-10-01,KOR,1832.31
2015-10-01,AUT,1826.14
2015-10-01,TUR,1809.63
2015-10-01,IRN,1801.1
2015-10-01,SWE,1800.39
2015-10-01,AUS,1795.09
2015-10-01,CIV,1776.79
2015-10-01,CZE,1772.42
2015-10-01,SCO,1768.28
2015-10-01,BIH,1760.5
2015-10-01,ALG,1757.6
2015-10-01,EGY,1747.6
2015-10-01,PAR,1747.35
2015-10-01,GHA,1747.0
2015-10-01,SEN,1728.81
2015-10-01,QAT,1718.25
2015-10-01,PAN,1717.7
2015-10-01,NOR,1694.64
2015-10-01,UZB,1687.64
2015-10-01,TUN,1656.07
2015-10-01,MAR,1655.83
2015-10-01,RSA,1654.48
2015-10-01,CPV,1650.6
2015-10-01,JAM,1624.2
2015-10-01,IRQ,1623.03
2015-10-01,KSA,1621.87
2015-10-01,NZL,1608.83
2015-10-01,JOR,1574.27
2015-10-01,HAI,1573.07
2015-10-01,CAN,1561.05
2015-10-01,COD,1537.48
2015-10-01,CUW,1320.79
2016-01-01,BRA,2105.53
2016-01-01,GER,2080.11
2016-01-01,ARG,2068.54
2016-01-01,ESP,2027.83
2016-01-01,FRA,2004.26
2016-01-01,COL,1995.58
2016-01-01,BEL,1989.82
2016-01-01,ENG,1976.62
2016-01-01,URU,1974.88
2016-01-01,NED,1943.54
2016-01-01,POR,1930.57
2016-01-01,ECU,1927.11
2016-01-01,MEX,1914.75
2016-01-01,ITA,1885.32
2016-01-01,USA,1873.03
2016-01-01,CRO,1872.05
2016-01-01,KOR,1852.13
2016-01-01,SUI,1851.17
2016-01-01,JPN,1848.27
2016-01-01,TUR,1842.26
2016-01-01,AUT,1820.41
2016-01-01,SWE,1817.03
2016-01-01,IRN,1801.71
2016-01-01,CIV,1796.68
2016-01-01,CZE,1781.0
2016-01-01,SCO,1779.76
2016-01-01,BIH,1768.96
2016-01-01,PAR,1768.67
2016-01-01,AUS,1765.86
2016-01-01,ALG,1746.33
2016-01-01,EGY,1743.65
2016-01-01,GHA,1734.33
2016-01-01,UZB,1731.09
2016-01-01,QAT,1725.59
2016-01-01,PAN,1721.71
2016-01-01,SEN,1709.97
2016-01-01,RSA,1680.99
2016-01-01,NOR,1665.47
2016-01-01,TUN,1663.29
2016-01-01,CPV,1645.03
2016-01-01,KSA,1636.76
2016-01-01,MAR,1633.17
2016-01-01,JOR,1627.74
2016-01-01,NZL,1624.73
2016-01-01,COD,1620.7
2016-01-01,JAM,1610.18
2016-01-01,IRQ,1590.29
2016-01-01,CAN,1579.57
2016-01-01,HAI,1552.98
2016-01-01,CUW,1320.79
2016-04-01,BRA,2089.14
2016-04-01,ARG,2085.38
2016-04-01,GER,2075.13
2016-04-01,FRA,2029.03
2016-04-01,COL,2016.57
2016-04-01,ESP,2013.98
2016-04-01,URU,1988.78
2016-04-01,ENG,1978.19
2016-04-01,BEL,1971.22
2016-04-01,NED,1948.9
2016-04-01,MEX,1926.75
2016-04-01,POR,1923.43
2016-04-01,ECU,1903.2
2016-04-01,ITA,1876.79
2016-04-01,CRO,1875.66
2016-04-01,TUR,1870.29
2016-04-01,JPN,1861.25
2016-04-01,KOR,1861.13
2016-04-01,USA,1849.9
2016-04-01,AUT,1815.86
2016-04-01,IRN,1815.28
2016-04-01,SUI,1809.87
2016-04-01,SCO,1808.63
2016-04-01,SWE,1807.45
2016-04-01,BIH,1799.83
2016-04-01,AUS,1792.02
2016-04-01,CIV,1786.53
2016-04-01,PAR,1786.07
2016-04-01,CZE,1767.81
2016-04-01,EGY,1757.16
2016-04-01,UZB,1753.55
2016-04-01,ALG,1742.23
2016-04-01,PAN,1732.22
2016-04-01,GHA,1731.36
2016-04-01,SEN,1720.57
2016-04-01,QAT,1707.12
2016-04-01,NOR,1681.99
2016-04-01,RSA,1679.39
2016-04-01,MAR,1669.94
2016-04-01,TUN,1661.67
2016-04-01,KSA,1647.22
2016-04-01,JOR,1632.5
2016-04-01,COD,1628.34
2016-04-01,NZL,1624.73
2016-04-01,CPV,1608.26
2016-04-01,JAM,1605.23
2016-04-01,IRQ,1585.59
2016-04-01,HAI,1568.59
2016-04-01,CAN,1567.58
2016-04-01,CUW,1323.27
2016-07-01,ARG,2148.8
2016-07-01,GER,2081.14
2016-07-01,FRA,2058.16
2016-07-01,BRA,2042.34
2016-07-01,BEL,1998.72
2016-07-01,COL,1988.13
2016-07-01,NED,1971.79
2016-07-01,ITA,1970.07
2016-07-01,ESP,1964.06
2016-07-01,ENG,1950.92
2016-07-01,MEX,1922.35
2016-07-01,POR,1920.0
2016-07-01,URU,1919.01
2016-07-01,CRO,1901.17
2016-07-01,ECU,1894.08
2016-07-01,USA,1879.89
2016-07-01,KOR,1856.94
2016-07-01,JPN,1856.88
2016-07-01,TUR,1856.03
2016-07-01,SUI,1839.91
2016-07-01,IRN,1826.21
2016-07-01,BIH,1806.81
2016-07-01,SWE,1790.3
2016-07-01,CIV,1789.8
2016-07-01,SCO,1785.79
2016-07-01,AUS,1773.2
2016-07-01,EGY,1762.44
2016-07-01,PAR,1753.86
2016-07-01,ALG,1744.2
2016-07-01,CZE,1743.93
2016-07-01,AUT,1738.29
2016-07-01,PAN,1737.06
2016-07-01,SEN,1736.61
2016-07-01,GHA,1734.48
2016-07-01,UZB,1731.04
2016-07-01,RSA,1691.9
2016-07-01,QAT,1682.74
2016-07-01,NZL,1681.27
2016-07-01,NOR,1681.11
2016-07-01,MAR,1680.28
2016-07-01,TUN,1662.58
2016-07-01,KSA,1647.22
2016-07-01,JOR,1635.13
2016-07-01,COD,1620.86
2016-07-01,CPV,1612.0
2016-07-01,IRQ,1585.59
2016-07-01,CAN,1585.08
2016-07-01,JAM,1564.36
2016-07-01,HAI,1543.78
2016-07-01,CUW,1369.31
2016-10-01,ARG,2142.19
2016-10-01,FRA,2076.67
2016-10-01,BRA,2070.36
2016-10-01,GER,2044.29
2016-10-01,ESP,1985.93
2016-10-01,COL,1983.39
2016-10-01,ITA,1966.69
2016-10-01,ENG,1960.82
2016-10-01,POR,1955.66
2016-10-01,NED,1939.87
2016-10-01,URU,1930.6
2016-10-01,BEL,1923.2
2016-10-01,MEX,1916.85
2016-10-01,CRO,1899.04
2016-10-01,USA,1891.36
2016-10-01,SUI,1871.41
2016-10-01,ECU,1864.49
2016-10-01,KOR,1855.32
2016-10-01,TUR,1853.58
2016-10-01,JPN,1843.96
2016-10-01,IRN,1835.57
2016-10-01,BIH,1818.36
2016-10-01,SWE,1796.61
2016-10-01,AUS,1794.65
2016-10-01,SCO,1789.46
2016-10-01,CIV,1778.09
2016-10-01,UZB,1765.94
2016-10-01,PAR,1762.46
2016-10-01,CZE,1755.86
2016-10-01,ALG,1749.57
2016-10-01,AUT,1746.4
2016-10-01,SEN,1745.51
2016-10-01,EGY,1737.73
2016-10-01,PAN,1731.7
2016-10-01,QAT,1711.14
2016-10-01,GHA,1710.45
2016-10-01,RSA,1700.43
2016-10-01,MAR,1684.93
2016-10-01,NZL,1681.27
2016-10-01,TUN,1674.12
2016-10-01,KSA,1673.49
2016-10-01,NOR,1658.93
2016-10-01,COD,1631.31
2016-10-01,JOR,1615.83
2016-10-01,CPV,1594.76
2016-10-01,CAN,1591.86
2016-10-01,HAI,1562.13
2016-10-01,IRQ,1547.21
2016-10-01,JAM,1528.83
2016-10-01,CUW,1369.31
2017-01-01,BRA,2119.28
2017-01-01,ARG,2098.12
2017-01-01,FRA,2084.42
2017-01-01,GER,2054.1
2017-01-01,ESP,1994.7
2017-01-01,ITA,1973.99
2017-01-01,COL,1970.88
2017-01-01,ENG,1965.44
2017-01-01,POR,1961.7
2017-01-01,BEL,1951.71
2017-01-01,NED,1941.03
2017-01-01,URU,1940.65
2017-01-01,CRO,1936.36
2017-01-01,MEX,1935.9
2017-01-01,ECU,1896.71
2017-01-01,SUI,1883.64
2017-01-01,KOR,1868.58
2017-01-01,JPN,1865.05
2017-01-01,IRN,1859.12
2017-01-01,USA,1850.97
2017-01-01,TUR,1829.59
2017-01-01,SWE,1807.61
2017-01-01,BIH,1799.79
2017-01-01,CIV,1789.48
2017-01-01,AUS,1783.13
2017-01-01,UZB,1769.01
2017-01-01,EGY,1764.77
2017-01-01,SEN,1758.82
2017-01-01,CZE,1749.02
2017-01-01,PAN,1745.23
2017-01-01,PAR,1743.92
2017-01-01,SCO,1740.89
2017-01-01,AUT,1728.16
2017-01-01,QAT,1726.43
2017-01-01,ALG,1722.51
2017-01-01,MAR,1711.26
2017-01-01,KSA,1696.93
2017-01-01,NZL,1689.77
2017-01-01,GHA,1683.69
2017-01-01,RSA,1683.08
2017-01-01,TUN,1681.52
2017-01-01,COD,1648.96
2017-01-01,NOR,1626.69
2017-01-01,JOR,1599.09
2017-01-01,CAN,1577.58
2017-01-01,IRQ,1559.96
2017-01-01,CPV,1554.23
2017-01-01,HAI,1548.14
2017-01-01,JAM,1539.73
2017-01-01,CUW,1411.96
2017-04-01,BRA,2146.95
2017-04-01,ARG,2068.98
2017-04-01,GER,2067.28
2017-04-01,FRA,2057.17
2017-04-01,ESP,2029.04
2017-04-01,ITA,1992.36
2017-04-01,COL,1982.78
2017-04-01,MEX,1965.31
2017-04-01,ENG,1956.91
2017-04-01,POR,1952.11
2017-04-01,BEL,1934.46
2017-04-01,URU,1911.7
2017-04-01,CRO,1894.73
2017-04-01,NED,1890.79
2017-04-01,SUI,1886.75
2017-04-01,JPN,1886.16
2017-04-01,ECU,1868.57
2017-04-01,USA,1859.99
2017-04-01,KOR,1852.0
2017-04-01,IRN,1851.61
2017-04-01,TUR,1841.89
2017-04-01,SWE,1830.72
2017-04-01,BIH,1813.77
2017-04-01,SEN,1797.77
2017-04-01,AUS,1792.32
2017-04-01,EGY,1780.62
2017-04-01,CIV,1778.06
2017-04-01,PAR,1760.1
2017-04-01,CZE,1759.43
2017-04-01,UZB,1751.62
2017-04-01,PAN,1747.84
2017-04-01,SCO,1747.52
2017-04-01,MAR,1729.32
2017-04-01,AUT,1727.95
2017-04-01,KSA,1727.37
2017-04-01,NZL,1718.95
2017-04-01,ALG,1705.87
2017-04-01,RSA,1678.62
2017-04-01,QAT,1669.45
2017-04-01,GHA,1652.06
2017-04-01,COD,1642.18
2017-04-01,TUN,1636.97
2017-04-01,JOR,1628.54
2017-04-01,NOR,1608.03
2017-04-01,CAN,1599.79
2017-04-01,IRQ,1583.28
2017-04-01,HAI,1578.05
2017-04-01,CPV,1563.84
2017-04-01,JAM,1539.73
2017-04-01,CUW,1416.36
2017-07-01,BRA,2136.18
2017-07-01,ARG,2087.84
2017-07-01,GER,2086.98
2017-07-01,FRA,2053.55
2017-07-01,ESP,2028.96
2017-07-01,ITA,2011.52
2017-07-01,COL,1997.0
2017-07-01,POR,1978.04
2017-07-01,MEX,1958.99
2017-07-01,BEL,1947.81
2017-07-01,ENG,1937.77
2017-07-01,NED,1920.52
2017-07-01,SUI,1893.31
2017-07-01,CRO,1892.78
2017-07-01,IRN,1873.93
2017-07-01,ECU,1868.77
2017-07-01,JPN,1866.5
2017-07-01,USA,1865.49
2017-07-01,URU,1865.34
2017-07-01,SWE,1845.58
2017-07-01,TUR,1839.46
2017-07-01,KOR,1820.73
2017-07-01,BIH,1809.74
2017-07-01,SEN,1799.66
2017-07-01,AUS,1798.51
2017-07-01,EGY,1770.67
2017-07-01,SCO,1755.61
2017-07-01,PAN,1748.58
2017-07-01,UZB,1746.81
2017-07-01,CZE,1745.54
2017-07-01,PAR,1742.96
2017-07-01,AUT,1733.08
2017-07-01,CIV,1726.81
2017-07-01,ALG,1722.36
2017-07-01,KSA,1715.15
2017-07-01,MAR,1707.01
2017-07-01,QAT,1689.88
2017-07-01,RSA,1683.0
2017-07-01,COD,1663.79
2017-07-01,TUN,1658.25
2017-07-01,GHA,1657.27
2017-07-01,NZL,1654.84
2017-07-01,NOR,1622.89
2017-07-01,IRQ,1619.2
2017-07-01,CAN,1607.54
2017-07-01,JOR,1598.65
2017-07-01,HAI,1578.05
2017-07-01,CPV,1546.93
2017-07-01,JAM,1515.75
2017-07-01,CUW,1449.2
2017-10-01,BRA,2138.0
2017-10-01,GER,2106.79
2017-10-01,ARG,2067.93
2017-10-01,FRA,2056.92
2017-10-01,ESP,2054.47
2017-10-01,POR,1998.28
2017-10-01,COL,1993.46
2017-10-01,ITA,1989.44
2017-10-01,BEL,1956.46
2017-10-01,ENG,1950.08
2017-10-01,MEX,1927.81
2017-10-01,NED,1912.13
2017-10-01,SUI,1897.78
2017-10-01,URU,1884.85
2017-10-01,CRO,1877.5
2017-10-01,USA,1871.29
2017-10-01,IRN,1863.25
2017-10-01,JPN,1862.29
2017-10-01,ECU,1855.05
2017-10-01,SWE,1835.36
2017-10-01,TUR,1832.81
2017-10-01,KOR,1819.06
2017-10-01,BIH,1788.46
2017-10-01,AUS,1787.63
2017-10-01,SEN,1786.94
2017-10-01,PAR,1768.73
2017-10-01,SCO,1767.4
2017-10-01,PAN,1760.59
2017-10-01,EGY,1754.47
2017-10-01,UZB,1733.33
2017-10-01,MAR,1722.94
2017-10-01,KSA,1720.45
2017-10-01,CZE,1718.68
2017-10-01,AUT,1715.48
2017-10-01,CIV,1714.01
2017-10-01,TUN,1672.41
2017-10-01,ALG,1668.58
2017-10-01,NZL,1662.72
2017-10-01,GHA,1659.41
2017-10-01,QAT,1654.55
2017-10-01,IRQ,1650.64
2017-10-01,COD,1649.63
2017-10-01,CAN,1638.34
2017-10-01,RSA,1634.3
2017-10-01,NOR,1633.03
2017-10-01,JOR,1603.95
2017-10-01,CPV,1585.78
2017-10-01,JAM,1578.88
2017-10-01,HAI,1578.05
2017-10-01,CUW,1411.42
2018-01-01,BRA,2139.39
2018-01-01,GER,2105.41
2018-01-01,FRA,2071.72
2018-01-01,ESP,2064.84
2018-01-01,ARG,2038.63
2018-01-01,POR,2016.49
2018-01-01,BEL,1976.1
2018-01-01,ENG,1970.35
2018-01-01,NED,1958.74
2018-01-01,COL,1957.71
2018-01-01,ITA,1954.79
2018-01-01,MEX,1924.62
2018-01-01,SUI,1894.11
2018-01-01,CRO,1893.46
2018-01-01,IRN,1885.71
2018-01-01,USA,1870.11
2018-01-01,URU,1869.84
2018-01-01,SWE,1848.92
2018-01-01,ECU,1833.78
2018-01-01,JPN,1824.69
2018-01-01,KOR,1823.77
2018-01-01,SEN,1819.86
2018-01-01,AUS,1805.99
2018-01-01,BIH,1788.98
2018-01-01,MAR,1780.53
2018-01-01,PAR,1775.42
2018-01-01,SCO,1771.54
2018-01-01,AUT,1758.3
2018-01-01,PAN,1756.34
2018-01-01,EGY,1756.23
2018-01-01,CZE,1756.07
2018-01-01,TUR,1751.67
2018-01-01,UZB,1715.51
2018-01-01,ALG,1690.63
2018-01-01,GHA,1690.3
2018-01-01,CIV,1689.46
2018-01-01,TUN,1687.04
2018-01-01,COD,1677.66
2018-01-01,IRQ,1675.87
2018-01-01,KSA,1660.02
2018-01-01,NZL,1658.8
2018-01-01,RSA,1635.54
2018-01-01,NOR,1620.17
2018-01-01,CAN,1618.51
2018-01-01,QAT,1600.4
2018-01-01,JOR,1591.91
2018-01-01,HAI,1588.33
2018-01-01,JAM,1562.77
2018-01-01,CPV,1550.91
2018-01-01,CUW,1435.6
2018-04-01,BRA,2159.36
2018-04-01,ESP,2095.65
2018-04-01,GER,2090.49
2018-04-01,FRA,2060.57
2018-04-01,ARG,2026.74
2018-04-01,POR,1989.95
2018-04-01,BEL,1983.57
2018-04-01,ENG,1982.82
2018-04-01,NED,1976.26
2018-04-01,COL,1969.35
2018-04-01,ITA,1939.65
2018-04-01,MEX,1934.47
2018-04-01,SUI,1920.42
2018-04-01,URU,1897.46
2018-04-01,CRO,1893.42
2018-04-01,USA,1877.82
2018-04-01,IRN,1875.08
2018-04-01,ECU,1833.78
2018-04-01,SWE,1826.52
2018-04-01,SEN,1814.52
2018-04-01,MAR,1813.58
2018-04-01,JPN,1799.88
2018-04-01,BIH,1794.02
2018-04-01,KOR,1788.63
2018-04-01,AUT,1784.94
2018-04-01,AUS,1775.02
2018-04-01,SCO,1768.84
2018-04-01,PAR,1764.27
2018-04-01,TUR,1763.49
2018-04-01,CZE,1760.89
2018-04-01,EGY,1733.94
2018-04-01,TUN,1729.71
2018-04-01,PAN,1726.63
2018-04-01,UZB,1702.23
2018-04-01,ALG,1690.67
2018-04-01,GHA,1690.3
2018-04-01,CIV,1685.69
2018-04-01,IRQ,1681.61
2018-04-01,NOR,1674.59
2018-04-01,RSA,1645.73
2018-04-01,KSA,1642.71
2018-04-01,NZL,1642.07
2018-04-01,COD,1639.94
2018-04-01,CAN,1635.25
2018-04-01,QAT,1621.22
2018-04-01,HAI,1588.33
2018-04-01,JOR,1587.92
2018-04-01,JAM,1565.17
2018-04-01,CPV,1550.91
2018-04-01,CUW,1468.2
2018-07-01,BRA,2175.6
2018-07-01,FRA,2109.74
2018-07-01,ESP,2077.42
2018-07-01,BEL,2069.19
2018-07-01,URU,2007.17
2018-07-01,ENG,2000.66
2018-07-01,CRO,1999.56
2018-07-01,COL,1979.62
2018-07-01,NED,1968.3
2018-07-01,POR,1968.24
2018-07-01,GER,1964.03
2018-07-01,SUI,1961.15
2018-07-01,ARG,1942.56
2018-07-01,ITA,1932.36
2018-07-01,SWE,1912.03
2018-07-01,MEX,1895.19
2018-07-01,IRN,1889.17
2018-07-01,USA,1877.55
2018-07-01,ECU,1833.78
2018-07-01,SEN,1826.1
2018-07-01,AUT,1819.1
2018-07-01,MAR,1816.73
2018-07-01,BIH,1811.32
2018-07-01,KOR,1795.55
2018-07-01,JPN,1795.32
2018-07-01,TUR,1781.39
2018-07-01,AUS,1781.17
2018-07-01,SCO,1750.78
2018-07-01,CZE,1749.59
2018-07-01,PAR,1741.33
2018-07-01,TUN,1738.42
2018-07-01,GHA,1722.19
2018-07-01,NOR,1711.44
2018-07-01,CIV,1685.69
2018-07-01,UZB,1681.7
2018-07-01,IRQ,1676.28
2018-07-01,RSA,1667.0
2018-07-01,KSA,1659.89
2018-07-01,PAN,1656.23
2018-07-01,COD,1644.97
2018-07-01,EGY,1643.74
2018-07-01,ALG,1638.67
2018-07-01,CAN,1635.25
2018-07-01,NZL,1632.1
2018-07-01,QAT,1621.22
2018-07-01,JOR,1606.69
2018-07-01,JAM,1589.97
2018-07-01,HAI,1584.15
2018-07-01,CPV,1557.74
2018-07-01,CUW,1468.2
2018-10-01,FRA,2194.38
2018-10-01,BRA,2160.88
2018-10-01,BEL,2134.71
2018-10-01,ESP,2093.88
2018-10-01,URU,1994.34
2018-10-01,GER,1986.98
2018-10-01,COL,1986.14
2018-10-01,POR,1982.39
2018-10-01,NED,1976.26
2018-10-01,ENG,1971.6
2018-10-01,CRO,1963.63
2018-10-01,ARG,1949.59
2018-10-01,SUI,1927.92
2018-10-01,ITA,1915.25
2018-10-01,IRN,1896.11
2018-10-01,USA,1884.45
2018-10-01,SWE,1860.24
2018-10-01,ECU,1849.85
2018-10-01,MEX,1846.37
2018-10-01,BIH,1838.63
2018-10-01,AUT,1831.17
2018-10-01,KOR,1821.73
2018-10-01,MAR,1821.12
2018-10-01,SEN,1813.64
2018-10-01,JPN,1809.18
2018-10-01,TUR,1788.7
2018-10-01,AUS,1781.17
2018-10-01,SCO,1759.61
2018-10-01,TUN,1742.63
2018-10-01,PAR,1741.33
2018-10-01,CZE,1718.96
2018-10-01,NOR,1703.5
2018-10-01,GHA,1698.0
2018-10-01,CIV,1691.28
2018-10-01,IRQ,1685.56
2018-10-01,UZB,1673.62
2018-10-01,RSA,1661.73
2018-10-01,KSA,1658.34
2018-10-01,EGY,1658.13
2018-10-01,QAT,1655.0
2018-10-01,PAN,1639.6
2018-10-01,CAN,1637.84
2018-10-01,COD,1635.95
2018-10-01,NZL,1632.1
2018-10-01,ALG,1629.77
2018-10-01,HAI,1600.51
2018-10-01,JOR,1592.38
2018-10-01,JAM,1584.07
2018-10-01,CPV,1550.21
2018-10-01,CUW,1486.5
2019-01-01,BRA,2178.58
2019-01-01,FRA,2161.41
2019-01-01,BEL,2097.88
2019-01-01,ESP,2069.49
2019-01-01,NED,2039.28
2019-01-01,ENG,2023.3
2019-01-01,COL,2009.73
2019-01-01,POR,1989.22
2019-01-01,ARG,1982.13
2019-01-01,GER,1977.87
2019-01-01,CRO,1972.9
2019-01-01,SUI,1945.1
2019-01-01,ITA,1939.35
2019-01-01,URU,1937.85
2019-01-01,IRN,1894.22
2019-01-01,SWE,1892.7
2019-01-01,ECU,1856.98
2019-01-01,JPN,1846.15
2019-01-01,KOR,1844.13
2019-01-01,BIH,1843.51
2019-01-01,USA,1842.95
2019-01-01,AUT,1835.04
2019-01-01,MAR,1834.55
2019-01-01,AUS,1824.09
2019-01-01,SEN,1820.94
2019-01-01,MEX,1814.04
2019-01-01,CZE,1766.53
2019-01-01,TUR,1765.41
2019-01-01,SCO,1755.26
2019-01-01,PAR,1737.74
2019-01-01,NOR,1733.0
2019-01-01,TUN,1720.88
2019-01-01,GHA,1704.66
2019-01-01,IRQ,1694.94
2019-01-01,EGY,1689.5
2019-01-01,UZB,1687.94
2019-01-01,CIV,1683.98
2019-01-01,QAT,1679.05
2019-01-01,KSA,1665.82
2019-01-01,RSA,1660.15
2019-01-01,ALG,1657.46
2019-01-01,CAN,1649.73
2019-01-01,NZL,1632.1
2019-01-01,PAN,1613.11
2019-01-01,COD,1609.82
2019-01-01,JAM,1601.75
2019-01-01,HAI,1597.2
2019-01-01,JOR,1567.14
2019-01-01,CPV,1520.82
2019-01-01,CUW,1518.73
2019-04-01,BRA,2168.53
2019-04-01,FRA,2165.91
2019-04-01,BEL,2107.7
2019-04-01,ESP,2073.79
2019-04-01,ENG,2039.32
2019-04-01,NED,2025.23
2019-04-01,COL,1997.47
2019-04-01,GER,1989.94
2019-04-01,POR,1976.95
2019-04-01,ARG,1957.3
2019-04-01,SUI,1950.46
2019-04-01,ITA,1948.72
2019-04-01,CRO,1948.65
2019-04-01,URU,1937.85
2019-04-01,USA,1884.56
2019-04-01,IRN,1883.56
2019-04-01,KOR,1873.63
2019-04-01,JPN,1871.04
2019-04-01,SWE,1870.55
2019-04-01,MEX,1857.65
2019-04-01,BIH,1841.44
2019-04-01,ECU,1835.16
2019-04-01,SEN,1831.59
2019-04-01,QAT,1815.09
2019-04-01,MAR,1811.71
2019-04-01,AUS,1787.48
2019-04-01,AUT,1784.81
2019-04-01,TUR,1782.43
2019-04-01,CZE,1751.49
2019-04-01,NOR,1735.23
2019-04-01,GHA,1720.66
2019-04-01,PAR,1714.09
2019-04-01,SCO,1711.1
2019-04-01,TUN,1707.57
2019-04-01,UZB,1704.63
2019-04-01,IRQ,1702.49
2019-04-01,CIV,1698.4
2019-04-01,RSA,1669.89
2019-04-01,EGY,1668.19
2019-04-01,ALG,1667.11
2019-04-01,CAN,1665.9
2019-04-01,KSA,1658.21
2019-04-01,NZL,1632.1
2019-04-01,COD,1617.72
2019-04-01,PAN,1616.02
2019-04-01,JOR,1608.85
2019-04-01,HAI,1606.17
2019-04-01,JAM,1569.11
2019-04-01,CPV,1514.44
2019-04-01,CUW,1497.51
2019-07-01,BRA,2155.68
2019-07-01,FRA,2127.96
2019-07-01,BEL,2114.11
2019-07-01,ESP,2086.97
2019-07-01,COL,2058.09
2019-07-01,NED,2031.46
2019-07-01,POR,2014.92
2019-07-01,ENG,2012.26
2019-07-01,GER,1999.57
2019-07-01,URU,1980.1
2019-07-01,ARG,1967.91
2019-07-01,ITA,1966.71
2019-07-01,CRO,1934.42
2019-07-01,SUI,1933.32
2019-07-01,MEX,1900.87
2019-07-01,IRN,1893.07
2019-07-01,KOR,1885.35
2019-07-01,SWE,1859.94
2019-07-01,USA,1851.11
2019-07-01,JPN,1830.96
2019-07-01,TUR,1829.71
2019-07-01,SEN,1815.63
2019-07-01,AUT,1807.2
2019-07-01,BIH,1800.77
2019-07-01,MAR,1790.21
2019-07-01,CZE,1779.2
2019-07-01,ECU,1778.13
2019-07-01,AUS,1776.13
2019-07-01,QAT,1769.22
2019-07-01,PAR,1757.27
2019-07-01,EGY,1751.42
2019-07-01,NOR,1742.41
2019-07-01,TUN,1732.37
2019-07-01,ALG,1730.0
2019-07-01,UZB,1716.32
2019-07-01,SCO,1712.39
2019-07-01,GHA,1704.78
2019-07-01,CIV,1697.35
2019-07-01,IRQ,1680.32
2019-07-01,CAN,1672.32
2019-07-01,KSA,1658.21
2019-07-01,HAI,1645.19
2019-07-01,RSA,1641.39
2019-07-01,NZL,1632.1
2019-07-01,JAM,1626.34
2019-07-01,PAN,1616.76
2019-07-01,JOR,1610.0
2019-07-01,COD,1592.72
2019-07-01,CPV,1514.44
2019-07-01,CUW,1510.55
2019-10-01,BRA,2158.03
2019-10-01,FRA,2130.32
2019-10-01,BEL,2119.02
2019-10-01,ESP,2092.82
2019-10-01,NED,2054.89
2019-10-01,COL,2054.36
2019-10-01,POR,2027.17
2019-10-01,ENG,2023.54
2019-10-01,ARG,1990.41
2019-10-01,GER,1988.35
2019-10-01,URU,1979.16
2019-10-01,ITA,1976.81
2019-10-01,CRO,1941.67
2019-10-01,SUI,1929.17
2019-10-01,MEX,1914.21
2019-10-01,IRN,1894.99
2019-10-01,KOR,1878.05
2019-10-01,SWE,1857.45
2019-10-01,JPN,1850.16
2019-10-01,TUR,1833.91
2019-10-01,SEN,1833.32
2019-10-01,USA,1833.27
2019-10-01,ALG,1821.79
2019-10-01,AUT,1811.66
2019-10-01,ECU,1809.76
2019-10-01,AUS,1787.83
2019-10-01,MAR,1785.47
2019-10-01,CZE,1775.3
2019-10-01,BIH,1766.38
2019-10-01,QAT,1761.05
2019-10-01,PAR,1755.22
2019-10-01,NOR,1750.45
2019-10-01,CIV,1728.05
2019-10-01,EGY,1717.8
2019-10-01,GHA,1714.64
2019-10-01,SCO,1698.2
2019-10-01,CAN,1688.46
2019-10-01,TUN,1683.99
2019-10-01,UZB,1681.73
2019-10-01,IRQ,1674.97
2019-10-01,JAM,1641.1
2019-10-01,RSA,1639.94
2019-10-01,NZL,1632.1
2019-10-01,JOR,1616.07
2019-10-01,HAI,1615.53
2019-10-01,KSA,1598.08
2019-10-01,PAN,1597.83
2019-10-01,COD,1564.36
2019-10-01,CUW,1534.61
2019-10-01,CPV,1514.44
2020-01-01,BEL,2132.23
2020-01-01,FRA,2124.94
2020-01-01,BRA,2124.18
2020-01-01,ESP,2083.69
2020-01-01,NED,2054.94
2020-01-01,ARG,2024.83
2020-01-01,COL,2022.01
2020-01-01,ENG,2018.58
2020-01-01,POR,2010.9
2020-01-01,GER,2008.96
2020-01-01,ITA,1999.7
2020-01-01,URU,1993.29
2020-01-01,CRO,1964.19
2020-01-01,MEX,1936.57
2020-01-01,SUI,1936.04
2020-01-01,SWE,1888.89
2020-01-01,KOR,1869.2
2020-01-01,ALG,1865.35
2020-01-01,SEN,1850.48
2020-01-01,IRN,1848.65
2020-01-01,TUR,1846.05
2020-01-01,USA,1830.79
2020-01-01,JPN,1828.1
2020-01-01,AUT,1809.85
2020-01-01,AUS,1799.52
2020-01-01,ECU,1794.67
2020-01-01,CZE,1770.07
2020-01-01,NOR,1769.88
2020-01-01,BIH,1758.52
2020-01-01,QAT,1757.3
2020-01-01,PAR,1750.48
2020-01-01,MAR,1746.04
2020-01-01,GHA,1734.86
2020-01-01,IRQ,1721.59
2020-01-01,CIV,1717.75
2020-01-01,EGY,1705.73
2020-01-01,TUN,1703.64
2020-01-01,SCO,1700.61
2020-01-01,CAN,1700.24
2020-01-01,UZB,1696.39
2020-01-01,KSA,1655.19
2020-01-01,JAM,1646.75
2020-01-01,RSA,1640.74
2020-01-01,JOR,1605.61
2020-01-01,HAI,1597.84
2020-01-01,NZL,1595.04
2020-01-01,PAN,1585.17
2020-01-01,COD,1554.24
2020-01-01,CUW,1533.1
2020-01-01,CPV,1530.09
2020-04-01,BEL,2132.23
2020-04-01,FRA,2124.94
2020-04-01,BRA,2124.18
2020-04-01,ESP,2083.69
2020-04-01,NED,2054.94
2020-04-01,ARG,2024.83
2020-04-01,COL,2022.01
2020-04-01,ENG,2018.58
2020-04-01,POR,2010.9
2020-04-01,GER,2008.96
2020-04-01,ITA,1999.7
2020-04-01,URU,1993.29
2020-04-01,CRO,1964.19
2020-04-01,MEX,1936.57
2020-04-01,SUI,1936.04
2020-04-01,SWE,1896.48
2020-04-01,KOR,1869.2
2020-04-01,ALG,1865.35
2020-04-01,SEN,1850.48
2020-04-01,IRN,1848.65
2020-04-01,TUR,1846.05
2020-04-01,USA,1840.64
2020-04-01,JPN,1828.1
2020-04-01,AUT,1809.85
2020-04-01,AUS,1799.52
2020-04-01,ECU,1794.67
2020-04-01,CZE,1770.07
2020-04-01,NOR,1769.88
2020-04-01,BIH,1758.52
2020-04-01,QAT,1757.3
2020-04-01,PAR,1750.48
2020-04-01,MAR,1746.04
2020-04-01,GHA,1734.86
2020-04-01,IRQ,1721.59
2020-04-01,CIV,1717.75
2020-04-01,EGY,1705.73
2020-04-01,TUN,1703.64
2020-04-01,SCO,1700.61
2020-04-01,UZB,1696.39
2020-04-01,CAN,1695.01
2020-04-01,KSA,1655.19
2020-04-01,JAM,1646.75
2020-04-01,RSA,1640.74
2020-04-01,JOR,1605.61
2020-04-01,HAI,1597.84
2020-04-01,NZL,1595.04
2020-04-01,PAN,1585.17
2020-04-01,COD,1554.24
2020-04-01,CUW,1533.1
2020-04-01,CPV,1530.09
2020-07-01,BEL,2132.23
2020-07-01,FRA,2124.94
2020-07-01,BRA,2124.18
2020-07-01,ESP,2083.69
2020-07-01,NED,2054.94
2020-07-01,ARG,2024.83
2020-07-01,COL,2022.01
2020-07-01,ENG,2018.58
2020-07-01,POR,2010.9
2020-07-01,GER,2008.96
2020-07-01,ITA,1999.7
2020-07-01,URU,1993.29
2020-07-01,CRO,1964.19
2020-07-01,MEX,1936.57
2020-07-01,SUI,1936.04
2020-07-01,SWE,1896.48
2020-07-01,KOR,1869.2
2020-07-01,ALG,1865.35
2020-07-01,SEN,1850.48
2020-07-01,IRN,1848.65
2020-07-01,TUR,1846.05
2020-07-01,USA,1840.64
2020-07-01,JPN,1828.1
2020-07-01,AUT,1809.85
2020-07-01,AUS,1799.52
2020-07-01,ECU,1794.67
2020-07-01,CZE,1770.07
2020-07-01,NOR,1769.88
2020-07-01,BIH,1758.52
2020-07-01,QAT,1757.3
2020-07-01,PAR,1750.48
2020-07-01,MAR,1746.04
2020-07-01,GHA,1734.86
2020-07-01,IRQ,1721.59
2020-07-01,CIV,1717.75
2020-07-01,EGY,1705.73
2020-07-01,TUN,1703.64
2020-07-01,SCO,1700.61
2020-07-01,UZB,1696.39
2020-07-01,CAN,1695.01
2020-07-01,KSA,1655.19
2020-07-01,JAM,1646.75
2020-07-01,RSA,1640.74
2020-07-01,JOR,1605.61
2020-07-01,HAI,1597.84
2020-07-01,NZL,1595.04
2020-07-01,PAN,1585.17
2020-07-01,COD,1554.24
2020-07-01,CUW,1533.1
2020-07-01,CPV,1530.09
2020-10-01,BEL,2148.14
2020-10-01,FRA,2142.59
2020-10-01,BRA,2124.18
2020-10-01,ESP,2096.06
2020-10-01,POR,2047.35
2020-10-01,NED,2043.79
2020-10-01,ARG,2024.83
2020-10-01,COL,2022.01
2020-10-01,ENG,2019.49
2020-10-01,ITA,2008.71
2020-10-01,GER,2008.22
2020-10-01,URU,1993.29
2020-10-01,MEX,1936.57
2020-10-01,CRO,1930.15
2020-10-01,SUI,1923.26
2020-10-01,SWE,1876.43
2020-10-01,KOR,1869.2
2020-10-01,ALG,1865.35
2020-10-01,SEN,1850.48
2020-10-01,IRN,1848.65
2020-10-01,USA,1840.64
2020-10-01,JPN,1828.1
2020-10-01,TUR,1823.24
2020-10-01,AUT,1806.37
2020-10-01,AUS,1799.52
2020-10-01,ECU,1794.67
2020-10-01,NOR,1783.92
2020-10-01,CZE,1776.29
2020-10-01,QAT,1757.3
2020-10-01,BIH,1755.52
2020-10-01,PAR,1750.48
2020-10-01,MAR,1746.04
2020-10-01,GHA,1734.86
2020-10-01,IRQ,1721.59
2020-10-01,CIV,1717.75
2020-10-01,SCO,1715.72
2020-10-01,EGY,1705.73
2020-10-01,TUN,1703.64
2020-10-01,UZB,1696.39
2020-10-01,CAN,1695.01
2020-10-01,KSA,1655.19
2020-10-01,JAM,1646.75
2020-10-01,RSA,1640.74
2020-10-01,JOR,1605.61
2020-10-01,HAI,1597.84
2020-10-01,NZL,1595.04
2020-10-01,PAN,1585.17
2020-10-01,COD,1554.24
2020-10-01,CUW,1533.1
2020-10-01,CPV,1530.09
2021-01-01,BEL,2156.08
2021-01-01,BRA,2154.05
2021-01-01,FRA,2137.82
2021-01-01,ESP,2096.37
2021-01-01,POR,2065.09
2021-01-01,ARG,2036.03
2021-01-01,NED,2033.84
2021-01-01,ENG,2033.2
2021-01-01,ITA,2030.72
2021-01-01,GER,1998.63
2021-01-01,URU,1984.72
2021-01-01,MEX,1978.91
2021-01-01,COL,1955.26
2021-01-01,SUI,1928.67
2021-01-01,CRO,1916.54
2021-01-01,IRN,1872.96
2021-01-01,ECU,1872.61
2021-01-01,ALG,1872.23
2021-01-01,KOR,1867.15
2021-01-01,USA,1865.75
2021-01-01,SWE,1860.08
2021-01-01,AUT,1849.95
2021-01-01,SEN,1826.85
2021-01-01,JPN,1824.83
2021-01-01,TUR,1823.19
2021-01-01,AUS,1799.52
2021-01-01,CZE,1796.83
2021-01-01,NOR,1782.87
2021-01-01,MAR,1777.98
2021-01-01,PAR,1776.61
2021-01-01,IRQ,1730.12
2021-01-01,EGY,1718.04
2021-01-01,CIV,1716.26
2021-01-01,BIH,1716.02
2021-01-01,SCO,1715.24
2021-01-01,QAT,1714.09
2021-01-01,GHA,1709.98
2021-01-01,TUN,1706.14
2021-01-01,CAN,1695.01
2021-01-01,UZB,1665.43
2021-01-01,KSA,1663.25
2021-01-01,JAM,1638.69
2021-01-01,JOR,1624.47
2021-01-01,RSA,1621.87
2021-01-01,PAN,1603.86
2021-01-01,HAI,1597.84
2021-01-01,NZL,1595.04
2021-01-01,COD,1551.16
2021-01-01,CUW,1533.1
2021-01-01,CPV,1509.66
2021-04-01,BRA,2154.05
2021-04-01,BEL,2153.77
2021-04-01,FRA,2130.71
2021-04-01,ESP,2088.3
2021-04-01,POR,2058.47
2021-04-01,ENG,2046.09
2021-04-01,ITA,2040.53
2021-04-01,ARG,2036.03
2021-04-01,NED,2001.13
2021-04-01,GER,1986.78
2021-04-01,URU,1984.72
2021-04-01,MEX,1963.27
2021-04-01,COL,1955.26
2021-04-01,SUI,1944.18
2021-04-01,CRO,1896.41
2021-04-01,USA,1889.59
2021-04-01,IRN,1880.35
2021-04-01,SWE,1878.02
2021-04-01,ECU,1877.15
2021-04-01,TUR,1865.09
2021-04-01,ALG,1865.04
2021-04-01,JPN,1855.25
2021-04-01,KOR,1837.72
2021-04-01,AUT,1828.85
2021-04-01,CZE,1803.9
2021-04-01,SEN,1801.22
2021-04-01,AUS,1799.52
2021-04-01,PAR,1776.61
2021-04-01,NOR,1773.8
2021-04-01,MAR,1770.48
2021-04-01,IRQ,1744.7
2021-04-01,CIV,1731.56
2021-04-01,QAT,1723.97
2021-04-01,TUN,1723.53
2021-04-01,SCO,1722.93
2021-04-01,EGY,1716.97
2021-04-01,BIH,1712.85
2021-04-01,CAN,1710.73
2021-04-01,GHA,1708.72
2021-04-01,KSA,1689.61
2021-04-01,UZB,1671.31
2021-04-01,JAM,1627.8
2021-04-01,JOR,1621.98
2021-04-01,PAN,1619.12
2021-04-01,HAI,1606.22
2021-04-01,NZL,1595.04
2021-04-01,RSA,1590.18
2021-04-01,CUW,1556.7
2021-04-01,CPV,1551.81
2021-04-01,COD,1535.37
2021-07-01,BEL,2191.4
2021-07-01,BRA,2178.81
2021-07-01,ITA,2123.81
2021-07-01,FRA,2117.99
2021-07-01,ESP,2094.73
2021-07-01,ENG,2093.92
2021-07-01,ARG,2052.93
2021-07-01,POR,2022.58
2021-07-01,NED,1982.85
2021-07-01,GER,1976.44
2021-07-01,URU,1968.9
2021-07-01,SUI,1959.58
2021-07-01,MEX,1937.23
2021-07-01,COL,1934.76
2021-07-01,SWE,1914.82
2021-07-01,USA,1912.97
2021-07-01,IRN,1905.53
2021-07-01,ALG,1893.49
2021-07-01,CZE,1884.73
2021-07-01,JPN,1879.49
2021-07-01,CRO,1870.04
2021-07-01,ECU,1856.34
2021-07-01,KOR,1845.74
2021-07-01,AUT,1839.52
2021-07-01,PAR,1820.98
2021-07-01,SEN,1818.73
2021-07-01,AUS,1817.43
2021-07-01,MAR,1791.48
2021-07-01,TUR,1778.04
2021-07-01,NOR,1760.57
2021-07-01,CAN,1754.45
2021-07-01,CIV,1740.57
2021-07-01,QAT,1739.09
2021-07-01,IRQ,1730.38
2021-07-01,TUN,1728.83
2021-07-01,KSA,1725.87
2021-07-01,EGY,1716.97
2021-07-01,SCO,1703.91
2021-07-01,BIH,1701.51
2021-07-01,GHA,1698.34
2021-07-01,UZB,1657.31
2021-07-01,JAM,1635.92
2021-07-01,PAN,1632.0
2021-07-01,RSA,1602.71
2021-07-01,NZL,1595.04
2021-07-01,HAI,1590.38
2021-07-01,JOR,1585.85
2021-07-01,CUW,1552.8
2021-07-01,CPV,1543.52
2021-07-01,COD,1532.25
2021-10-01,BEL,2171.82
2021-10-01,BRA,2169.46
2021-10-01,ENG,2129.66
2021-10-01,ITA,2128.04
2021-10-01,ARG,2107.85
2021-10-01,FRA,2100.52
2021-10-01,ESP,2075.12
2021-10-01,POR,2035.93
2021-10-01,NED,1994.34
2021-10-01,GER,1992.73
2021-10-01,URU,1976.66
2021-10-01,SUI,1971.01
2021-10-01,COL,1963.0
2021-10-01,USA,1953.23
2021-10-01,MEX,1948.09
2021-10-01,IRN,1922.95
2021-10-01,SWE,1918.51
2021-10-01,CRO,1889.12
2021-10-01,ALG,1884.29
2021-10-01,CZE,1862.7
2021-10-01,JPN,1862.26
2021-10-01,ECU,1845.2
2021-10-01,KOR,1844.31
2021-10-01,AUS,1838.17
2021-10-01,PAR,1823.36
2021-10-01,CAN,1801.2
2021-10-01,MAR,1796.81
2021-10-01,SEN,1792.98
2021-10-01,AUT,1784.25
2021-10-01,NOR,1775.96
2021-10-01,TUR,1759.18
2021-10-01,KSA,1751.75
2021-10-01,TUN,1749.08
2021-10-01,CIV,1742.46
2021-10-01,QAT,1727.28
2021-10-01,EGY,1721.63
2021-10-01,IRQ,1721.06
2021-10-01,SCO,1719.87
2021-10-01,BIH,1710.78
2021-10-01,GHA,1686.8
2021-10-01,PAN,1667.68
2021-10-01,UZB,1652.31
2021-10-01,RSA,1650.63
2021-10-01,JAM,1609.84
2021-10-01,HAI,1609.72
2021-10-01,NZL,1595.04
2021-10-01,JOR,1585.14
2021-10-01,CUW,1552.8
2021-10-01,COD,1529.62
2021-10-01,CPV,1528.77
2022-01-01,BRA,2182.07
2022-01-01,FRA,2138.24
2022-01-01,ARG,2131.09
2022-01-01,BEL,2128.22
2022-01-01,ENG,2121.71
2022-01-01,ITA,2108.71
2022-01-01,ESP,2090.16
2022-01-01,POR,2013.18
2022-01-01,GER,2010.42
2022-01-01,NED,1993.97
2022-01-01,SUI,1992.75
2022-01-01,USA,1955.29
2022-01-01,COL,1951.26
2022-01-01,IRN,1932.56
2022-01-01,ALG,1904.71
2022-01-01,CRO,1900.75
2022-01-01,URU,1893.79
2022-01-01,MEX,1892.55
2022-01-01,SWE,1891.16
2022-01-01,ECU,1882.27
2022-01-01,CZE,1879.62
2022-01-01,KOR,1875.05
2022-01-01,JPN,1869.1
2022-01-01,MAR,1864.73
2022-01-01,CAN,1844.26
2022-01-01,AUS,1824.37
2022-01-01,AUT,1801.21
2022-01-01,SEN,1800.25
2022-01-01,SCO,1778.48
2022-01-01,TUR,1774.08
2022-01-01,NOR,1764.46
2022-01-01,PAR,1761.06
2022-01-01,EGY,1752.43
2022-01-01,KSA,1747.74
2022-01-01,CIV,1740.55
2022-01-01,QAT,1737.95
2022-01-01,TUN,1736.85
2022-01-01,GHA,1707.13
2022-01-01,PAN,1683.88
2022-01-01,BIH,1681.88
2022-01-01,RSA,1662.52
2022-01-01,IRQ,1660.71
2022-01-01,JAM,1646.02
2022-01-01,NZL,1640.72
2022-01-01,JOR,1640.33
2022-01-01,UZB,1617.25
2022-01-01,HAI,1609.72
2022-01-01,COD,1570.39
2022-01-01,CPV,1563.01
2022-01-01,CUW,1524.0
2022-04-01,BRA,2186.06
2022-04-01,FRA,2145.05
2022-04-01,ARG,2137.68
2022-04-01,ENG,2137.4
2022-04-01,BEL,2119.1
2022-04-01,ESP,2096.16
2022-04-01,ITA,2085.4
2022-04-01,POR,2029.0
2022-04-01,NED,2016.63
2022-04-01,GER,2016.18
2022-04-01,SUI,1971.2
2022-04-01,URU,1949.69
2022-04-01,COL,1945.79
2022-04-01,IRN,1920.74
2022-04-01,USA,1909.32
2022-04-01,MEX,1908.92
2022-04-01,JPN,1900.17
2022-04-01,CRO,1896.86
2022-04-01,KOR,1896.09
2022-04-01,SWE,1878.79
2022-04-01,ECU,1871.59
2022-04-01,CZE,1865.78
2022-04-01,CAN,1854.35
2022-04-01,MAR,1832.7
2022-04-01,SEN,1819.97
2022-04-01,NOR,1804.34
2022-04-01,ALG,1794.51
2022-04-01,AUS,1789.36
2022-04-01,AUT,1788.72
2022-04-01,SCO,1781.45
2022-04-01,EGY,1779.72
2022-04-01,CIV,1770.24
2022-04-01,PAR,1762.34
2022-04-01,TUR,1760.82
2022-04-01,KSA,1756.11
2022-04-01,QAT,1744.91
2022-04-01,TUN,1698.37
2022-04-01,NZL,1695.45
2022-04-01,PAN,1688.71
2022-04-01,IRQ,1680.9
2022-04-01,BIH,1672.44
2022-04-01,JOR,1662.86
2022-04-01,RSA,1651.52
2022-04-01,UZB,1650.66
2022-04-01,GHA,1634.85
2022-04-01,JAM,1607.35
2022-04-01,HAI,1594.38
2022-04-01,CPV,1576.42
2022-04-01,COD,1559.89
2022-04-01,CUW,1524.0
2022-07-01,BRA,2200.01
2022-07-01,ARG,2161.22
2022-07-01,ESP,2104.15
2022-07-01,BEL,2097.4
2022-07-01,FRA,2080.82
2022-07-01,NED,2059.12
2022-07-01,ENG,2057.73
2022-07-01,POR,2045.49
2022-07-01,GER,2044.09
2022-07-01,ITA,2038.14
2022-07-01,URU,1982.99
2022-07-01,COL,1953.33
2022-07-01,SUI,1942.24
2022-07-01,USA,1921.1
2022-07-01,CRO,1916.49
2022-07-01,KOR,1914.27
2022-07-01,IRN,1900.98
2022-07-01,ECU,1884.69
2022-07-01,JPN,1881.11
2022-07-01,MEX,1878.9
2022-07-01,CZE,1870.26
2022-07-01,NOR,1848.97
2022-07-01,SWE,1840.71
2022-07-01,CAN,1835.79
2022-07-01,SEN,1831.55
2022-07-01,ALG,1826.23
2022-07-01,MAR,1823.68
2022-07-01,AUT,1813.91
2022-07-01,AUS,1812.72
2022-07-01,TUR,1783.04
2022-07-01,TUN,1770.37
2022-07-01,CIV,1765.35
2022-07-01,SCO,1761.46
2022-07-01,PAR,1752.43
2022-07-01,QAT,1744.91
2022-07-01,KSA,1732.98
2022-07-01,EGY,1728.79
2022-07-01,PAN,1711.45
2022-07-01,BIH,1703.65
2022-07-01,IRQ,1680.9
2022-07-01,JOR,1680.13
2022-07-01,NZL,1675.91
2022-07-01,UZB,1673.73
2022-07-01,RSA,1643.0
2022-07-01,GHA,1632.63
2022-07-01,JAM,1628.4
2022-07-01,HAI,1618.91
2022-07-01,CPV,1568.87
2022-07-01,COD,1521.81
2022-07-01,CUW,1519.28
2022-10-01,BRA,2206.34
2022-10-01,ARG,2165.17
2022-10-01,ESP,2096.67
2022-10-01,BEL,2087.37
2022-10-01,NED,2086.73
2022-10-01,ITA,2066.15
2022-10-01,FRA,2060.34
2022-10-01,POR,2046.47
2022-10-01,ENG,2041.02
2022-10-01,GER,2022.66
2022-10-01,URU,1980.0
2022-10-01,SUI,1974.23
2022-10-01,COL,1971.69
2022-10-01,CRO,1950.06
2022-10-01,JPN,1924.7
2022-10-01,IRN,1914.33
2022-10-01,KOR,1896.38
2022-10-01,USA,1891.04
2022-10-01,ECU,1880.6
2022-10-01,MEX,1864.06
2022-10-01,CZE,1844.77
2022-10-01,ALG,1840.04
2022-10-01,MAR,1840.04
2022-10-01,CAN,1837.04
2022-10-01,AUS,1835.15
2022-10-01,SWE,1812.09
2022-10-01,SCO,1810.49
2022-10-01,NOR,1809.12
2022-10-01,SEN,1800.82
2022-10-01,AUT,1791.47
2022-10-01,PAR,1785.17
2022-10-01,CIV,1776.96
2022-10-01,TUN,1769.07
2022-10-01,KSA,1745.54
2022-10-01,TUR,1744.88
2022-10-01,EGY,1739.8
2022-10-01,PAN,1730.52
2022-10-01,QAT,1729.07
2022-10-01,JOR,1709.23
2022-10-01,IRQ,1690.15
2022-10-01,UZB,1689.51
2022-10-01,BIH,1686.65
2022-10-01,RSA,1667.81
2022-10-01,NZL,1653.48
2022-10-01,GHA,1638.19
2022-10-01,JAM,1626.08
2022-10-01,HAI,1618.91
2022-10-01,CPV,1588.42
2022-10-01,COD,1531.17
2022-10-01,CUW,1482.79
2023-01-01,ARG,2183.61
2023-01-01,BRA,2177.16
2023-01-01,FRA,2147.31
2023-01-01,NED,2123.67
2023-01-01,ENG,2070.54
2023-01-01,ESP,2055.12
2023-01-01,POR,2051.17
2023-01-01,ITA,2031.78
2023-01-01,GER,2021.56
2023-01-01,BEL,2003.67
2023-01-01,CRO,1999.65
2023-01-01,COL,1982.64
2023-01-01,URU,1959.01
2023-01-01,JPN,1951.83
2023-01-01,MAR,1942.45
2023-01-01,SUI,1918.12
2023-01-01,USA,1906.43
2023-01-01,KOR,1889.61
2023-01-01,ECU,1882.65
2023-01-01,AUS,1873.78
2023-01-01,MEX,1868.9
2023-01-01,IRN,1867.63
2023-01-01,SWE,1853.0
2023-01-01,SEN,1840.05
2023-01-01,TUN,1838.86
2023-01-01,CZE,1830.02
2023-01-01,AUT,1829.99
2023-01-01,NOR,1817.83
2023-01-01,ALG,1815.48
2023-01-01,SCO,1792.69
2023-01-01,TUR,1781.32
2023-01-01,CAN,1780.11
2023-01-01,EGY,1766.22
2023-01-01,PAR,1763.66
2023-01-01,CIV,1762.84
2023-01-01,KSA,1742.39
2023-01-01,PAN,1719.37
2023-01-01,JOR,1704.86
2023-01-01,UZB,1704.82
2023-01-01,GHA,1699.32
2023-01-01,QAT,1694.15
2023-01-01,IRQ,1689.66
2023-01-01,BIH,1686.65
2023-01-01,RSA,1667.01
2023-01-01,NZL,1653.48
2023-01-01,JAM,1630.04
2023-01-01,HAI,1618.91
2023-01-01,CPV,1588.42
2023-01-01,COD,1531.17
2023-01-01,CUW,1482.79
2023-04-01,ARG,2187.56
2023-04-01,FRA,2176.09
2023-04-01,BRA,2153.33
2023-04-01,NED,2097.82
2023-04-01,ENG,2092.67
2023-04-01,POR,2054.23
2023-04-01,BEL,2036.19
2023-04-01,ESP,2028.76
2023-04-01,GER,2021.2
2023-04-01,ITA,2019.67
2023-04-01,CRO,2002.1
2023-04-01,COL,1988.98
2023-04-01,URU,1970.91
2023-04-01,MAR,1963.11
2023-04-01,JPN,1938.12
2023-04-01,SUI,1932.41
2023-04-01,USA,1898.78
2023-04-01,KOR,1881.16
2023-04-01,AUS,1880.25
2023-04-01,ECU,1876.18
2023-04-01,IRN,1868.45
2023-04-01,MEX,1863.77
2023-04-01,SWE,1862.8
2023-04-01,TUN,1846.93
2023-04-01,SEN,1846.73
2023-04-01,AUT,1841.69
2023-04-01,CZE,1841.37
2023-04-01,SCO,1835.87
2023-04-01,ALG,1818.95
2023-04-01,NOR,1803.18
2023-04-01,CAN,1799.89
2023-04-01,TUR,1776.51
2023-04-01,EGY,1776.49
2023-04-01,CIV,1771.87
2023-04-01,PAR,1747.43
2023-04-01,PAN,1730.59
2023-04-01,IRQ,1729.09
2023-04-01,UZB,1719.04
2023-04-01,JOR,1708.55
2023-04-01,GHA,1699.37
2023-04-01,BIH,1681.47
2023-04-01,KSA,1672.21
2023-04-01,QAT,1669.03
2023-04-01,NZL,1664.28
2023-04-01,RSA,1661.0
2023-04-01,HAI,1634.08
2023-04-01,JAM,1613.84
2023-04-01,CPV,1588.02
2023-04-01,COD,1549.24
2023-04-01,CUW,1474.79
2023-07-01,ARG,2194.86
2023-07-01,FRA,2178.69
2023-07-01,BRA,2115.72
2023-07-01,ENG,2097.8
2023-07-01,POR,2061.48
2023-07-01,NED,2051.54
2023-07-01,ESP,2042.82
2023-07-01,BEL,2031.51
2023-07-01,CRO,2031.19
2023-07-01,ITA,2022.8
2023-07-01,COL,2016.81
2023-07-01,URU,1975.41
2023-07-01,GER,1969.73
2023-07-01,JPN,1967.2
2023-07-01,USA,1928.59
2023-07-01,MAR,1925.96
2023-07-01,SUI,1924.1
2023-07-01,ECU,1896.84
2023-07-01,IRN,1884.2
2023-07-01,SEN,1873.93
2023-07-01,MEX,1873.89
2023-07-01,AUS,1873.7
2023-07-01,AUT,1873.5
2023-07-01,SCO,1864.05
2023-07-01,CZE,1856.28
2023-07-01,KOR,1855.33
2023-07-01,SWE,1851.3
2023-07-01,ALG,1822.25
2023-07-01,TUN,1821.45
2023-07-01,TUR,1801.61
2023-07-01,NOR,1794.74
2023-07-01,CAN,1790.59
2023-07-01,EGY,1784.13
2023-07-01,PAR,1754.1
2023-07-01,UZB,1748.96
2023-07-01,PAN,1731.92
2023-07-01,CIV,1730.68
2023-07-01,IRQ,1723.6
2023-07-01,JOR,1711.77
2023-07-01,GHA,1688.1
2023-07-01,RSA,1686.25
2023-07-01,KSA,1672.21
2023-07-01,QAT,1660.15
2023-07-01,NZL,1651.59
2023-07-01,BIH,1642.94
2023-07-01,HAI,1636.77
2023-07-01,CPV,1626.83
2023-07-01,JAM,1623.95
2023-07-01,COD,1583.66
2023-07-01,CUW,1481.29
2023-10-01,ARG,2201.3
2023-10-01,FRA,2158.18
2023-10-01,BRA,2125.0
2023-10-01,ENG,2098.37
2023-10-01,POR,2068.65
2023-10-01,NED,2063.45
2023-10-01,ESP,2052.58
2023-10-01,BEL,2035.89
2023-10-01,CRO,2035.04
2023-10-01,ITA,2019.07
2023-10-01,COL,2013.18
2023-10-01,JPN,2004.41
2023-10-01,GER,1967.24
2023-10-01,URU,1966.61
2023-10-01,USA,1947.06
2023-10-01,MAR,1930.63
2023-10-01,SUI,1913.86
2023-10-01,ECU,1911.2
2023-10-01,IRN,1894.37
2023-10-01,AUT,1882.49
2023-10-01,MEX,1880.5
2023-10-01,AUS,1874.28
2023-10-01,SCO,1858.14
2023-10-01,KOR,1857.82
2023-10-01,CZE,1849.61
2023-10-01,TUN,1846.52
2023-10-01,SEN,1843.75
2023-10-01,SWE,1837.18
2023-10-01,NOR,1829.16
2023-10-01,ALG,1827.45
2023-10-01,CAN,1794.52
2023-10-01,TUR,1782.11
2023-10-01,EGY,1767.93
2023-10-01,PAN,1762.33
2023-10-01,PAR,1745.27
2023-10-01,UZB,1740.92
2023-10-01,CIV,1733.07
2023-10-01,IRQ,1706.86
2023-10-01,GHA,1698.25
2023-10-01,RSA,1665.52
2023-10-01,JOR,1664.71
2023-10-01,NZL,1651.59
2023-10-01,JAM,1649.82
2023-10-01,KSA,1645.03
2023-10-01,QAT,1643.95
2023-10-01,BIH,1625.11
2023-10-01,HAI,1612.36
2023-10-01,CPV,1606.17
2023-10-01,COD,1581.31
2023-10-01,CUW,1455.1
2024-01-01,ARG,2184.23
2024-01-01,FRA,2164.37
2024-01-01,ENG,2109.42
2024-01-01,POR,2078.42
2024-01-01,ESP,2076.37
2024-01-01,NED,2061.48
2024-01-01,BRA,2053.82
2024-01-01,BEL,2049.03
2024-01-01,URU,2039.61
2024-01-01,COL,2039.0
2024-01-01,JPN,2020.08
2024-01-01,ITA,2003.25
2024-01-01,CRO,1990.27
2024-01-01,GER,1934.91
2024-01-01,MAR,1927.61
2024-01-01,ECU,1924.96
2024-01-01,USA,1914.52
2024-01-01,AUT,1909.75
2024-01-01,KOR,1906.17
2024-01-01,IRN,1890.45
2024-01-01,AUS,1881.78
2024-01-01,SUI,1860.62
2024-01-01,MEX,1859.15
2024-01-01,SEN,1844.77
2024-01-01,ALG,1841.71
2024-01-01,SCO,1834.8
2024-01-01,TUR,1831.93
2024-01-01,NOR,1830.62
2024-01-01,TUN,1823.74
2024-01-01,CZE,1817.47
2024-01-01,PAN,1817.45
2024-01-01,SWE,1809.78
2024-01-01,EGY,1784.12
2024-01-01,UZB,1773.37
2024-01-01,CAN,1771.96
2024-01-01,PAR,1748.4
2024-01-01,CIV,1748.15
2024-01-01,IRQ,1727.08
2024-01-01,JAM,1676.15
2024-01-01,QAT,1665.63
2024-01-01,GHA,1655.55
2024-01-01,KSA,1653.86
2024-01-01,JOR,1632.93
2024-01-01,RSA,1630.32
2024-01-01,NZL,1627.56
2024-01-01,HAI,1593.14
2024-01-01,BIH,1580.92
2024-01-01,CPV,1577.13
2024-01-01,COD,1575.99
2024-01-01,CUW,1481.19
2024-04-01,ARG,2187.55
2024-04-01,FRA,2132.36
2024-04-01,ENG,2089.72
2024-04-01,BRA,2070.7
2024-04-01,ESP,2060.26
2024-04-01,COL,2059.86
2024-04-01,NED,2054.16
2024-04-01,POR,2049.05
2024-04-01,BEL,2040.11
2024-04-01,ITA,2028.72
2024-04-01,URU,2014.11
2024-04-01,JPN,1994.16
2024-04-01,CRO,1991.22
2024-04-01,GER,1989.75
2024-04-01,AUT,1942.87
2024-04-01,USA,1924.64
2024-04-01,ECU,1913.41
2024-04-01,IRN,1899.44
2024-04-01,AUS,1885.59
2024-04-01,SEN,1884.76
2024-04-01,SUI,1871.44
2024-04-01,KOR,1866.48
2024-04-01,MEX,1861.14
2024-04-01,MAR,1853.51
2024-04-01,CZE,1837.34
2024-04-01,SWE,1814.42
2024-04-01,NOR,1810.89
2024-04-01,SCO,1798.87
2024-04-01,TUR,1797.83
2024-04-01,UZB,1787.23
2024-04-01,ALG,1784.18
2024-04-01,CAN,1781.96
2024-04-01,PAN,1774.2
2024-04-01,TUN,1770.53
2024-04-01,CIV,1763.7
2024-04-01,QAT,1751.65
2024-04-01,PAR,1748.4
2024-04-01,IRQ,1744.85
2024-04-01,EGY,1741.14
2024-04-01,JOR,1697.11
2024-04-01,JAM,1690.54
2024-04-01,RSA,1690.25
2024-04-01,KSA,1685.47
2024-04-01,CPV,1675.09
2024-04-01,NZL,1623.71
2024-04-01,COD,1610.99
2024-04-01,GHA,1605.98
2024-04-01,HAI,1593.14
2024-04-01,BIH,1576.05
2024-04-01,CUW,1481.19
2024-07-01,ARG,2211.57
2024-07-01,ESP,2137.22
2024-07-01,FRA,2114.11
2024-07-01,COL,2097.2
2024-07-01,BRA,2063.4
2024-07-01,ENG,2058.64
2024-07-01,GER,2054.26
2024-07-01,NED,2050.68
2024-07-01,URU,2038.24
2024-07-01,POR,2008.82
2024-07-01,BEL,2008.36
2024-07-01,JPN,1998.25
2024-07-01,AUT,1998.16
2024-07-01,SUI,1964.34
2024-07-01,CRO,1963.16
2024-07-01,ITA,1958.5
2024-07-01,ECU,1899.91
2024-07-01,IRN,1895.91
2024-07-01,AUS,1892.39
2024-07-01,USA,1889.05
2024-07-01,SEN,1877.59
2024-07-01,KOR,1874.02
2024-07-01,MAR,1862.25
2024-07-01,MEX,1837.27
2024-07-01,TUR,1834.38
2024-07-01,NOR,1805.94
2024-07-01,CAN,1804.52
2024-07-01,CZE,1802.23
2024-07-01,UZB,1795.67
2024-07-01,PAN,1794.83
2024-07-01,SWE,1779.88
2024-07-01,TUN,1767.5
2024-07-01,ALG,1765.56
2024-07-01,IRQ,1761.01
2024-07-01,SCO,1760.72
2024-07-01,CIV,1759.76
2024-07-01,QAT,1741.98
2024-07-01,EGY,1738.65
2024-07-01,PAR,1725.82
2024-07-01,JOR,1723.79
2024-07-01,RSA,1698.44
2024-07-01,NZL,1683.12
2024-07-01,KSA,1672.55
2024-07-01,CPV,1658.23
2024-07-01,JAM,1644.31
2024-07-01,GHA,1633.16
2024-07-01,COD,1631.11
2024-07-01,HAI,1601.04
2024-07-01,BIH,1571.32
2024-07-01,CUW,1495.51
2024-10-01,ARG,2205.28
2024-10-01,ESP,2196.11
2024-10-01,COL,2121.14
2024-10-01,FRA,2086.58
2024-10-01,ENG,2070.5
2024-10-01,NED,2053.21
2024-10-01,GER,2050.87
2024-10-01,BRA,2047.22
2024-10-01,POR,2024.65
2024-10-01,JPN,2008.93
2024-10-01,ITA,1992.96
2024-10-01,URU,1988.88
2024-10-01,BEL,1977.92
2024-10-01,CRO,1960.62
2024-10-01,AUT,1935.71
2024-10-01,SUI,1933.25
2024-10-01,ECU,1918.95
2024-10-01,IRN,1905.11
2024-10-01,KOR,1873.15
2024-10-01,MAR,1870.65
2024-10-01,SEN,1869.42
2024-10-01,TUR,1864.87
2024-10-01,AUS,1854.93
2024-10-01,MEX,1851.83
2024-10-01,USA,1849.31
2024-10-01,CAN,1835.9
2024-10-01,NOR,1816.98
2024-10-01,UZB,1804.28
2024-10-01,SWE,1797.79
2024-10-01,PAN,1796.48
2024-10-01,CZE,1791.29
2024-10-01,ALG,1781.28
2024-10-01,TUN,1775.98
2024-10-01,CIV,1772.33
2024-10-01,EGY,1765.91
2024-10-01,IRQ,1761.7
2024-10-01,SCO,1743.59
2024-10-01,PAR,1737.6
2024-10-01,JOR,1724.34
2024-10-01,QAT,1706.57
2024-10-01,RSA,1691.16
2024-10-01,KSA,1675.73
2024-10-01,NZL,1675.24
2024-10-01,COD,1653.58
2024-10-01,CPV,1651.01
2024-10-01,JAM,1650.31
2024-10-01,HAI,1616.36
2024-10-01,GHA,1607.23
2024-10-01,BIH,1577.96
2024-10-01,CUW,1483.2
2025-01-01,ESP,2218.33
2025-01-01,ARG,2172.09
2025-01-01,FRA,2104.71
2025-01-01,ENG,2071.06
2025-01-01,GER,2062.0
2025-01-01,COL,2058.51
2025-01-01,BRA,2051.63
2025-01-01,POR,2034.99
2025-01-01,NED,2031.24
2025-01-01,JPN,2014.61
2025-01-01,ITA,1993.82
2025-01-01,URU,1987.2
2025-01-01,AUT,1957.33
2025-01-01,ECU,1946.58
2025-01-01,CRO,1942.44
2025-01-01,BEL,1928.43
2025-01-01,IRN,1918.82
2025-01-01,SUI,1900.99
2025-01-01,MAR,1888.23
2025-01-01,KOR,1887.54
2025-01-01,SEN,1883.79
2025-01-01,USA,1863.51
2025-01-01,CAN,1859.18
2025-01-01,NOR,1858.87
2025-01-01,MEX,1853.21
2025-01-01,AUS,1849.96
2025-01-01,TUR,1837.21
2025-01-01,SWE,1828.51
2025-01-01,CZE,1818.72
2025-01-01,UZB,1802.92
2025-01-01,ALG,1791.18
2025-01-01,SCO,1787.52
2025-01-01,PAR,1786.75
2025-01-01,PAN,1777.99
2025-01-01,EGY,1759.53
2025-01-01,CIV,1730.81
2025-01-01,JOR,1726.53
2025-01-01,NZL,1721.05
2025-01-01,TUN,1719.05
2025-01-01,IRQ,1707.02
2025-01-01,RSA,1702.1
2025-01-01,QAT,1664.68
2025-01-01,JAM,1643.48
2025-01-01,KSA,1641.69
2025-01-01,HAI,1637.98
2025-01-01,COD,1629.91
2025-01-01,CPV,1590.26
2025-01-01,BIH,1577.53
2025-01-01,GHA,1549.83
2025-01-01,CUW,1504.29
2025-04-01,ESP,2204.06
2025-04-01,ARG,2197.8
2025-04-01,FRA,2088.74
2025-04-01,ENG,2076.84
2025-04-01,GER,2070.19
2025-04-01,BRA,2048.92
2025-04-01,NED,2045.5
2025-04-01,POR,2036.67
2025-04-01,COL,2034.23
2025-04-01,JPN,2007.63
2025-04-01,ITA,1985.62
2025-04-01,URU,1968.46
2025-04-01,CRO,1958.41
2025-04-01,ECU,1949.22
2025-04-01,AUT,1926.59
2025-04-01,IRN,1923.01
2025-04-01,BEL,1922.13
2025-04-01,SUI,1896.89
2025-04-01,MAR,1893.17
2025-04-01,MEX,1886.65
2025-04-01,TUR,1882.93
2025-04-01,SEN,1875.94
2025-04-01,NOR,1874.41
2025-04-01,KOR,1872.28
2025-04-01,AUS,1862.58
2025-04-01,USA,1861.39
2025-04-01,CAN,1853.09
2025-04-01,CZE,1822.34
2025-04-01,SWE,1819.5
2025-04-01,PAR,1812.02
2025-04-01,UZB,1808.34
2025-04-01,ALG,1807.44
2025-04-01,SCO,1782.33
2025-04-01,EGY,1767.6
2025-04-01,PAN,1759.37
2025-04-01,NZL,1754.3
2025-04-01,CIV,1740.35
2025-04-01,JOR,1737.0
2025-04-01,TUN,1729.99
2025-04-01,IRQ,1675.78
2025-04-01,RSA,1668.9
2025-04-01,KSA,1665.25
2025-04-01,HAI,1654.64
2025-04-01,COD,1646.14
2025-04-01,JAM,1645.77
2025-04-01,QAT,1645.12
2025-04-01,CPV,1610.4
2025-04-01,BIH,1607.63
2025-04-01,GHA,1577.66
2025-04-01,CUW,1480.91
2025-07-01,ESP,2207.76
2025-07-01,ARG,2193.66
2025-07-01,FRA,2099.44
2025-07-01,POR,2059.61
2025-07-01,BRA,2051.91
2025-07-01,NED,2050.61
2025-07-01,ENG,2042.49
2025-07-01,GER,2032.85
2025-07-01,COL,2032.11
2025-07-01,JPN,1990.55
2025-07-01,CRO,1977.64
2025-07-01,ITA,1953.21
2025-07-01,URU,1951.58
2025-07-01,ECU,1947.13
2025-07-01,SUI,1941.15
2025-07-01,AUT,1934.95
2025-07-01,BEL,1922.65
2025-07-01,NOR,1911.1
2025-07-01,MAR,1909.14
2025-07-01,SEN,1904.39
2025-07-01,IRN,1902.5
2025-07-01,MEX,1895.57
2025-07-01,AUS,1891.58
2025-07-01,KOR,1888.06
2025-07-01,TUR,1880.61
2025-07-01,CAN,1865.56
2025-07-01,SWE,1854.4
2025-07-01,USA,1846.67
2025-07-01,PAR,1836.83
2025-07-01,UZB,1819.89
2025-07-01,CZE,1814.51
2025-07-01,ALG,1803.93
2025-07-01,PAN,1801.74
2025-07-01,EGY,1767.6
2025-07-01,NZL,1755.44
2025-07-01,SCO,1750.59
2025-07-01,CIV,1731.98
2025-07-01,TUN,1730.63
2025-07-01,JOR,1714.7
2025-07-01,KSA,1685.01
2025-07-01,IRQ,1682.69
2025-07-01,RSA,1674.68
2025-07-01,COD,1673.14
2025-07-01,JAM,1655.62
2025-07-01,QAT,1653.42
2025-07-01,CPV,1629.71
2025-07-01,BIH,1601.78
2025-07-01,HAI,1596.52
2025-07-01,GHA,1593.84
2025-07-01,CUW,1533.48
2025-10-01,ESP,2217.69
2025-10-01,ARG,2174.26
2025-10-01,FRA,2109.0
2025-10-01,POR,2066.39
2025-10-01,ENG,2061.19
2025-10-01,COL,2048.79
2025-10-01,NED,2041.67
2025-10-01,BRA,2033.59
2025-10-01,GER,2000.3
2025-10-01,CRO,1983.85
2025-10-01,SUI,1969.51
2025-10-01,ECU,1966.93
2025-10-01,ITA,1962.16
2025-10-01,URU,1959.42
2025-10-01,JPN,1954.81
2025-10-01,AUT,1940.1
2025-10-01,BEL,1927.54
2025-10-01,NOR,1920.04
2025-10-01,MAR,1917.89
2025-10-01,MEX,1917.44
2025-10-01,SEN,1914.14
2025-10-01,AUS,1914.07
2025-10-01,KOR,1907.95
2025-10-01,IRN,1902.5
2025-10-01,CAN,1894.39
2025-10-01,TUR,1882.79
2025-10-01,PAR,1854.18
2025-10-01,USA,1853.55
2025-10-01,SWE,1820.51
2025-10-01,UZB,1819.89
2025-10-01,CZE,1819.44
2025-10-01,ALG,1800.08
2025-10-01,PAN,1784.59
2025-10-01,SCO,1768.23
2025-10-01,EGY,1765.16
2025-10-01,TUN,1743.93
2025-10-01,NZL,1732.95
2025-10-01,JOR,1731.37
2025-10-01,CIV,1729.3
2025-10-01,KSA,1705.07
2025-10-01,IRQ,1696.28
2025-10-01,RSA,1683.47
2025-10-01,JAM,1678.71
2025-10-01,COD,1671.2
2025-10-01,CPV,1651.6
2025-10-01,QAT,1630.18
2025-10-01,HAI,1605.44
2025-10-01,GHA,1602.7
2025-10-01,BIH,1599.66
2025-10-01,CUW,1541.27
2026-01-01,ESP,2215.11
2026-01-01,ARG,2179.26
2026-01-01,FRA,2107.38
2026-01-01,ENG,2086.93
2026-01-01,COL,2077.45
2026-01-01,NED,2040.36
2026-01-01,BRA,2038.9
2026-01-01,GER,2022.62
2026-01-01,POR,2022.54
2026-01-01,JPN,1983.92
2026-01-01,CRO,1981.94
2026-01-01,SUI,1980.76
2026-01-01,ECU,1965.87
2026-01-01,NOR,1957.37
2026-01-01,MAR,1947.11
2026-01-01,ITA,1944.66
2026-01-01,URU,1933.29
2026-01-01,KOR,1923.98
2026-01-01,USA,1923.94
2026-01-01,TUR,1923.06
2026-01-01,BEL,1918.85
2026-01-01,SEN,1909.8
2026-01-01,AUT,1909.53
2026-01-01,CAN,1907.71
2026-01-01,MEX,1886.64
2026-01-01,IRN,1878.27
2026-01-01,AUS,1875.89
2026-01-01,ALG,1861.71
2026-01-01,PAR,1842.91
2026-01-01,UZB,1837.14
2026-01-01,SCO,1821.76
2026-01-01,CZE,1800.57
2026-01-01,PAN,1796.0
2026-01-01,SWE,1775.64
2026-01-01,CIV,1756.29
2026-01-01,JOR,1745.38
2026-01-01,COD,1738.54
2026-01-01,EGY,1727.62
2026-01-01,TUN,1720.7
2026-01-01,KSA,1716.63
2026-01-01,NZL,1716.0
2026-01-01,IRQ,1703.17
2026-01-01,RSA,1701.95
2026-01-01,CPV,1666.11
2026-01-01,JAM,1647.65
2026-01-01,BIH,1646.61
2026-01-01,HAI,1635.05
2026-01-01,GHA,1613.26
2026-01-01,QAT,1587.08
2026-01-01,CUW,1586.41
2026-04-01,ESP,2208.2
2026-04-01,ARG,2181.02
2026-04-01,FRA,2138.05
2026-04-01,ENG,2061.97
2026-04-01,NED,2048.26
2026-04-01,BRA,2047.65
2026-04-01,COL,2039.84
2026-04-01,GER,2038.13
2026-04-01,POR,2033.01
2026-04-01,JPN,2011.12
2026-04-01,MAR,2006.69
2026-04-01,CRO,1980.14
2026-04-01,ECU,1970.87
2026-04-01,SUI,1966.62
2026-04-01,NOR,1946.82
2026-04-01,BEL,1944.36
2026-04-01,ITA,1942.18
2026-04-01,TUR,1939.23
2026-04-01,URU,1935.64
2026-04-01,AUT,1931.69
2026-04-01,MEX,1920.37
2026-04-01,SEN,1916.6
2026-04-01,AUS,1891.98
2026-04-01,CAN,1891.09
2026-04-01,USA,1882.32
2026-04-01,IRN,1880.94
2026-04-01,KOR,1870.03
2026-04-01,ALG,1851.45
2026-04-01,PAR,1848.27
2026-04-01,UZB,1831.7
2026-04-01,SWE,1818.1
2026-04-01,CIV,1816.71
2026-04-01,CZE,1804.54
2026-04-01,EGY,1800.64
2026-04-01,SCO,1797.77
2026-04-01,PAN,1787.06
2026-04-01,JOR,1749.44
2026-04-01,COD,1738.37
2026-04-01,TUN,1737.57
2026-04-01,NZL,1723.41
2026-04-01,IRQ,1718.36
2026-04-01,KSA,1683.56
2026-04-01,RSA,1670.55
2026-04-01,BIH,1662.47
2026-04-01,CPV,1652.34
2026-04-01,JAM,1651.18
2026-04-01,HAI,1624.39
2026-04-01,GHA,1602.3
2026-04-01,QAT,1587.08
2026-04-01,CUW,1554.53
2026-07-01,ESP,2198.1
2026-07-01,ARG,2185.36
2026-07-01,FRA,2115.67
2026-07-01,ENG,2071.02
2026-07-01,BRA,2063.94
2026-07-01,COL,2052.33
2026-07-01,GER,2052.13
2026-07-01,POR,2047.4
2026-07-01,NED,2032.39
2026-07-01,JPN,2014.3
2026-07-01,MAR,2009.04
2026-07-01,BEL,1981.27
2026-07-01,ECU,1981.16
2026-07-01,SUI,1974.12
2026-07-01,NOR,1963.48
2026-07-01,CRO,1962.99
2026-07-01,MEX,1958.56
2026-07-01,TUR,1956.47
2026-07-01,ITA,1954.07
2026-07-01,AUT,1939.08
2026-07-01,URU,1935.64
2026-07-01,CAN,1904.07
2026-07-01,IRN,1897.2
2026-07-01,SEN,1891.89
2026-07-01,USA,1889.69
2026-07-01,ALG,1887.6
2026-07-01,AUS,1882.66
2026-07-01,KOR,1879.26
2026-07-01,PAR,1854.16
2026-07-01,CIV,1842.64
2026-07-01,CZE,1831.63
2026-07-01,SCO,1827.24
2026-07-01,EGY,1812.22
2026-07-01,UZB,1806.19
2026-07-01,SWE,1804.21
2026-07-01,PAN,1778.64
2026-07-01,COD,1733.09
2026-07-01,JOR,1731.22
2026-07-01,TUN,1718.08
2026-07-01,IRQ,1714.09
2026-07-01,KSA,1693.88
2026-07-01,NZL,1684.37
2026-07-01,RSA,1676.86
2026-07-01,BIH,1666.31
2026-07-01,HAI,1648.56
2026-07-01,CPV,1645.23
2026-07-01,JAM,1629.7
2026-07-01,GHA,1602.93
2026-07-01,QAT,1574.39
2026-07-01,CUW,1551.29
