ranking_date,team_id,points,rank
2000-01-01,FRA,1620.18,1
2000-01-01,BRA,1605.31,2
2000-01-01,ESP,1453.58,3
2000-01-01,ARG,1389.41,4
2000-01-01,NED,1378.36,5
2000-01-01,ENG,1365.0,6
2000-01-01,ITA,1346.84,7
2000-01-01,NOR,1338.66,8
2000-01-01,GER,1319.87,9
2000-01-01,CZE,1318.61,10
2000-01-01,MEX,1310.0,11
2000-01-01,CRO,1309.37,12
2000-01-01,SWE,1304.6,13
2000-01-01,POR,1296.98,14
2000-01-01,AUS,1257.17,15
2000-01-01,MAR,1217.03,16
2000-01-01,USA,1198.28,17
2000-01-01,PAR,1191.44,18
2000-01-01,BEL,1178.22,19
2000-01-01,IRN,1162.89,20
2000-01-01,KOR,1145.08,21
2000-01-01,COL,1107.11,22
2000-01-01,IRQ,1098.37,23
2000-01-01,KSA,1093.57,24
2000-01-01,TUN,1072.28,25
2000-01-01,SCO,1062.52,26
2000-01-01,AUT,1053.78,27
2000-01-01,URU,1047.71,28
2000-01-01,RSA,1037.27,29
2000-01-01,EGY,1034.56,30
2000-01-01,TUR,1009.91,31
2000-01-01,ECU,1006.46,32
2000-01-01,SUI,1005.33,33
2000-01-01,CIV,958.87,34
2000-01-01,UZB,958.19,35
2000-01-01,JPN,945.82,36
2000-01-01,QAT,943.78,37
2000-01-01,SEN,939.68,38
2000-01-01,CAN,926.86,39
2000-01-01,JAM,918.29,40
2000-01-01,ALG,917.56,41
2000-01-01,COD,901.28,42
2000-01-01,GHA,900.68,43
2000-01-01,NZL,887.93,44
2000-01-01,JOR,788.32,45
2000-01-01,HAI,778.56,46
2000-01-01,BIH,730.96,47
2000-01-01,PAN,693.33,48
2000-01-01,CPV,531.65,49
2000-01-01,CUW,515.28,50
2000-04-01,FRA,1632.23,1
2000-04-01,BRA,1595.72,2
2000-04-01,ESP,1490.56,3
2000-04-01,ARG,1408.0,4
2000-04-01,NED,1389.55,5
2000-04-01,ENG,1366.05,6
2000-04-01,ITA,1339.92,7
2000-04-01,CZE,1338.01,8
2000-04-01,NOR,1324.63,9
2000-04-01,CRO,1315.38,10
2000-04-01,POR,1314.82,11
2000-04-01,GER,1300.58,12
2000-04-01,MEX,1277.28,13
2000-04-01,SWE,1274.08,14
2000-04-01,USA,1226.72,15
2000-04-01,AUS,1196.01,16
2000-04-01,BEL,1192.05,17
2000-04-01,PAR,1148.75,18
2000-04-01,MAR,1143.19,19
2000-04-01,IRN,1138.52,20
2000-04-01,KOR,1133.61,21
2000-04-01,IRQ,1098.37,22
2000-04-01,KSA,1093.57,23
2000-04-01,COL,1092.04,24
2000-04-01,URU,1066.74,25
2000-04-01,CAN,1062.24,26
2000-04-01,SCO,1055.54,27
2000-04-01,RSA,1051.16,28
2000-04-01,EGY,1038.12,29
2000-04-01,AUT,1029.3,30
2000-04-01,SUI,1014.59,31
2000-04-01,TUN,1001.21,32
2000-04-01,TUR,994.24,33
2000-04-01,ECU,988.58,34
2000-04-01,JPN,976.81,35
2000-04-01,CIV,975.01,36
2000-04-01,UZB,972.88,37
2000-04-01,ALG,916.45,38
2000-04-01,SEN,913.43,39
2000-04-01,JAM,892.51,40
2000-04-01,GHA,888.46,41
2000-04-01,QAT,884.01,42
2000-04-01,COD,868.19,43
2000-04-01,NZL,856.76,44
2000-04-01,BIH,760.8,45
2000-04-01,HAI,748.88,46
2000-04-01,JOR,735.9,47
2000-04-01,PAN,733.5,48
2000-04-01,CPV,531.65,49
2000-04-01,CUW,519.57,50
2000-07-01,FRA,1680.02,1
2000-07-01,BRA,1582.41,2
2000-07-01,NED,1563.06,3
2000-07-01,ITA,1478.14,4
2000-07-01,ESP,1444.71,5
2000-07-01,ARG,1433.84,6
2000-07-01,POR,1422.17,7
2000-07-01,CZE,1331.6,8
2000-07-01,ENG,1330.86,9
2000-07-01,CRO,1310.8,10
2000-07-01,NOR,1302.63,11
2000-07-01,AUS,1272.48,12
2000-07-01,USA,1257.79,13
2000-07-01,MEX,1244.14,14
2000-07-01,GER,1220.51,15
2000-07-01,SWE,1217.69,16
2000-07-01,KOR,1199.89,17
2000-07-01,IRN,1162.14,18
2000-07-01,BEL,1150.52,19
2000-07-01,PAR,1143.84,20
2000-07-01,MAR,1135.88,21
2000-07-01,IRQ,1113.18,22
2000-07-01,CAN,1103.63,23
2000-07-01,COL,1102.57,24
2000-07-01,SCO,1092.86,25
2000-07-01,URU,1088.99,26
2000-07-01,EGY,1066.87,27
2000-07-01,TUR,1053.56,28
2000-07-01,JPN,1037.51,29
2000-07-01,TUN,1035.98,30
2000-07-01,SUI,1025.83,31
2000-07-01,KSA,1025.21,32
2000-07-01,AUT,1018.04,33
2000-07-01,ECU,1015.56,34
2000-07-01,RSA,1006.13,35
2000-07-01,CIV,982.32,36
2000-07-01,ALG,968.18,37
2000-07-01,QAT,964.11,38
2000-07-01,UZB,940.14,39
2000-07-01,NZL,938.5,40
2000-07-01,GHA,881.15,41
2000-07-01,COD,841.43,42
2000-07-01,SEN,826.33,43
2000-07-01,JAM,799.81,44
2000-07-01,JOR,779.17,45
2000-07-01,HAI,777.0,46
2000-07-01,BIH,760.8,47
2000-07-01,PAN,710.12,48
2000-07-01,CPV,659.39,49
2000-07-01,CUW,519.57,50
2000-10-01,FRA,1689.87,1
2000-10-01,NED,1547.59,2
2000-10-01,BRA,1510.26,3
2000-10-01,ITA,1437.89,4
2000-10-01,POR,1429.16,5
2000-10-01,ARG,1416.89,6
2000-10-01,ESP,1393.79,7
2000-10-01,ENG,1344.68,8
2000-10-01,CZE,1305.08,9
2000-10-01,GER,1303.18,10
2000-10-01,CRO,1293.73,11
2000-10-01,MEX,1286.91,12
2000-10-01,AUS,1272.48,13
2000-10-01,USA,1236.26,14
2000-10-01,NOR,1225.63,15
2000-10-01,KOR,1220.06,16
2000-10-01,PAR,1189.36,17
2000-10-01,SWE,1186.3,18
2000-10-01,BEL,1178.72,19
2000-10-01,COL,1162.49,20
2000-10-01,IRN,1131.26,21
2000-10-01,URU,1112.71,22
2000-10-01,KSA,1107.4,23
2000-10-01,SCO,1098.63,24
2000-10-01,MAR,1095.73,25
2000-10-01,EGY,1086.35,26
2000-10-01,AUT,1069.81,27
2000-10-01,JPN,1069.08,28
2000-10-01,TUN,1038.6,29
2000-10-01,IRQ,1034.19,30
2000-10-01,RSA,1016.7,31
2000-10-01,TUR,1016.38,32
2000-10-01,SUI,1014.97,33
2000-10-01,JAM,996.73,34
2000-10-01,CIV,992.36,35
2000-10-01,CAN,981.73,36
2000-10-01,ECU,968.27,37
2000-10-01,QAT,953.47,38
2000-10-01,NZL,953.08,39
2000-10-01,ALG,943.63,40
2000-10-01,GHA,894.42,41
2000-10-01,UZB,886.55,42
2000-10-01,COD,856.97,43
2000-10-01,SEN,830.18,44
2000-10-01,BIH,807.31,45
2000-10-01,JOR,789.03,46
2000-10-01,HAI,745.76,47
2000-10-01,PAN,678.78,48
2000-10-01,CPV,667.84,49
2000-10-01,CUW,519.57,50
2001-01-01,FRA,1660.23,1
2001-01-01,NED,1527.89,2
2001-01-01,BRA,1522.17,3
2001-01-01,ITA,1480.49,4
2001-01-01,POR,1466.83,5
2001-01-01,ARG,1465.04,6
2001-01-01,ESP,1375.65,7
2001-01-01,CZE,1300.54,8
2001-01-01,GER,1297.24,9
2001-01-01,ENG,1289.09,10
2001-01-01,CRO,1285.78,11
2001-01-01,USA,1274.81,12
2001-01-01,AUS,1274.36,13
2001-01-01,PAR,1247.38,14
2001-01-01,MEX,1243.9,15
2001-01-01,KOR,1239.44,16
2001-01-01,JPN,1214.72,17
2001-01-01,BEL,1186.63,18
2001-01-01,NOR,1178.91,19
2001-01-01,SWE,1173.65,20
2001-01-01,IRN,1163.54,21
2001-01-01,KSA,1134.04,22
2001-01-01,COL,1122.07,23
2001-01-01,EGY,1109.82,24
2001-01-01,URU,1092.67,25
2001-01-01,AUT,1084.99,26
2001-01-01,SCO,1084.47,27
2001-01-01,TUN,1056.51,28
2001-01-01,RSA,1047.24,29
2001-01-01,SUI,1022.77,30
2001-01-01,MAR,1021.4,31
2001-01-01,TUR,1020.79,32
2001-01-01,ECU,1006.78,33
2001-01-01,CIV,1006.03,34
2001-01-01,CAN,1003.67,35
2001-01-01,IRQ,1001.44,36
2001-01-01,QAT,961.17,37
2001-01-01,NZL,953.08,38
2001-01-01,ALG,936.71,39
2001-01-01,JAM,930.93,40
2001-01-01,GHA,905.14,41
2001-01-01,UZB,855.82,42
2001-01-01,COD,842.13,43
2001-01-01,JOR,836.22,44
2001-01-01,SEN,830.18,45
2001-01-01,BIH,784.66,46
2001-01-01,HAI,745.76,47
2001-01-01,CPV,667.84,48
2001-01-01,PAN,659.29,49
2001-01-01,CUW,519.57,50
2001-04-01,FRA,1645.94,1
2001-04-01,NED,1510.21,2
2001-04-01,ARG,1491.61,3
2001-04-01,BRA,1481.35,4
2001-04-01,ITA,1476.04,5
2001-04-01,POR,1469.86,6
2001-04-01,ESP,1367.23,7
2001-04-01,ENG,1348.63,8
2001-04-01,GER,1313.45,9
2001-04-01,CRO,1305.19,10
2001-04-01,USA,1293.86,11
2001-04-01,CZE,1284.23,12
2001-04-01,PAR,1263.12,13
2001-04-01,AUS,1247.67,14
2001-04-01,KOR,1230.29,15
2001-04-01,COL,1218.05,16
2001-04-01,IRN,1203.83,17
2001-04-01,SWE,1199.14,18
2001-04-01,KSA,1198.12,19
2001-04-01,BEL,1185.33,20
2001-04-01,MEX,1182.77,21
2001-04-01,JPN,1179.95,22
2001-04-01,NOR,1152.71,23
2001-04-01,URU,1102.69,24
2001-04-01,EGY,1094.42,25
2001-04-01,SCO,1092.36,26
2001-04-01,AUT,1082.72,27
2001-04-01,MAR,1079.57,28
2001-04-01,RSA,1057.39,29
2001-04-01,TUR,1051.47,30
2001-04-01,ECU,1046.29,31
2001-04-01,CIV,1045.27,32
2001-04-01,TUN,1040.28,33
2001-04-01,QAT,1033.97,34
2001-04-01,CAN,1003.67,35
2001-04-01,SUI,1001.81,36
2001-04-01,IRQ,993.71,37
2001-04-01,NZL,953.08,38
2001-04-01,ALG,952.49,39
2001-04-01,JAM,936.32,40
2001-04-01,SEN,914.3,41
2001-04-01,GHA,860.89,42
2001-04-01,BIH,857.72,43
2001-04-01,JOR,847.13,44
2001-04-01,UZB,800.0,45
2001-04-01,COD,781.9,46
2001-04-01,HAI,745.76,47
2001-04-01,PAN,697.14,48
2001-04-01,CPV,667.84,49
2001-04-01,CUW,519.57,50
2001-07-01,FRA,1684.58,1
2001-07-01,NED,1518.35,2
2001-07-01,ARG,1493.3,3
2001-07-01,ITA,1486.47,4
2001-07-01,POR,1439.77,5
2001-07-01,BRA,1412.02,6
2001-07-01,ENG,1394.57,7
2001-07-01,ESP,1376.59,8
2001-07-01,AUS,1361.77,9
2001-07-01,GER,1325.77,10
2001-07-01,USA,1306.49,11
2001-07-01,CRO,1299.51,12
2001-07-01,KOR,1292.08,13
2001-07-01,PAR,1276.17,14
2001-07-01,CZE,1263.31,15
2001-07-01,SWE,1252.89,16
2001-07-01,JPN,1251.22,17
2001-07-01,KSA,1198.12,18
2001-07-01,BEL,1197.9,19
2001-07-01,COL,1179.54,20
2001-07-01,IRN,1151.31,21
2001-07-01,NOR,1146.34,22
2001-07-01,URU,1121.32,23
2001-07-01,ECU,1107.32,24
2001-07-01,SCO,1095.75,25
2001-07-01,EGY,1092.98,26
2001-07-01,AUT,1085.87,27
2001-07-01,MAR,1084.22,28
2001-07-01,CIV,1080.12,29
2001-07-01,TUN,1069.45,30
2001-07-01,RSA,1051.85,31
2001-07-01,MEX,1051.55,32
2001-07-01,QAT,1033.97,33
2001-07-01,JAM,1003.48,34
2001-07-01,TUR,996.36,35
2001-07-01,NZL,980.55,36
2001-07-01,CAN,964.87,37
2001-07-01,SUI,961.87,38
2001-07-01,IRQ,950.97,39
2001-07-01,UZB,927.63,40
2001-07-01,ALG,907.47,41
2001-07-01,SEN,898.96,42
2001-07-01,GHA,887.89,43
2001-07-01,BIH,862.09,44
2001-07-01,HAI,844.14,45
2001-07-01,COD,816.32,46
2001-07-01,JOR,800.84,47
2001-07-01,PAN,744.75,48
2001-07-01,CPV,681.63,49
2001-07-01,CUW,519.57,50
2001-10-01,FRA,1649.06,1
2001-10-01,ARG,1519.12,2
2001-10-01,NED,1512.12,3
2001-10-01,ITA,1473.04,4
2001-10-01,POR,1449.46,5
2001-10-01,ENG,1413.51,6
2001-10-01,ESP,1396.74,7
2001-10-01,JPN,1348.18,8
2001-10-01,COL,1333.84,9
2001-10-01,BRA,1330.18,10
2001-10-01,AUS,1318.08,11
2001-10-01,GER,1302.3,12
2001-10-01,SWE,1292.6,13
2001-10-01,CRO,1289.54,14
2001-10-01,KOR,1259.97,15
2001-10-01,CZE,1257.45,16
2001-10-01,MEX,1208.8,17
2001-10-01,USA,1208.07,18
2001-10-01,IRN,1189.0,19
2001-10-01,PAR,1171.52,20
2001-10-01,BEL,1171.33,21
2001-10-01,KSA,1149.87,22
2001-10-01,NOR,1112.12,23
2001-10-01,TUN,1111.77,24
2001-10-01,URU,1109.41,25
2001-10-01,EGY,1096.52,26
2001-10-01,QAT,1078.18,27
2001-10-01,SCO,1072.57,28
2001-10-01,AUT,1061.85,29
2001-10-01,CIV,1052.1,30
2001-10-01,MAR,1046.34,31
2001-10-01,ECU,1036.93,32
2001-10-01,TUR,1009.08,33
2001-10-01,RSA,986.58,34
2001-10-01,NZL,980.55,35
2001-10-01,SUI,978.27,36
2001-10-01,CAN,964.87,37
2001-10-01,SEN,947.1,38
2001-10-01,IRQ,925.59,39
2001-10-01,ALG,915.6,40
2001-10-01,UZB,912.44,41
2001-10-01,JAM,903.14,42
2001-10-01,GHA,898.12,43
2001-10-01,HAI,844.14,44
2001-10-01,BIH,842.84,45
2001-10-01,COD,829.87,46
2001-10-01,JOR,800.84,47
2001-10-01,PAN,714.87,48
2001-10-01,CPV,681.63,49
2001-10-01,CUW,519.57,50
2002-01-01,FRA,1640.75,1
2002-01-01,NED,1502.89,2
2002-01-01,ARG,1498.93,3
2002-01-01,ITA,1469.63,4
2002-01-01,POR,1461.72,5
2002-01-01,ESP,1413.44,6
2002-01-01,ENG,1394.7,7
2002-01-01,COL,1363.83,8
2002-01-01,GER,1302.08,9
2002-01-01,SWE,1300.12,10
2002-01-01,BRA,1294.31,11
2002-01-01,JPN,1294.2,12
2002-01-01,AUS,1289.47,13
2002-01-01,KOR,1286.2,14
2002-01-01,CRO,1268.05,15
2002-01-01,MEX,1242.56,16
2002-01-01,CZE,1233.52,17
2002-01-01,BEL,1207.81,18
2002-01-01,IRN,1192.85,19
2002-01-01,USA,1189.03,20
2002-01-01,URU,1171.93,21
2002-01-01,TUN,1135.64,22
2002-01-01,KSA,1133.67,23
2002-01-01,NOR,1123.87,24
2002-01-01,PAR,1102.12,25
2002-01-01,TUR,1091.3,26
2002-01-01,SCO,1080.01,27
2002-01-01,CIV,1073.75,28
2002-01-01,EGY,1067.01,29
2002-01-01,ECU,1058.75,30
2002-01-01,MAR,1037.06,31
2002-01-01,QAT,1017.4,32
2002-01-01,RSA,1013.76,33
2002-01-01,SEN,1002.17,34
2002-01-01,AUT,991.25,35
2002-01-01,NZL,980.55,36
2002-01-01,SUI,950.12,37
2002-01-01,CAN,923.58,38
2002-01-01,ALG,912.2,39
2002-01-01,UZB,903.6,40
2002-01-01,IRQ,901.09,41
2002-01-01,GHA,883.05,42
2002-01-01,JAM,881.8,43
2002-01-01,HAI,855.56,44
2002-01-01,BIH,852.4,45
2002-01-01,JOR,800.84,46
2002-01-01,COD,789.28,47
2002-01-01,PAN,714.87,48
2002-01-01,CPV,677.32,49
2002-01-01,CUW,519.57,50
2002-04-01,FRA,1655.66,1
2002-04-01,NED,1517.24,2
2002-04-01,ITA,1502.46,3
2002-04-01,ARG,1471.32,4
2002-04-01,ESP,1396.56,5
2002-04-01,POR,1394.77,6
2002-04-01,ENG,1380.41,7
2002-04-01,COL,1363.83,8
2002-04-01,BRA,1358.39,9
2002-04-01,GER,1357.21,10
2002-04-01,JPN,1328.36,11
2002-04-01,AUS,1289.47,12
2002-04-01,SWE,1276.34,13
2002-04-01,USA,1266.48,14
2002-04-01,CRO,1249.31,15
2002-04-01,MEX,1246.59,16
2002-04-01,CZE,1241.19,17
2002-04-01,BEL,1226.71,18
2002-04-01,KOR,1173.28,19
2002-04-01,IRN,1169.43,20
2002-04-01,URU,1169.23,21
2002-04-01,SEN,1165.33,22
2002-04-01,KSA,1153.88,23
2002-04-01,ECU,1103.08,24
2002-04-01,NOR,1102.86,25
2002-04-01,PAR,1094.57,26
2002-04-01,TUR,1071.99,27
2002-04-01,SCO,1070.82,28
2002-04-01,TUN,1058.23,29
2002-04-01,EGY,1042.57,30
2002-04-01,AUT,1023.86,31
2002-04-01,MAR,1002.12,32
2002-04-01,QAT,996.66,33
2002-04-01,NZL,980.55,34
2002-04-01,SUI,977.51,35
2002-04-01,IRQ,969.36,36
2002-04-01,CAN,964.84,37
2002-04-01,CIV,950.85,38
2002-04-01,RSA,911.73,39
2002-04-01,UZB,903.6,40
2002-04-01,GHA,889.56,41
2002-04-01,JAM,881.8,42
2002-04-01,HAI,862.85,43
2002-04-01,BIH,844.21,44
2002-04-01,ALG,836.76,45
2002-04-01,COD,827.29,46
2002-04-01,JOR,748.74,47
2002-04-01,PAN,714.87,48
2002-04-01,CPV,677.32,49
2002-04-01,CUW,519.57,50
2002-07-01,BRA,1646.82,1
2002-07-01,NED,1536.79,2
2002-07-01,GER,1483.59,3
2002-07-01,ESP,1465.47,4
2002-07-01,ENG,1449.24,5
2002-07-01,ARG,1443.15,6
2002-07-01,FRA,1416.57,7
2002-07-01,ITA,1362.77,8
2002-07-01,POR,1341.35,9
2002-07-01,COL,1334.87,10
2002-07-01,KOR,1308.08,11
2002-07-01,AUS,1289.47,12
2002-07-01,TUR,1279.31,13
2002-07-01,MEX,1278.65,14
2002-07-01,JPN,1274.6,15
2002-07-01,USA,1271.43,16
2002-07-01,CZE,1265.02,17
2002-07-01,SWE,1256.72,18
2002-07-01,SEN,1240.23,19
2002-07-01,BEL,1231.96,20
2002-07-01,CRO,1229.99,21
2002-07-01,URU,1197.77,22
2002-07-01,IRN,1189.12,23
2002-07-01,NOR,1153.83,24
2002-07-01,ECU,1113.58,25
2002-07-01,PAR,1108.68,26
2002-07-01,RSA,1056.09,27
2002-07-01,EGY,1042.57,28
2002-07-01,KSA,1028.89,29
2002-07-01,AUT,1013.31,30
2002-07-01,MAR,1002.12,31
2002-07-01,CAN,999.41,32
2002-07-01,QAT,996.66,33
2002-07-01,SCO,984.95,34
2002-07-01,NZL,980.55,35
2002-07-01,IRQ,969.36,36
2002-07-01,TUN,960.68,37
2002-07-01,CIV,950.85,38
2002-07-01,SUI,942.94,39
2002-07-01,UZB,867.23,40
2002-07-01,GHA,867.15,41
2002-07-01,HAI,862.85,42
2002-07-01,JAM,855.97,43
2002-07-01,ALG,850.74,44
2002-07-01,BIH,832.43,45
2002-07-01,COD,827.29,46
2002-07-01,JOR,748.74,47
2002-07-01,PAN,714.87,48
2002-07-01,CPV,677.32,49
2002-07-01,CUW,519.57,50
2002-10-01,BRA,1606.89,1
2002-10-01,NED,1550.34,2
2002-10-01,GER,1468.83,3
2002-10-01,ESP,1459.92,4
2002-10-01,ENG,1444.64,5
2002-10-01,ARG,1443.15,6
2002-10-01,FRA,1404.63,7
2002-10-01,POR,1345.94,8
2002-10-01,COL,1334.87,9
2002-10-01,ITA,1328.25,10
2002-10-01,CZE,1317.35,11
2002-10-01,AUS,1313.42,12
2002-10-01,TUR,1310.26,13
2002-10-01,KOR,1292.29,14
2002-10-01,MEX,1278.65,15
2002-10-01,JPN,1274.6,16
2002-10-01,USA,1271.43,17
2002-10-01,SEN,1242.0,18
2002-10-01,SWE,1231.89,19
2002-10-01,CRO,1199.91,20
2002-10-01,URU,1197.77,21
2002-10-01,BEL,1179.45,22
2002-10-01,NOR,1153.78,23
2002-10-01,IRN,1150.41,24
2002-10-01,PAR,1148.7,25
2002-10-01,NZL,1121.7,26
2002-10-01,ECU,1113.58,27
2002-10-01,RSA,1071.44,28
2002-10-01,IRQ,1046.12,29
2002-10-01,KSA,1028.89,30
2002-10-01,MAR,1025.28,31
2002-10-01,EGY,1019.63,32
2002-10-01,SUI,999.89,33
2002-10-01,CAN,999.41,34
2002-10-01,AUT,997.95,35
2002-10-01,QAT,996.66,36
2002-10-01,CIV,977.02,37
2002-10-01,TUN,976.52,38
2002-10-01,SCO,958.94,39
2002-10-01,JAM,898.17,40
2002-10-01,HAI,862.85,41
2002-10-01,ALG,851.71,42
2002-10-01,GHA,836.86,43
2002-10-01,COD,828.12,44
2002-10-01,JOR,819.46,45
2002-10-01,UZB,810.84,46
2002-10-01,BIH,798.74,47
2002-10-01,PAN,714.87,48
2002-10-01,CPV,693.78,49
2002-10-01,CUW,517.12,50
2003-01-01,BRA,1617.24,1
2003-01-01,NED,1586.29,2
2003-01-01,ARG,1465.55,3
2003-01-01,ESP,1462.35,4
2003-01-01,FRA,1442.39,5
2003-01-01,ENG,1430.33,6
2003-01-01,GER,1423.71,7
2003-01-01,POR,1364.82,8
2003-01-01,CZE,1323.71,9
2003-01-01,TUR,1314.54,10
2003-01-01,AUS,1313.42,11
2003-01-01,COL,1305.09,12
2003-01-01,ITA,1284.07,13
2003-01-01,KOR,1281.94,14
2003-01-01,USA,1280.98,15
2003-01-01,MEX,1278.65,16
2003-01-01,JPN,1238.29,17
2003-01-01,SEN,1231.48,18
2003-01-01,SWE,1206.78,19
2003-01-01,NOR,1205.72,20
2003-01-01,BEL,1188.95,21
2003-01-01,CRO,1178.84,22
2003-01-01,URU,1164.54,23
2003-01-01,PAR,1160.91,24
2003-01-01,IRN,1150.41,25
2003-01-01,ECU,1071.09,26
2003-01-01,RSA,1063.24,27
2003-01-01,KSA,1063.01,28
2003-01-01,NZL,1050.91,29
2003-01-01,EGY,1029.79,30
2003-01-01,SUI,1022.67,31
2003-01-01,QAT,1021.28,32
2003-01-01,IRQ,1015.44,33
2003-01-01,MAR,1008.51,34
2003-01-01,SCO,1006.64,35
2003-01-01,AUT,997.84,36
2003-01-01,TUN,991.51,37
2003-01-01,CIV,977.02,38
2003-01-01,CAN,964.86,39
2003-01-01,JAM,958.24,40
2003-01-01,JOR,921.99,41
2003-01-01,HAI,887.7,42
2003-01-01,ALG,873.86,43
2003-01-01,COD,841.76,44
2003-01-01,GHA,839.47,45
2003-01-01,UZB,810.84,46
2003-01-01,BIH,804.45,47
2003-01-01,PAN,714.87,48
2003-01-01,CPV,659.81,49
2003-01-01,CUW,499.81,50
2003-04-01,NED,1595.88,1
2003-04-01,BRA,1564.92,2
2003-04-01,ARG,1492.15,3
2003-04-01,ESP,1476.84,4
2003-04-01,FRA,1403.51,5
2003-04-01,ENG,1390.04,6
2003-04-01,CZE,1374.72,7
2003-04-01,POR,1371.71,8
2003-04-01,GER,1371.62,9
2003-04-01,AUS,1354.62,10
2003-04-01,ITA,1327.2,11
2003-04-01,USA,1309.59,12
2003-04-01,COL,1302.42,13
2003-04-01,TUR,1301.79,14
2003-04-01,KOR,1282.86,15
2003-04-01,MEX,1270.87,16
2003-04-01,JPN,1235.11,17
2003-04-01,SWE,1219.39,18
2003-04-01,CRO,1206.19,19
2003-04-01,SEN,1182.42,20
2003-04-01,NOR,1172.33,21
2003-04-01,URU,1167.12,22
2003-04-01,BEL,1159.47,23
2003-04-01,IRN,1151.02,24
2003-04-01,PAR,1143.82,25
2003-04-01,ECU,1093.47,26
2003-04-01,RSA,1081.71,27
2003-04-01,KSA,1063.01,28
2003-04-01,SUI,1061.78,29
2003-04-01,EGY,1060.65,30
2003-04-01,NZL,1050.91,31
2003-04-01,TUN,1044.87,32
2003-04-01,CIV,1042.25,33
2003-04-01,MAR,1026.82,34
2003-04-01,IRQ,1015.44,35
2003-04-01,SCO,1005.8,36
2003-04-01,AUT,1001.77,37
2003-04-01,JAM,960.88,38
2003-04-01,CAN,935.48,39
2003-04-01,JOR,921.99,40
2003-04-01,QAT,912.69,41
2003-04-01,COD,875.46,42
2003-04-01,ALG,873.13,43
2003-04-01,GHA,830.35,44
2003-04-01,BIH,818.01,45
2003-04-01,UZB,810.84,46
2003-04-01,HAI,810.2,47
2003-04-01,PAN,707.53,48
2003-04-01,CPV,686.01,49
2003-04-01,CUW,499.81,50
2003-07-01,NED,1591.37,1
2003-07-01,BRA,1533.68,2
2003-07-01,ARG,1528.21,3
2003-07-01,FRA,1500.4,4
2003-07-01,ENG,1443.11,5
2003-07-01,ESP,1438.96,6
2003-07-01,CZE,1427.38,7
2003-07-01,POR,1382.72,8
2003-07-01,GER,1381.26,9
2003-07-01,ITA,1361.54,10
2003-07-01,AUS,1354.62,11
2003-07-01,USA,1293.34,12
2003-07-01,MEX,1283.54,13
2003-07-01,TUR,1278.93,14
2003-07-01,COL,1258.25,15
2003-07-01,CRO,1240.0,16
2003-07-01,SWE,1239.17,17
2003-07-01,KOR,1228.3,18
2003-07-01,URU,1208.12,19
2003-07-01,JPN,1206.09,20
2003-07-01,BEL,1190.33,21
2003-07-01,SEN,1174.43,22
2003-07-01,PAR,1167.93,23
2003-07-01,NOR,1166.69,24
2003-07-01,IRN,1151.02,25
2003-07-01,RSA,1100.55,26
2003-07-01,ECU,1081.64,27
2003-07-01,EGY,1076.97,28
2003-07-01,TUN,1073.18,29
2003-07-01,CIV,1054.3,30
2003-07-01,SUI,1053.54,31
2003-07-01,MAR,1033.17,32
2003-07-01,KSA,1020.0,33
2003-07-01,IRQ,1015.44,34
2003-07-01,AUT,1013.03,35
2003-07-01,NZL,977.29,36
2003-07-01,JAM,965.27,37
2003-07-01,SCO,955.89,38
2003-07-01,CAN,923.48,39
2003-07-01,JOR,921.99,40
2003-07-01,QAT,912.69,41
2003-07-01,COD,903.5,42
2003-07-01,ALG,877.03,43
2003-07-01,BIH,860.11,44
2003-07-01,HAI,810.2,45
2003-07-01,UZB,789.55,46
2003-07-01,GHA,783.53,47
2003-07-01,PAN,783.28,48
2003-07-01,CPV,663.51,49
2003-07-01,CUW,499.81,50
2003-10-01,NED,1541.59,1
2003-10-01,BRA,1529.16,2
2003-10-01,FRA,1524.15,3
2003-10-01,ARG,1519.32,4
2003-10-01,ESP,1479.96,5
2003-10-01,CZE,1477.15,6
2003-10-01,ENG,1467.79,7
2003-10-01,ITA,1383.83,8
2003-10-01,POR,1363.67,9
2003-10-01,USA,1353.34,10
2003-10-01,GER,1349.51,11
2003-10-01,AUS,1340.69,12
2003-10-01,MEX,1298.08,13
2003-10-01,TUR,1287.89,14
2003-10-01,KOR,1249.37,15
2003-10-01,SWE,1240.46,16
2003-10-01,BEL,1228.09,17
2003-10-01,URU,1219.35,18
2003-10-01,JPN,1216.94,19
2003-10-01,SEN,1199.84,20
2003-10-01,CRO,1198.17,21
2003-10-01,COL,1144.52,22
2003-10-01,PAR,1123.16,23
2003-10-01,ECU,1122.27,24
2003-10-01,NOR,1110.63,25
2003-10-01,IRN,1086.31,26
2003-10-01,TUN,1085.08,27
2003-10-01,EGY,1076.97,28
2003-10-01,RSA,1076.42,29
2003-10-01,MAR,1056.01,30
2003-10-01,AUT,1047.11,31
2003-10-01,CIV,1032.17,32
2003-10-01,KSA,1009.28,33
2003-10-01,SUI,1006.15,34
2003-10-01,IRQ,992.31,35
2003-10-01,NZL,977.29,36
2003-10-01,JAM,969.33,37
2003-10-01,SCO,965.39,38
2003-10-01,JOR,942.11,39
2003-10-01,COD,920.16,40
2003-10-01,CAN,917.96,41
2003-10-01,BIH,897.19,42
2003-10-01,ALG,881.06,43
2003-10-01,QAT,869.22,44
2003-10-01,HAI,836.71,45
2003-10-01,UZB,823.48,46
2003-10-01,GHA,758.92,47
2003-10-01,PAN,733.98,48
2003-10-01,CPV,649.22,49
2003-10-01,CUW,499.81,50
2004-01-01,FRA,1559.34,1
2004-01-01,NED,1516.38,2
2004-01-01,ARG,1511.26,3
2004-01-01,BRA,1507.54,4
2004-01-01,ESP,1506.93,5
2004-01-01,CZE,1492.53,6
2004-01-01,ENG,1432.34,7
2004-01-01,POR,1381.36,8
2004-01-01,USA,1353.34,9
2004-01-01,ITA,1351.05,10
2004-01-01,AUS,1340.69,11
2004-01-01,GER,1332.76,12
2004-01-01,URU,1252.65,13
2004-01-01,MEX,1244.21,14
2004-01-01,JPN,1243.67,15
2004-01-01,TUR,1239.57,16
2004-01-01,BEL,1236.77,17
2004-01-01,CRO,1225.03,18
2004-01-01,EGY,1202.39,19
2004-01-01,SEN,1188.73,20
2004-01-01,SWE,1175.15,21
2004-01-01,IRN,1174.45,22
2004-01-01,PAR,1160.99,23
2004-01-01,KOR,1160.33,24
2004-01-01,COL,1129.44,25
2004-01-01,TUN,1102.55,26
2004-01-01,NOR,1088.81,27
2004-01-01,KSA,1086.23,28
2004-01-01,SUI,1059.32,29
2004-01-01,ECU,1054.47,30
2004-01-01,RSA,1050.82,31
2004-01-01,MAR,1043.67,32
2004-01-01,AUT,1039.87,33
2004-01-01,CIV,1015.57,34
2004-01-01,IRQ,1006.52,35
2004-01-01,SCO,1002.8,36
2004-01-01,JAM,994.16,37
2004-01-01,JOR,987.48,38
2004-01-01,NZL,946.03,39
2004-01-01,COD,920.16,40
2004-01-01,ALG,918.67,41
2004-01-01,QAT,917.42,42
2004-01-01,BIH,912.88,43
2004-01-01,UZB,885.48,44
2004-01-01,CAN,879.05,45
2004-01-01,HAI,856.47,46
2004-01-01,GHA,781.45,47
2004-01-01,PAN,733.98,48
2004-01-01,CPV,664.3,49
2004-01-01,CUW,499.81,50
2004-04-01,FRA,1572.69,1
2004-04-01,ESP,1538.01,2
2004-04-01,NED,1533.89,3
2004-04-01,ARG,1517.59,4
2004-04-01,BRA,1486.49,5
2004-04-01,CZE,1456.98,6
2004-04-01,ENG,1394.83,7
2004-04-01,ITA,1380.65,8
2004-04-01,GER,1380.49,9
2004-04-01,POR,1359.91,10
2004-04-01,USA,1338.14,11
2004-04-01,AUS,1336.9,12
2004-04-01,JPN,1283.65,13
2004-04-01,MEX,1273.93,14
2004-04-01,TUR,1238.17,15
2004-04-01,CRO,1208.51,16
2004-04-01,MAR,1198.35,17
2004-04-01,NOR,1196.73,18
2004-04-01,IRN,1196.59,19
2004-04-01,BEL,1191.78,20
2004-04-01,KOR,1182.82,21
2004-04-01,TUN,1180.67,22
2004-04-01,PAR,1173.84,23
2004-04-01,EGY,1163.51,24
2004-04-01,COL,1153.61,25
2004-04-01,URU,1152.69,26
2004-04-01,SEN,1152.38,27
2004-04-01,KSA,1135.97,28
2004-04-01,SWE,1128.23,29
2004-04-01,CIV,1062.33,30
2004-04-01,JOR,1049.23,31
2004-04-01,JAM,1040.66,32
2004-04-01,AUT,1036.77,33
2004-04-01,ECU,1033.06,34
2004-04-01,SUI,1026.61,35
2004-04-01,IRQ,968.01,36
2004-04-01,RSA,946.71,37
2004-04-01,NZL,946.03,38
2004-04-01,SCO,940.49,39
2004-04-01,CAN,898.56,40
2004-04-01,UZB,893.92,41
2004-04-01,QAT,891.94,42
2004-04-01,ALG,886.58,43
2004-04-01,BIH,886.45,44
2004-04-01,HAI,871.06,45
2004-04-01,COD,799.91,46
2004-04-01,GHA,781.45,47
2004-04-01,PAN,712.1,48
2004-04-01,CPV,664.3,49
2004-04-01,CUW,572.37,50
2004-07-01,CZE,1558.35,1
2004-07-01,FRA,1527.79,2
2004-07-01,BRA,1524.73,3
2004-07-01,ESP,1475.18,4
2004-07-01,ENG,1440.54,5
2004-07-01,ARG,1437.31,6
2004-07-01,POR,1436.02,7
2004-07-01,ITA,1412.25,8
2004-07-01,NED,1394.31,9
2004-07-01,USA,1383.6,10
2004-07-01,AUS,1333.18,11
2004-07-01,TUR,1307.05,12
2004-07-01,JPN,1294.86,13
2004-07-01,SWE,1292.45,14
2004-07-01,MEX,1264.6,15
2004-07-01,GER,1249.12,16
2004-07-01,COL,1231.72,17
2004-07-01,IRN,1228.65,18
2004-07-01,CRO,1221.3,19
2004-07-01,BEL,1207.87,20
2004-07-01,NOR,1206.47,21
2004-07-01,KOR,1202.61,22
2004-07-01,EGY,1177.78,23
2004-07-01,MAR,1164.91,24
2004-07-01,PAR,1152.57,25
2004-07-01,KSA,1152.12,26
2004-07-01,TUN,1142.71,27
2004-07-01,CIV,1131.93,28
2004-07-01,SEN,1104.36,29
2004-07-01,ECU,1073.9,30
2004-07-01,URU,1068.53,31
2004-07-01,JOR,1062.03,32
2004-07-01,JAM,1051.76,33
2004-07-01,AUT,1042.69,34
2004-07-01,NZL,1023.53,35
2004-07-01,SUI,1005.39,36
2004-07-01,SCO,977.76,37
2004-07-01,QAT,919.45,38
2004-07-01,CAN,919.03,39
2004-07-01,BIH,914.46,40
2004-07-01,RSA,904.21,41
2004-07-01,IRQ,875.61,42
2004-07-01,ALG,872.55,43
2004-07-01,UZB,860.77,44
2004-07-01,PAN,841.12,45
2004-07-01,HAI,825.61,46
2004-07-01,GHA,810.56,47
2004-07-01,COD,767.1,48
2004-07-01,CPV,672.73,49
2004-07-01,CUW,579.83,50
2004-10-01,ARG,1532.72,1
2004-10-01,BRA,1517.15,2
2004-10-01,FRA,1492.94,3
2004-10-01,CZE,1456.45,4
2004-10-01,ENG,1446.34,5
2004-10-01,ESP,1445.86,6
2004-10-01,NED,1431.46,7
2004-10-01,POR,1401.68,8
2004-10-01,ITA,1369.78,9
2004-10-01,USA,1350.76,10
2004-10-01,JPN,1343.69,11
2004-10-01,AUS,1333.18,12
2004-10-01,IRN,1291.43,13
2004-10-01,MEX,1284.3,14
2004-10-01,GER,1280.44,15
2004-10-01,CRO,1279.2,16
2004-10-01,SWE,1276.33,17
2004-10-01,TUR,1254.49,18
2004-10-01,URU,1239.68,19
2004-10-01,KOR,1214.98,20
2004-10-01,COL,1199.93,21
2004-10-01,BEL,1189.03,22
2004-10-01,EGY,1182.53,23
2004-10-01,NOR,1178.64,24
2004-10-01,PAR,1177.81,25
2004-10-01,MAR,1166.18,26
2004-10-01,CIV,1136.04,27
2004-10-01,TUN,1098.89,28
2004-10-01,SEN,1088.28,29
2004-10-01,KSA,1074.84,30
2004-10-01,JAM,1050.24,31
2004-10-01,AUT,1048.48,32
2004-10-01,JOR,1032.18,33
2004-10-01,NZL,1023.53,34
2004-10-01,SUI,1023.05,35
2004-10-01,ECU,978.02,36
2004-10-01,SCO,952.2,37
2004-10-01,BIH,950.35,38
2004-10-01,UZB,949.02,39
2004-10-01,RSA,941.82,40
2004-10-01,IRQ,884.32,41
2004-10-01,QAT,880.21,42
2004-10-01,CAN,876.02,43
2004-10-01,PAN,870.94,44
2004-10-01,GHA,833.71,45
2004-10-01,HAI,819.29,46
2004-10-01,ALG,811.3,47
2004-10-01,COD,770.19,48
2004-10-01,CPV,651.36,49
2004-10-01,CUW,579.83,50
2005-01-01,ARG,1544.08,1
2005-01-01,CZE,1479.33,2
2005-01-01,FRA,1478.59,3
2005-01-01,BRA,1472.11,4
2005-01-01,ESP,1466.52,5
2005-01-01,ENG,1435.07,6
2005-01-01,NED,1426.01,7
2005-01-01,POR,1405.65,8
2005-01-01,AUS,1365.43,9
2005-01-01,USA,1356.23,10
2005-01-01,MEX,1354.38,11
2005-01-01,ITA,1349.41,12
2005-01-01,GER,1345.52,13
2005-01-01,SWE,1320.43,14
2005-01-01,JPN,1316.71,15
2005-01-01,IRN,1274.86,16
2005-01-01,CRO,1251.24,17
2005-01-01,KOR,1245.67,18
2005-01-01,URU,1231.67,19
2005-01-01,NOR,1223.44,20
2005-01-01,COL,1221.75,21
2005-01-01,TUR,1203.88,22
2005-01-01,MAR,1169.36,23
2005-01-01,PAR,1152.65,24
2005-01-01,EGY,1145.08,25
2005-01-01,CIV,1140.28,26
2005-01-01,BEL,1126.92,27
2005-01-01,SEN,1113.34,28
2005-01-01,TUN,1081.7,29
2005-01-01,JAM,1080.39,30
2005-01-01,NZL,1023.53,31
2005-01-01,SUI,1021.69,32
2005-01-01,AUT,1012.75,33
2005-01-01,KSA,1010.32,34
2005-01-01,QAT,991.68,35
2005-01-01,RSA,987.26,36
2005-01-01,ECU,985.14,37
2005-01-01,UZB,973.65,38
2005-01-01,BIH,952.9,39
2005-01-01,JOR,942.57,40
2005-01-01,SCO,911.38,41
2005-01-01,CAN,887.59,42
2005-01-01,PAN,884.53,43
2005-01-01,HAI,872.49,44
2005-01-01,IRQ,858.73,45
2005-01-01,GHA,830.98,46
2005-01-01,ALG,795.42,47
2005-01-01,COD,772.92,48
2005-01-01,CPV,677.75,49
2005-01-01,CUW,579.83,50
2005-04-01,ARG,1541.87,1
2005-04-01,CZE,1497.88,2
2005-04-01,BRA,1472.54,3
2005-04-01,ESP,1466.58,4
2005-04-01,NED,1450.29,5
2005-04-01,ENG,1444.13,6
2005-04-01,FRA,1441.27,7
2005-04-01,USA,1392.97,8
2005-04-01,POR,1377.74,9
2005-04-01,MEX,1371.13,10
2005-04-01,AUS,1362.38,11
2005-04-01,GER,1361.77,12
2005-04-01,ITA,1360.03,13
2005-04-01,SWE,1346.12,14
2005-04-01,JPN,1322.87,15
2005-04-01,IRN,1309.17,16
2005-04-01,CRO,1258.39,17
2005-04-01,EGY,1253.02,18
2005-04-01,URU,1233.36,19
2005-04-01,TUR,1225.96,20
2005-04-01,NOR,1200.39,21
2005-04-01,MAR,1196.66,22
2005-04-01,COL,1190.91,23
2005-04-01,KOR,1186.89,24
2005-04-01,PAR,1139.79,25
2005-04-01,CIV,1134.15,26
2005-04-01,BEL,1119.01,27
2005-04-01,JAM,1116.67,28
2005-04-01,SEN,1106.08,29
2005-04-01,TUN,1096.7,30
2005-04-01,ECU,1068.03,31
2005-04-01,SUI,1061.98,32
2005-04-01,AUT,1045.69,33
2005-04-01,RSA,1028.87,34
2005-04-01,KSA,1025.88,35
2005-04-01,NZL,1023.53,36
2005-04-01,QAT,991.68,37
2005-04-01,UZB,938.43,38
2005-04-01,JOR,922.55,39
2005-04-01,BIH,902.85,40
2005-04-01,SCO,901.41,41
2005-04-01,CAN,896.38,42
2005-04-01,IRQ,852.82,43
2005-04-01,ALG,844.63,44
2005-04-01,HAI,839.97,45
2005-04-01,GHA,826.54,46
2005-04-01,PAN,803.81,47
2005-04-01,COD,788.38,48
2005-04-01,CPV,699.71,49
2005-04-01,CUW,579.83,50
2005-07-01,BRA,1523.57,1
2005-07-01,CZE,1505.42,2
2005-07-01,ARG,1495.53,3
2005-07-01,NED,1483.38,4
2005-07-01,ENG,1476.1,5
2005-07-01,ESP,1450.84,6
2005-07-01,FRA,1446.88,7
2005-07-01,GER,1413.9,8
2005-07-01,MEX,1404.8,9
2005-07-01,USA,1398.06,10
2005-07-01,POR,1393.15,11
2005-07-01,ITA,1333.91,12
2005-07-01,IRN,1328.51,13
2005-07-01,SWE,1321.65,14
2005-07-01,JPN,1288.95,15
2005-07-01,AUS,1279.86,16
2005-07-01,CRO,1279.03,17
2005-07-01,NOR,1255.67,18
2005-07-01,COL,1251.24,19
2005-07-01,TUR,1238.45,20
2005-07-01,EGY,1232.38,21
2005-07-01,URU,1214.65,22
2005-07-01,KOR,1199.51,23
2005-07-01,MAR,1189.18,24
2005-07-01,CIV,1168.56,25
2005-07-01,TUN,1165.96,26
2005-07-01,JAM,1130.15,27
2005-07-01,ECU,1125.66,28
2005-07-01,PAR,1123.43,29
2005-07-01,BEL,1116.94,30
2005-07-01,KSA,1090.04,31
2005-07-01,SEN,1084.64,32
2005-07-01,SUI,1068.8,33
2005-07-01,AUT,1045.69,34
2005-07-01,NZL,1013.89,35
2005-07-01,RSA,992.81,36
2005-07-01,QAT,991.68,37
2005-07-01,BIH,925.13,38
2005-07-01,SCO,922.35,39
2005-07-01,UZB,917.26,40
2005-07-01,JOR,897.06,41
2005-07-01,CAN,896.38,42
2005-07-01,GHA,886.96,43
2005-07-01,IRQ,878.32,44
2005-07-01,HAI,839.97,45
2005-07-01,ALG,800.16,46
2005-07-01,PAN,774.76,47
2005-07-01,COD,771.33,48
2005-07-01,CPV,663.12,49
2005-07-01,CUW,579.83,50
2005-10-01,BRA,1525.59,1
2005-10-01,FRA,1486.12,2
2005-10-01,NED,1483.47,3
2005-10-01,ARG,1464.28,4
2005-10-01,ESP,1459.66,5
2005-10-01,USA,1435.16,6
2005-10-01,CZE,1428.7,7
2005-10-01,POR,1403.86,8
2005-10-01,ENG,1386.9,9
2005-10-01,SWE,1379.26,10
2005-10-01,GER,1370.06,11
2005-10-01,MEX,1359.82,12
2005-10-01,ITA,1354.91,13
2005-10-01,IRN,1318.17,14
2005-10-01,AUS,1313.31,15
2005-10-01,JPN,1303.22,16
2005-10-01,CRO,1279.08,17
2005-10-01,URU,1217.66,18
2005-10-01,TUR,1216.6,19
2005-10-01,EGY,1200.53,20
2005-10-01,NOR,1188.97,21
2005-10-01,TUN,1186.55,22
2005-10-01,COL,1171.21,23
2005-10-01,PAR,1170.85,24
2005-10-01,MAR,1162.83,25
2005-10-01,ECU,1158.49,26
2005-10-01,KOR,1154.52,27
2005-10-01,BEL,1130.49,28
2005-10-01,SUI,1127.23,29
2005-10-01,CIV,1126.56,30
2005-10-01,KSA,1116.43,31
2005-10-01,JAM,1110.71,32
2005-10-01,SEN,1091.18,33
2005-10-01,NZL,1013.89,34
2005-10-01,AUT,1009.53,35
2005-10-01,QAT,991.68,36
2005-10-01,SCO,976.38,37
2005-10-01,UZB,938.58,38
2005-10-01,BIH,937.75,39
2005-10-01,GHA,912.46,40
2005-10-01,RSA,900.81,41
2005-10-01,JOR,886.73,42
2005-10-01,CAN,878.26,43
2005-10-01,IRQ,856.2,44
2005-10-01,HAI,839.97,45
2005-10-01,COD,824.98,46
2005-10-01,PAN,818.51,47
2005-10-01,ALG,786.98,48
2005-10-01,CPV,632.99,49
2005-10-01,CUW,579.83,50
2006-01-01,BRA,1522.1,1
2006-01-01,FRA,1481.54,2
2006-01-01,ESP,1472.13,3
2006-01-01,NED,1451.73,4
2006-01-01,CZE,1441.85,5
2006-01-01,ENG,1436.18,6
2006-01-01,ARG,1431.31,7
2006-01-01,POR,1417.04,8
2006-01-01,ITA,1397.83,9
2006-01-01,USA,1365.68,10
2006-01-01,GER,1360.22,11
2006-01-01,SWE,1353.75,12
2006-01-01,AUS,1334.71,13
2006-01-01,MEX,1316.9,14
2006-01-01,IRN,1290.95,15
2006-01-01,CRO,1265.43,16
2006-01-01,JPN,1264.33,17
2006-01-01,TUR,1244.34,18
2006-01-01,KOR,1234.73,19
2006-01-01,EGY,1216.24,20
2006-01-01,TUN,1195.83,21
2006-01-01,URU,1189.35,22
2006-01-01,COL,1187.86,23
2006-01-01,NOR,1178.75,24
2006-01-01,CIV,1177.58,25
2006-01-01,PAR,1176.34,26
2006-01-01,MAR,1164.8,27
2006-01-01,SUI,1156.88,28
2006-01-01,SEN,1125.37,29
2006-01-01,BEL,1100.02,30
2006-01-01,JAM,1096.93,31
2006-01-01,ECU,1062.24,32
2006-01-01,AUT,1023.04,33
2006-01-01,NZL,1013.89,34
2006-01-01,SCO,1003.2,35
2006-01-01,KSA,981.81,36
2006-01-01,GHA,979.08,37
2006-01-01,QAT,973.39,38
2006-01-01,IRQ,970.74,39
2006-01-01,UZB,941.57,40
2006-01-01,BIH,925.83,41
2006-01-01,RSA,884.2,42
2006-01-01,CAN,880.18,43
2006-01-01,JOR,856.68,44
2006-01-01,HAI,839.97,45
2006-01-01,COD,787.89,46
2006-01-01,ALG,786.94,47
2006-01-01,PAN,762.58,48
2006-01-01,CPV,611.48,49
2006-01-01,CUW,579.83,50
2006-04-01,BRA,1529.4,1
2006-04-01,ESP,1485.18,2
2006-04-01,NED,1460.58,3
2006-04-01,ENG,1448.75,4
2006-04-01,FRA,1443.41,5
2006-04-01,ITA,1434.36,6
2006-04-01,CZE,1433.71,7
2006-04-01,POR,1429.36,8
2006-04-01,ARG,1400.71,9
2006-04-01,USA,1380.19,10
2006-04-01,GER,1370.78,11
2006-04-01,AUS,1345.64,12
2006-04-01,MEX,1330.99,13
2006-04-01,EGY,1313.6,14
2006-04-01,IRN,1308.2,15
2006-04-01,SWE,1284.31,16
2006-04-01,JPN,1273.83,17
2006-04-01,KOR,1268.88,18
2006-04-01,CRO,1265.61,19
2006-04-01,TUR,1252.48,20
2006-04-01,CIV,1225.83,21
2006-04-01,SUI,1180.95,22
2006-04-01,COL,1177.71,23
2006-04-01,URU,1176.77,24
2006-04-01,TUN,1157.06,25
2006-04-01,PAR,1150.23,26
2006-04-01,MAR,1126.09,27
2006-04-01,NOR,1106.54,28
2006-04-01,BEL,1101.27,29
2006-04-01,JAM,1096.93,30
2006-04-01,SEN,1076.07,31
2006-04-01,ECU,1061.44,32
2006-04-01,QAT,1049.14,33
2006-04-01,NZL,1027.72,34
2006-04-01,AUT,981.26,35
2006-04-01,SCO,979.13,36
2006-04-01,KSA,952.33,37
2006-04-01,BIH,938.91,38
2006-04-01,CAN,938.41,39
2006-04-01,UZB,933.3,40
2006-04-01,GHA,911.89,41
2006-04-01,IRQ,904.55,42
2006-04-01,HAI,839.97,43
2006-04-01,JOR,824.92,44
2006-04-01,COD,822.6,45
2006-04-01,RSA,803.08,46
2006-04-01,ALG,783.62,47
2006-04-01,PAN,762.58,48
2006-04-01,CPV,611.48,49
2006-04-01,CUW,579.83,50
2006-07-01,BRA,1659.97,1
2006-07-01,POR,1566.59,2
2006-07-01,ITA,1564.1,3
2006-07-01,FRA,1546.3,4
2006-07-01,GER,1528.89,5
2006-07-01,ARG,1519.89,6
2006-07-01,ENG,1510.65,7
2006-07-01,ESP,1494.16,8
2006-07-01,NED,1478.05,9
2006-07-01,CZE,1339.62,10
2006-07-01,AUS,1325.28,11
2006-07-01,SUI,1319.14,12
2006-07-01,EGY,1289.72,13
2006-07-01,MEX,1283.87,14
2006-07-01,SWE,1252.25,15
2006-07-01,USA,1242.37,16
2006-07-01,CRO,1235.39,17
2006-07-01,URU,1228.33,18
2006-07-01,CIV,1222.85,19
2006-07-01,COL,1205.26,20
2006-07-01,IRN,1188.7,21
2006-07-01,KOR,1187.02,22
2006-07-01,TUR,1185.58,23
2006-07-01,JPN,1169.9,24
2006-07-01,GHA,1158.18,25
2006-07-01,PAR,1154.09,26
2006-07-01,ECU,1124.37,27
2006-07-01,BEL,1120.57,28
2006-07-01,NOR,1115.42,29
2006-07-01,MAR,1096.5,30
2006-07-01,TUN,1096.09,31
2006-07-01,SEN,1084.03,32
2006-07-01,QAT,1049.14,33
2006-07-01,SCO,1045.74,34
2006-07-01,JAM,1038.53,35
2006-07-01,AUT,961.47,36
2006-07-01,CAN,938.41,37
2006-07-01,NZL,936.3,38
2006-07-01,UZB,933.3,39
2006-07-01,BIH,909.01,40
2006-07-01,IRQ,904.55,41
2006-07-01,KSA,890.52,42
2006-07-01,HAI,839.97,43
2006-07-01,JOR,824.92,44
2006-07-01,COD,817.16,45
2006-07-01,ALG,800.67,46
2006-07-01,RSA,791.7,47
2006-07-01,PAN,762.58,48
2006-07-01,CPV,608.21,49
2006-07-01,CUW,579.83,50
2006-10-01,FRA,1673.99,1
2006-10-01,BRA,1628.48,2
2006-10-01,GER,1572.93,3
2006-10-01,ENG,1540.21,4
2006-10-01,ITA,1524.57,5
2006-10-01,NED,1515.81,6
2006-10-01,ARG,1485.69,7
2006-10-01,ESP,1433.56,8
2006-10-01,POR,1391.23,9
2006-10-01,SUI,1340.12,10
2006-10-01,CZE,1325.02,11
2006-10-01,MEX,1283.87,12
2006-10-01,CRO,1283.16,13
2006-10-01,AUS,1278.02,14
2006-10-01,EGY,1256.35,15
2006-10-01,USA,1242.37,16
2006-10-01,SWE,1239.91,17
2006-10-01,URU,1231.22,18
2006-10-01,COL,1224.41,19
2006-10-01,CIV,1194.5,20
2006-10-01,TUR,1189.92,21
2006-10-01,KOR,1189.64,22
2006-10-01,IRN,1186.85,23
2006-10-01,GHA,1170.7,24
2006-10-01,NOR,1168.69,25
2006-10-01,JPN,1163.24,26
2006-10-01,PAR,1154.09,27
2006-10-01,SEN,1122.16,28
2006-10-01,ECU,1119.33,29
2006-10-01,BEL,1110.02,30
2006-10-01,MAR,1104.89,31
2006-10-01,SCO,1064.41,32
2006-10-01,QAT,1061.14,33
2006-10-01,TUN,1052.62,34
2006-10-01,JAM,1024.86,35
2006-10-01,KSA,996.39,36
2006-10-01,CAN,965.18,37
2006-10-01,IRQ,945.97,38
2006-10-01,NZL,936.3,39
2006-10-01,AUT,914.04,40
2006-10-01,UZB,906.1,41
2006-10-01,HAI,889.32,42
2006-10-01,BIH,886.44,43
2006-10-01,JOR,884.71,44
2006-10-01,PAN,841.84,45
2006-10-01,COD,826.23,46
2006-10-01,RSA,796.75,47
2006-10-01,ALG,777.06,48
2006-10-01,CPV,574.91,49
2006-10-01,CUW,524.8,50
2007-01-01,BRA,1643.91,1
2007-01-01,FRA,1641.96,2
2007-01-01,GER,1566.84,3
2007-01-01,ITA,1530.77,4
2007-01-01,NED,1503.45,5
2007-01-01,ENG,1474.24,6
2007-01-01,ARG,1459.01,7
2007-01-01,ESP,1386.5,8
2007-01-01,POR,1364.53,9
2007-01-01,CRO,1345.45,10
2007-01-01,CZE,1324.54,11
2007-01-01,SUI,1292.7,12
2007-01-01,MEX,1283.87,13
2007-01-01,AUS,1280.98,14
2007-01-01,SWE,1265.76,15
2007-01-01,EGY,1245.63,16
2007-01-01,USA,1242.37,17
2007-01-01,CIV,1238.68,18
2007-01-01,GHA,1228.87,19
2007-01-01,TUR,1226.66,20
2007-01-01,COL,1224.41,21
2007-01-01,IRN,1224.08,22
2007-01-01,URU,1195.11,23
2007-01-01,JPN,1172.99,24
2007-01-01,NOR,1147.01,25
2007-01-01,PAR,1136.15,26
2007-01-01,MAR,1128.93,27
2007-01-01,KOR,1111.48,28
2007-01-01,ECU,1101.63,29
2007-01-01,SEN,1083.95,30
2007-01-01,TUN,1078.06,31
2007-01-01,SCO,1077.78,32
2007-01-01,BEL,1075.6,33
2007-01-01,JAM,1064.9,34
2007-01-01,QAT,1026.94,35
2007-01-01,KSA,999.97,36
2007-01-01,AUT,990.67,37
2007-01-01,UZB,959.87,38
2007-01-01,IRQ,950.01,39
2007-01-01,JOR,936.92,40
2007-01-01,NZL,936.3,41
2007-01-01,CAN,922.84,42
2007-01-01,BIH,859.78,43
2007-01-01,RSA,817.72,44
2007-01-01,PAN,808.99,45
2007-01-01,HAI,798.6,46
2007-01-01,COD,777.54,47
2007-01-01,ALG,768.02,48
2007-01-01,CPV,613.36,49
2007-01-01,CUW,524.8,50
2007-04-01,BRA,1617.43,1
2007-04-01,FRA,1617.08,2
2007-04-01,GER,1565.96,3
2007-04-01,ITA,1541.28,4
2007-04-01,NED,1514.77,5
2007-04-01,ARG,1489.1,6
2007-04-01,ESP,1438.58,7
2007-04-01,ENG,1434.77,8
2007-04-01,POR,1417.9,9
2007-04-01,CRO,1366.22,10
2007-04-01,CZE,1336.38,11
2007-04-01,MEX,1306.53,12
2007-04-01,USA,1287.42,13
2007-04-01,EGY,1278.03,14
2007-04-01,AUS,1270.91,15
2007-04-01,CIV,1260.87,16
2007-04-01,URU,1258.64,17
2007-04-01,COL,1256.09,18
2007-04-01,SUI,1255.45,19
2007-04-01,GHA,1249.51,20
2007-04-01,TUR,1224.08,21
2007-04-01,IRN,1223.9,22
2007-04-01,JPN,1195.69,23
2007-04-01,SWE,1122.12,24
2007-04-01,MAR,1114.62,25
2007-04-01,KOR,1111.33,26
2007-04-01,NOR,1104.88,27
2007-04-01,SEN,1102.53,28
2007-04-01,PAR,1092.46,29
2007-04-01,TUN,1087.34,30
2007-04-01,ECU,1084.3,31
2007-04-01,SCO,1079.86,32
2007-04-01,BEL,1039.81,33
2007-04-01,JAM,1036.7,34
2007-04-01,KSA,1032.88,35
2007-04-01,AUT,981.28,36
2007-04-01,QAT,960.86,37
2007-04-01,HAI,951.98,38
2007-04-01,IRQ,950.97,39
2007-04-01,CAN,937.49,40
2007-04-01,JOR,936.92,41
2007-04-01,BIH,893.09,42
2007-04-01,UZB,883.51,43
2007-04-01,PAN,874.04,44
2007-04-01,NZL,862.82,45
2007-04-01,RSA,818.83,46
2007-04-01,ALG,813.35,47
2007-04-01,COD,777.54,48
2007-04-01,CPV,590.67,49
2007-04-01,CUW,524.8,50
2007-07-01,FRA,1631.32,1
2007-07-01,GER,1574.03,2
2007-07-01,ITA,1544.97,3
2007-07-01,NED,1531.07,4
2007-07-01,ARG,1523.23,5
2007-07-01,BRA,1508.83,6
2007-07-01,ENG,1445.91,7
2007-07-01,ESP,1442.74,8
2007-07-01,POR,1408.73,9
2007-07-01,MEX,1374.32,10
2007-07-01,CRO,1359.77,11
2007-07-01,CZE,1322.65,12
2007-07-01,USA,1311.83,13
2007-07-01,CIV,1265.47,14
2007-07-01,SUI,1264.46,15
2007-07-01,AUS,1255.88,16
2007-07-01,GHA,1249.51,17
2007-07-01,EGY,1243.28,18
2007-07-01,PAR,1211.67,19
2007-07-01,IRN,1210.97,20
2007-07-01,JPN,1209.66,21
2007-07-01,TUR,1203.98,22
2007-07-01,URU,1201.46,23
2007-07-01,SWE,1197.14,24
2007-07-01,COL,1196.18,25
2007-07-01,NOR,1138.59,26
2007-07-01,MAR,1136.24,27
2007-07-01,KOR,1130.14,28
2007-07-01,SCO,1102.34,29
2007-07-01,TUN,1100.73,30
2007-07-01,SEN,1079.45,31
2007-07-01,KSA,1071.65,32
2007-07-01,ECU,1041.19,33
2007-07-01,CAN,998.98,34
2007-07-01,BEL,992.5,35
2007-07-01,AUT,968.47,36
2007-07-01,QAT,965.47,37
2007-07-01,HAI,960.39,38
2007-07-01,IRQ,951.43,39
2007-07-01,BIH,934.97,40
2007-07-01,JAM,934.45,41
2007-07-01,JOR,921.76,42
2007-07-01,UZB,883.51,43
2007-07-01,PAN,872.68,44
2007-07-01,NZL,867.44,45
2007-07-01,RSA,847.3,46
2007-07-01,ALG,778.47,47
2007-07-01,COD,752.16,48
2007-07-01,CPV,598.88,49
2007-07-01,CUW,524.8,50
2007-10-01,BRA,1664.76,1
2007-10-01,GER,1618.0,2
2007-10-01,FRA,1591.55,3
2007-10-01,ARG,1528.99,4
2007-10-01,NED,1514.63,5
2007-10-01,ITA,1500.48,6
2007-10-01,ENG,1465.07,7
2007-10-01,ESP,1439.03,8
2007-10-01,MEX,1388.51,9
2007-10-01,CRO,1376.65,10
2007-10-01,POR,1367.16,11
2007-10-01,CZE,1331.8,12
2007-10-01,SUI,1287.87,13
2007-10-01,COL,1254.71,14
2007-10-01,JPN,1250.32,15
2007-10-01,CIV,1249.31,16
2007-10-01,IRN,1234.17,17
2007-10-01,SWE,1230.13,18
2007-10-01,EGY,1224.58,19
2007-10-01,URU,1212.14,20
2007-10-01,GHA,1211.36,21
2007-10-01,AUS,1206.35,22
2007-10-01,TUR,1184.66,23
2007-10-01,NOR,1181.29,24
2007-10-01,KSA,1172.17,25
2007-10-01,USA,1169.43,26
2007-10-01,SCO,1168.11,27
2007-10-01,PAR,1143.57,28
2007-10-01,KOR,1117.11,29
2007-10-01,MAR,1109.27,30
2007-10-01,SEN,1099.82,31
2007-10-01,TUN,1060.74,32
2007-10-01,ECU,1024.85,33
2007-10-01,IRQ,1022.71,34
2007-10-01,BEL,1005.65,35
2007-10-01,CAN,991.05,36
2007-10-01,AUT,967.63,37
2007-10-01,HAI,960.39,38
2007-10-01,JOR,948.33,39
2007-10-01,UZB,930.56,40
2007-10-01,QAT,908.94,41
2007-10-01,JAM,908.42,42
2007-10-01,PAN,896.32,43
2007-10-01,BIH,869.56,44
2007-10-01,NZL,867.44,45
2007-10-01,RSA,838.46,46
2007-10-01,COD,785.39,47
2007-10-01,ALG,745.47,48
2007-10-01,CPV,584.34,49
2007-10-01,CUW,524.8,50
2008-01-01,BRA,1645.06,1
2008-01-01,FRA,1562.79,2
2008-01-01,GER,1536.14,3
2008-01-01,ARG,1524.38,4
2008-01-01,ITA,1519.32,5
2008-01-01,ESP,1476.5,6
2008-01-01,NED,1450.32,7
2008-01-01,CZE,1414.69,8
2008-01-01,ENG,1414.14,9
2008-01-01,CRO,1372.72,10
2008-01-01,POR,1364.14,11
2008-01-01,MEX,1339.73,12
2008-01-01,COL,1303.95,13
2008-01-01,JPN,1288.17,14
2008-01-01,SUI,1248.05,15
2008-01-01,IRN,1234.17,16
2008-01-01,PAR,1232.59,17
2008-01-01,GHA,1229.55,18
2008-01-01,AUS,1228.25,19
2008-01-01,USA,1206.63,20
2008-01-01,CIV,1203.8,21
2008-01-01,SWE,1201.8,22
2008-01-01,URU,1196.42,23
2008-01-01,EGY,1192.3,24
2008-01-01,KSA,1183.52,25
2008-01-01,TUR,1180.94,26
2008-01-01,NOR,1176.15,27
2008-01-01,MAR,1173.3,28
2008-01-01,SCO,1138.87,29
2008-01-01,KOR,1117.11,30
2008-01-01,SEN,1107.57,31
2008-01-01,TUN,1080.53,32
2008-01-01,ECU,1015.63,33
2008-01-01,BEL,1006.8,34
2008-01-01,AUT,984.08,35
2008-01-01,IRQ,979.32,36
2008-01-01,NZL,965.58,37
2008-01-01,HAI,962.79,38
2008-01-01,JAM,958.46,39
2008-01-01,JOR,947.67,40
2008-01-01,CAN,947.15,41
2008-01-01,UZB,907.06,42
2008-01-01,QAT,894.81,43
2008-01-01,PAN,884.52,44
2008-01-01,RSA,873.16,45
2008-01-01,BIH,833.93,46
2008-01-01,COD,785.39,47
2008-01-01,ALG,779.47,48
2008-01-01,CPV,584.39,49
2008-01-01,CUW,524.8,50
2008-04-01,BRA,1659.59,1
2008-04-01,GER,1564.16,2
2008-04-01,FRA,1554.55,3
2008-04-01,ARG,1548.28,4
2008-04-01,ESP,1526.94,5
2008-04-01,ITA,1519.06,6
2008-04-01,NED,1489.48,7
2008-04-01,ENG,1411.76,8
2008-04-01,CZE,1361.32,9
2008-04-01,MEX,1358.26,10
2008-04-01,EGY,1343.92,11
2008-04-01,CRO,1330.92,12
2008-04-01,GHA,1318.33,13
2008-04-01,POR,1313.51,14
2008-04-01,USA,1282.16,15
2008-04-01,COL,1268.36,16
2008-04-01,JPN,1261.43,17
2008-04-01,AUS,1218.99,18
2008-04-01,SUI,1212.92,19
2008-04-01,URU,1201.0,20
2008-04-01,SWE,1175.55,21
2008-04-01,CIV,1172.32,22
2008-04-01,TUR,1169.25,23
2008-04-01,IRN,1152.38,24
2008-04-01,SCO,1147.11,25
2008-04-01,MAR,1145.12,26
2008-04-01,KSA,1139.45,27
2008-04-01,PAR,1127.93,28
2008-04-01,KOR,1114.97,29
2008-04-01,TUN,1107.58,30
2008-04-01,NOR,1072.68,31
2008-04-01,ECU,1044.95,32
2008-04-01,SEN,1022.22,33
2008-04-01,UZB,1016.67,34
2008-04-01,BEL,975.39,35
2008-04-01,AUT,970.03,36
2008-04-01,NZL,965.58,37
2008-04-01,JAM,955.41,38
2008-04-01,RSA,954.99,39
2008-04-01,IRQ,946.26,40
2008-04-01,QAT,932.36,41
2008-04-01,HAI,917.59,42
2008-04-01,CAN,911.48,43
2008-04-01,JOR,910.58,44
2008-04-01,PAN,884.52,45
2008-04-01,BIH,826.01,46
2008-04-01,COD,787.87,47
2008-04-01,ALG,779.85,48
2008-04-01,CPV,584.39,49
2008-04-01,CUW,558.1,50
2008-07-01,ESP,1660.98,1
2008-07-01,NED,1575.92,2
2008-07-01,ARG,1549.19,3
2008-07-01,BRA,1543.52,4
2008-07-01,GER,1536.72,5
2008-07-01,ITA,1518.72,6
2008-07-01,ENG,1446.1,7
2008-07-01,FRA,1424.67,8
2008-07-01,CRO,1399.68,9
2008-07-01,MEX,1363.23,10
2008-07-01,POR,1318.25,11
2008-07-01,EGY,1312.25,12
2008-07-01,CZE,1305.83,13
2008-07-01,JPN,1305.57,14
2008-07-01,USA,1269.1,15
2008-07-01,GHA,1256.54,16
2008-07-01,SUI,1249.44,17
2008-07-01,URU,1240.18,18
2008-07-01,COL,1238.26,19
2008-07-01,TUR,1231.4,20
2008-07-01,KSA,1224.41,21
2008-07-01,AUS,1203.6,22
2008-07-01,IRN,1196.61,23
2008-07-01,PAR,1156.04,24
2008-07-01,SWE,1151.55,25
2008-07-01,CIV,1141.94,26
2008-07-01,SCO,1126.99,27
2008-07-01,KOR,1119.53,28
2008-07-01,MAR,1105.54,29
2008-07-01,TUN,1083.86,30
2008-07-01,NOR,1078.99,31
2008-07-01,ECU,1061.83,32
2008-07-01,UZB,1041.01,33
2008-07-01,SEN,1013.49,34
2008-07-01,AUT,976.12,35
2008-07-01,QAT,971.12,36
2008-07-01,BEL,967.94,37
2008-07-01,NZL,965.58,38
2008-07-01,CAN,956.51,39
2008-07-01,JAM,942.2,40
2008-07-01,IRQ,928.27,41
2008-07-01,RSA,896.03,42
2008-07-01,PAN,880.12,43
2008-07-01,HAI,871.53,44
2008-07-01,JOR,863.02,45
2008-07-01,BIH,839.88,46
2008-07-01,COD,810.44,47
2008-07-01,ALG,780.85,48
2008-07-01,CPV,656.98,49
2008-07-01,CUW,577.04,50
2008-10-01,ESP,1679.32,1
2008-10-01,BRA,1539.28,2
2008-10-01,NED,1533.54,3
2008-10-01,GER,1527.43,4
2008-10-01,ITA,1509.02,5
2008-10-01,ARG,1499.13,6
2008-10-01,ENG,1477.84,7
2008-10-01,FRA,1388.91,8
2008-10-01,CRO,1371.43,9
2008-10-01,MEX,1364.62,10
2008-10-01,USA,1303.8,11
2008-10-01,POR,1297.65,12
2008-10-01,CZE,1297.34,13
2008-10-01,URU,1290.03,14
2008-10-01,JPN,1280.43,15
2008-10-01,IRN,1257.85,16
2008-10-01,TUR,1248.27,17
2008-10-01,EGY,1241.59,18
2008-10-01,KSA,1241.43,19
2008-10-01,AUS,1240.97,20
2008-10-01,SUI,1215.11,21
2008-10-01,PAR,1201.99,22
2008-10-01,GHA,1201.15,23
2008-10-01,COL,1143.86,24
2008-10-01,CIV,1142.75,25
2008-10-01,SWE,1141.49,26
2008-10-01,KOR,1124.83,27
2008-10-01,ECU,1121.62,28
2008-10-01,MAR,1112.12,29
2008-10-01,SCO,1097.57,30
2008-10-01,NOR,1072.88,31
2008-10-01,TUN,1061.84,32
2008-10-01,NZL,1042.74,33
2008-10-01,AUT,1009.5,34
2008-10-01,BEL,984.24,35
2008-10-01,QAT,983.24,36
2008-10-01,SEN,973.44,37
2008-10-01,UZB,941.88,38
2008-10-01,RSA,936.52,39
2008-10-01,CAN,932.85,40
2008-10-01,IRQ,928.27,41
2008-10-01,JAM,901.49,42
2008-10-01,JOR,887.92,43
2008-10-01,BIH,865.87,44
2008-10-01,PAN,857.87,45
2008-10-01,ALG,837.29,46
2008-10-01,COD,823.75,47
2008-10-01,HAI,780.17,48
2008-10-01,CPV,652.31,49
2008-10-01,CUW,589.31,50
2009-01-01,ESP,1695.86,1
2009-01-01,BRA,1558.78,2
2009-01-01,NED,1555.09,3
2009-01-01,GER,1522.7,4
2009-01-01,ENG,1512.88,5
2009-01-01,ITA,1487.43,6
2009-01-01,ARG,1486.97,7
2009-01-01,FRA,1394.5,8
2009-01-01,CRO,1365.48,9
2009-01-01,MEX,1295.26,10
2009-01-01,USA,1292.45,11
2009-01-01,JPN,1282.83,12
2009-01-01,CZE,1277.34,13
2009-01-01,AUS,1274.36,14
2009-01-01,URU,1269.43,15
2009-01-01,SUI,1257.19,16
2009-01-01,TUR,1255.45,17
2009-01-01,EGY,1252.03,18
2009-01-01,POR,1251.52,19
2009-01-01,PAR,1247.0,20
2009-01-01,IRN,1211.8,21
2009-01-01,KOR,1208.08,22
2009-01-01,KSA,1186.73,23
2009-01-01,GHA,1166.52,24
2009-01-01,CIV,1150.29,25
2009-01-01,MAR,1138.19,26
2009-01-01,SWE,1135.88,27
2009-01-01,COL,1135.48,28
2009-01-01,SCO,1088.06,29
2009-01-01,ECU,1084.51,30
2009-01-01,JAM,1080.39,31
2009-01-01,TUN,1057.97,32
2009-01-01,NOR,1050.8,33
2009-01-01,RSA,1009.84,34
2009-01-01,NZL,1003.05,35
2009-01-01,BEL,977.9,36
2009-01-01,SEN,962.04,37
2009-01-01,AUT,943.9,38
2009-01-01,QAT,931.69,39
2009-01-01,UZB,928.92,40
2009-01-01,IRQ,923.16,41
2009-01-01,BIH,908.23,42
2009-01-01,CAN,891.8,43
2009-01-01,PAN,857.87,44
2009-01-01,JOR,853.52,45
2009-01-01,ALG,829.28,46
2009-01-01,COD,793.49,47
2009-01-01,HAI,764.46,48
2009-01-01,CPV,622.18,49
2009-01-01,CUW,522.48,50
2009-04-01,ESP,1724.65,1
2009-04-01,BRA,1571.13,2
2009-04-01,NED,1550.28,3
2009-04-01,ARG,1529.17,4
2009-04-01,ENG,1500.01,5
2009-04-01,GER,1484.91,6
2009-04-01,ITA,1465.13,7
2009-04-01,CRO,1385.28,8
2009-04-01,FRA,1373.93,9
2009-04-01,USA,1322.52,10
2009-04-01,URU,1309.32,11
2009-04-01,JPN,1287.42,12
2009-04-01,MEX,1282.52,13
2009-04-01,POR,1279.4,14
2009-04-01,SUI,1258.94,15
2009-04-01,CZE,1256.93,16
2009-04-01,TUR,1244.55,17
2009-04-01,EGY,1237.52,18
2009-04-01,PAR,1224.28,19
2009-04-01,AUS,1219.07,20
2009-04-01,IRN,1218.51,21
2009-04-01,KOR,1202.48,22
2009-04-01,KSA,1195.65,23
2009-04-01,GHA,1176.33,24
2009-04-01,SWE,1174.79,25
2009-04-01,CIV,1165.18,26
2009-04-01,MAR,1129.6,27
2009-04-01,COL,1127.96,28
2009-04-01,ECU,1101.31,29
2009-04-01,TUN,1084.47,30
2009-04-01,JAM,1084.22,31
2009-04-01,SCO,1076.19,32
2009-04-01,NOR,1063.14,33
2009-04-01,RSA,1006.49,34
2009-04-01,BEL,966.56,35
2009-04-01,NZL,963.67,36
2009-04-01,UZB,962.9,37
2009-04-01,BIH,948.28,38
2009-04-01,SEN,938.58,39
2009-04-01,QAT,926.65,40
2009-04-01,AUT,922.83,41
2009-04-01,PAN,916.93,42
2009-04-01,CAN,891.8,43
2009-04-01,IRQ,864.77,44
2009-04-01,ALG,839.47,45
2009-04-01,JOR,829.59,46
2009-04-01,COD,793.49,47
2009-04-01,HAI,704.03,48
2009-04-01,CPV,688.21,49
2009-04-01,CUW,522.48,50
2009-07-01,ESP,1688.82,1
2009-07-01,BRA,1673.28,2
2009-07-01,NED,1567.36,3
2009-07-01,ENG,1515.97,4
2009-07-01,GER,1482.76,5
2009-07-01,ITA,1432.71,6
2009-07-01,ARG,1408.74,7
2009-07-01,CRO,1380.1,8
2009-07-01,FRA,1367.24,9
2009-07-01,USA,1354.85,10
2009-07-01,JPN,1309.39,11
2009-07-01,URU,1277.82,12
2009-07-01,AUS,1277.6,13
2009-07-01,POR,1266.43,14
2009-07-01,SUI,1265.41,15
2009-07-01,MEX,1239.41,16
2009-07-01,TUR,1226.68,17
2009-07-01,CZE,1224.28,18
2009-07-01,KOR,1221.38,19
2009-07-01,GHA,1214.89,20
2009-07-01,CIV,1208.19,21
2009-07-01,EGY,1190.65,22
2009-07-01,KSA,1186.19,23
2009-07-01,PAR,1175.36,24
2009-07-01,IRN,1174.77,25
2009-07-01,COL,1130.32,26
2009-07-01,SWE,1127.5,27
2009-07-01,ECU,1127.25,28
2009-07-01,TUN,1120.25,29
2009-07-01,MAR,1118.76,30
2009-07-01,SCO,1085.72,31
2009-07-01,JAM,1083.88,32
2009-07-01,NOR,1066.42,33
2009-07-01,RSA,1040.99,34
2009-07-01,BIH,999.62,35
2009-07-01,QAT,986.56,36
2009-07-01,SEN,949.63,37
2009-07-01,CAN,944.89,38
2009-07-01,AUT,944.85,39
2009-07-01,BEL,936.94,40
2009-07-01,ALG,923.52,41
2009-07-01,UZB,920.4,42
2009-07-01,NZL,882.79,43
2009-07-01,PAN,869.75,44
2009-07-01,IRQ,862.63,45
2009-07-01,JOR,821.9,46
2009-07-01,COD,763.18,47
2009-07-01,HAI,715.21,48
2009-07-01,CPV,688.21,49
2009-07-01,CUW,522.48,50
2009-10-01,BRA,1704.06,1
2009-10-01,ESP,1697.19,2
2009-10-01,NED,1592.01,3
2009-10-01,ENG,1553.82,4
2009-10-01,GER,1497.69,5
2009-10-01,ITA,1449.31,6
2009-10-01,ARG,1401.44,7
2009-10-01,CRO,1363.59,8
2009-10-01,FRA,1357.29,9
2009-10-01,MEX,1347.69,10
2009-10-01,USA,1331.25,11
2009-10-01,JPN,1308.12,12
2009-10-01,SUI,1282.36,13
2009-10-01,KOR,1280.26,14
2009-10-01,POR,1278.5,15
2009-10-01,AUS,1275.2,16
2009-10-01,TUR,1264.23,17
2009-10-01,URU,1235.67,18
2009-10-01,CZE,1231.87,19
2009-10-01,CIV,1218.44,20
2009-10-01,PAR,1200.38,21
2009-10-01,EGY,1192.52,22
2009-10-01,GHA,1190.66,23
2009-10-01,SWE,1162.81,24
2009-10-01,KSA,1161.04,25
2009-10-01,COL,1155.84,26
2009-10-01,TUN,1127.07,27
2009-10-01,IRN,1125.19,28
2009-10-01,ECU,1112.95,29
2009-10-01,NOR,1109.53,30
2009-10-01,MAR,1090.8,31
2009-10-01,JAM,1064.85,32
2009-10-01,SCO,1062.0,33
2009-10-01,BIH,1007.49,34
2009-10-01,RSA,1002.43,35
2009-10-01,QAT,992.51,36
2009-10-01,CAN,989.32,37
2009-10-01,ALG,973.76,38
2009-10-01,SEN,958.68,39
2009-10-01,AUT,943.67,40
2009-10-01,UZB,929.13,41
2009-10-01,NZL,911.91,42
2009-10-01,IRQ,893.95,43
2009-10-01,BEL,880.75,44
2009-10-01,PAN,867.58,45
2009-10-01,JOR,781.75,46
2009-10-01,COD,748.4,47
2009-10-01,HAI,745.77,48
2009-10-01,CPV,713.65,49
2009-10-01,CUW,522.48,50
2010-01-01,ESP,1719.13,1
2010-01-01,BRA,1667.89,2
2010-01-01,NED,1558.21,3
2010-01-01,ENG,1508.04,4
2010-01-01,GER,1485.93,5
2010-01-01,ITA,1461.5,6
2010-01-01,FRA,1379.95,7
2010-01-01,CRO,1375.9,8
2010-01-01,ARG,1357.28,9
2010-01-01,MEX,1345.14,10
2010-01-01,JPN,1331.87,11
2010-01-01,POR,1321.57,12
2010-01-01,AUS,1317.38,13
2010-01-01,KOR,1268.05,14
2010-01-01,USA,1267.06,15
2010-01-01,URU,1251.18,16
2010-01-01,SUI,1247.14,17
2010-01-01,CIV,1229.16,18
2010-01-01,TUR,1215.84,19
2010-01-01,EGY,1185.39,20
2010-01-01,KSA,1172.05,21
2010-01-01,COL,1167.67,22
2010-01-01,CZE,1165.07,23
2010-01-01,NOR,1156.21,24
2010-01-01,SWE,1149.77,25
2010-01-01,GHA,1132.19,26
2010-01-01,PAR,1131.95,27
2010-01-01,ECU,1080.64,28
2010-01-01,TUN,1078.15,29
2010-01-01,JAM,1060.04,30
2010-01-01,IRN,1041.68,31
2010-01-01,MAR,1024.32,32
2010-01-01,ALG,1000.4,33
2010-01-01,SCO,998.18,34
2010-01-01,BIH,996.13,35
2010-01-01,BEL,971.07,36
2010-01-01,QAT,959.25,37
2010-01-01,RSA,956.62,38
2010-01-01,UZB,956.44,39
2010-01-01,NZL,952.27,40
2010-01-01,AUT,946.86,41
2010-01-01,SEN,943.46,42
2010-01-01,IRQ,924.71,43
2010-01-01,CAN,923.14,44
2010-01-01,PAN,867.58,45
2010-01-01,JOR,765.18,46
2010-01-01,COD,756.94,47
2010-01-01,HAI,745.77,48
2010-01-01,CPV,713.65,49
2010-01-01,CUW,473.46,50
2010-04-01,ESP,1733.57,1
2010-04-01,BRA,1677.75,2
2010-04-01,NED,1568.42,3
2010-04-01,ENG,1534.02,4
2010-04-01,GER,1459.01,5
2010-04-01,ITA,1449.29,6
2010-04-01,ARG,1409.01,7
2010-04-01,CRO,1383.76,8
2010-04-01,FRA,1365.51,9
2010-04-01,EGY,1359.9,10
2010-04-01,MEX,1359.01,11
2010-04-01,POR,1340.21,12
2010-04-01,AUS,1305.84,13
2010-04-01,JPN,1293.85,14
2010-04-01,URU,1284.67,15
2010-04-01,KOR,1264.21,16
2010-04-01,TUR,1251.17,17
2010-04-01,USA,1228.45,18
2010-04-01,SUI,1213.65,19
2010-04-01,SWE,1177.42,20
2010-04-01,NOR,1173.04,21
2010-04-01,KSA,1172.05,22
2010-04-01,CIV,1170.31,23
2010-04-01,COL,1167.67,24
2010-04-01,CZE,1135.6,25
2010-04-01,PAR,1124.91,26
2010-04-01,GHA,1104.47,27
2010-04-01,IRN,1095.94,28
2010-04-01,ECU,1080.64,29
2010-04-01,JAM,1065.77,30
2010-04-01,TUN,1043.5,31
2010-04-01,SCO,1027.64,32
2010-04-01,BIH,1024.39,33
2010-04-01,MAR,1024.32,34
2010-04-01,SEN,990.58,35
2010-04-01,AUT,981.55,36
2010-04-01,RSA,970.35,37
2010-04-01,BEL,963.22,38
2010-04-01,NZL,940.57,39
2010-04-01,UZB,927.53,40
2010-04-01,IRQ,924.71,41
2010-04-01,QAT,923.65,42
2010-04-01,ALG,923.34,43
2010-04-01,CAN,906.42,44
2010-04-01,PAN,894.69,45
2010-04-01,JOR,759.28,46
2010-04-01,HAI,747.68,47
2010-04-01,COD,742.84,48
2010-04-01,CPV,713.65,49
2010-04-01,CUW,473.46,50
2010-07-01,ESP,1729.65,1
2010-07-01,BRA,1718.23,2
2010-07-01,NED,1655.91,3
2010-07-01,ARG,1580.39,4
2010-07-01,GER,1572.73,5
2010-07-01,URU,1448.97,6
2010-07-01,ENG,1438.09,7
2010-07-01,CRO,1385.14,8
2010-07-01,POR,1371.64,9
2010-07-01,EGY,1359.9,10
2010-07-01,MEX,1325.79,11
2010-07-01,ITA,1289.19,12
2010-07-01,AUS,1283.22,13
2010-07-01,JPN,1262.79,14
2010-07-01,TUR,1254.74,15
2010-07-01,CIV,1229.76,16
2010-07-01,USA,1227.51,17
2010-07-01,SUI,1227.1,18
2010-07-01,KOR,1215.37,19
2010-07-01,SWE,1214.78,20
2010-07-01,PAR,1211.27,21
2010-07-01,GHA,1207.38,22
2010-07-01,FRA,1206.3,23
2010-07-01,KSA,1177.46,24
2010-07-01,NOR,1164.41,25
2010-07-01,CZE,1158.8,26
2010-07-01,RSA,1149.52,27
2010-07-01,COL,1141.18,28
2010-07-01,IRN,1095.94,29
2010-07-01,TUN,1069.86,30
2010-07-01,ECU,1068.67,31
2010-07-01,SCO,1027.64,32
2010-07-01,JAM,1025.7,33
2010-07-01,MAR,1024.32,34
2010-07-01,NZL,1000.05,35
2010-07-01,BEL,991.35,36
2010-07-01,BIH,990.73,37
2010-07-01,AUT,973.63,38
2010-07-01,SEN,962.61,39
2010-07-01,IRQ,924.71,40
2010-07-01,QAT,923.65,41
2010-07-01,ALG,909.46,42
2010-07-01,CAN,905.97,43
2010-07-01,PAN,894.69,44
2010-07-01,UZB,875.11,45
2010-07-01,JOR,759.28,46
2010-07-01,HAI,741.5,47
2010-07-01,CPV,732.42,48
2010-07-01,COD,731.94,49
2010-07-01,CUW,473.46,50
2010-10-01,ESP,1743.28,1
2010-10-01,BRA,1678.39,2
2010-10-01,NED,1676.15,3
2010-10-01,GER,1637.2,4
2010-10-01,ARG,1566.58,5
2010-10-01,ENG,1479.41,6
2010-10-01,URU,1386.61,7
2010-10-01,CRO,1369.11,8
2010-10-01,EGY,1345.75,9
2010-10-01,POR,1325.77,10
2010-10-01,MEX,1325.43,11
2010-10-01,TUR,1298.69,12
2010-10-01,JPN,1290.26,13
2010-10-01,ITA,1273.21,14
2010-10-01,CIV,1261.31,15
2010-10-01,SWE,1257.29,16
2010-10-01,AUS,1253.19,17
2010-10-01,NOR,1225.83,18
2010-10-01,SUI,1219.06,19
2010-10-01,USA,1217.0,20
2010-10-01,KOR,1207.12,21
2010-10-01,GHA,1204.7,22
2010-10-01,PAR,1200.36,23
2010-10-01,KSA,1184.07,24
2010-10-01,IRN,1182.02,25
2010-10-01,RSA,1181.03,26
2010-10-01,FRA,1175.32,27
2010-10-01,COL,1147.02,28
2010-10-01,CZE,1141.84,29
2010-10-01,ECU,1078.29,30
2010-10-01,JAM,1049.77,31
2010-10-01,TUN,1026.88,32
2010-10-01,MAR,1011.41,33
2010-10-01,NZL,1000.05,34
2010-10-01,SCO,999.27,35
2010-10-01,SEN,994.45,36
2010-10-01,PAN,986.39,37
2010-10-01,AUT,976.18,38
2010-10-01,BIH,968.67,39
2010-10-01,BEL,953.54,40
2010-10-01,QAT,934.61,41
2010-10-01,IRQ,928.35,42
2010-10-01,CAN,904.43,43
2010-10-01,ALG,881.73,44
2010-10-01,JOR,862.7,45
2010-10-01,UZB,848.66,46
2010-10-01,CPV,748.99,47
2010-10-01,HAI,741.5,48
2010-10-01,COD,706.77,49
2010-10-01,CUW,473.46,50
2011-01-01,NED,1697.26,1
2011-01-01,ESP,1679.18,2
2011-01-01,BRA,1670.3,3
2011-01-01,GER,1640.64,4
2011-01-01,ARG,1562.61,5
2011-01-01,ENG,1430.2,6
2011-01-01,POR,1425.24,7
2011-01-01,CRO,1398.35,8
2011-01-01,URU,1374.0,9
2011-01-01,JPN,1318.74,10
2011-01-01,MEX,1316.17,11
2011-01-01,EGY,1301.75,12
2011-01-01,ITA,1282.77,13
2011-01-01,SWE,1259.0,14
2011-01-01,NOR,1240.93,15
2011-01-01,FRA,1240.01,16
2011-01-01,AUS,1236.25,17
2011-01-01,TUR,1234.72,18
2011-01-01,USA,1228.82,19
2011-01-01,KOR,1222.43,20
2011-01-01,CIV,1217.13,21
2011-01-01,PAR,1211.45,22
2011-01-01,SUI,1211.07,23
2011-01-01,GHA,1186.03,24
2011-01-01,COL,1161.42,25
2011-01-01,CZE,1160.79,26
2011-01-01,IRN,1152.46,27
2011-01-01,RSA,1141.91,28
2011-01-01,KSA,1115.35,29
2011-01-01,JAM,1111.72,30
2011-01-01,ECU,1101.81,31
2011-01-01,SEN,1022.86,32
2011-01-01,BEL,1021.92,33
2011-01-01,MAR,1014.39,34
2011-01-01,TUN,1003.39,35
2011-01-01,IRQ,1000.5,36
2011-01-01,BIH,997.26,37
2011-01-01,PAN,991.61,38
2011-01-01,SCO,987.87,39
2011-01-01,AUT,980.72,40
2011-01-01,NZL,979.44,41
2011-01-01,QAT,927.4,42
2011-01-01,CAN,918.8,43
2011-01-01,UZB,875.25,44
2011-01-01,JOR,840.43,45
2011-01-01,ALG,809.06,46
2011-01-01,CPV,759.93,47
2011-01-01,HAI,739.09,48
2011-01-01,COD,696.07,49
2011-01-01,CUW,469.11,50
2011-04-01,NED,1710.85,1
2011-04-01,ESP,1693.02,2
2011-04-01,BRA,1638.38,3
2011-04-01,GER,1592.66,4
2011-04-01,ARG,1557.15,5
2011-04-01,ENG,1439.59,6
2011-04-01,POR,1415.92,7
2011-04-01,CRO,1372.15,8
2011-04-01,JPN,1359.23,9
2011-04-01,MEX,1346.28,10
2011-04-01,ITA,1341.34,11
2011-04-01,URU,1330.78,12
2011-04-01,EGY,1310.3,13
2011-04-01,KOR,1297.5,14
2011-04-01,AUS,1293.35,15
2011-04-01,FRA,1283.65,16
2011-04-01,SWE,1282.1,17
2011-04-01,TUR,1252.98,18
2011-04-01,CIV,1232.68,19
2011-04-01,USA,1223.49,20
2011-04-01,GHA,1214.1,21
2011-04-01,IRN,1213.56,22
2011-04-01,PAR,1210.56,23
2011-04-01,NOR,1210.2,24
2011-04-01,SUI,1184.84,25
2011-04-01,RSA,1178.85,26
2011-04-01,COL,1164.51,27
2011-04-01,CZE,1139.39,28
2011-04-01,JAM,1085.48,29
2011-04-01,SEN,1077.45,30
2011-04-01,ECU,1068.67,31
2011-04-01,BEL,1065.63,32
2011-04-01,PAN,1045.79,33
2011-04-01,KSA,1017.23,34
2011-04-01,SCO,1012.57,35
2011-04-01,BIH,1009.19,36
2011-04-01,MAR,996.39,37
2011-04-01,QAT,985.93,38
2011-04-01,NZL,984.68,39
2011-04-01,TUN,978.83,40
2011-04-01,CAN,932.9,41
2011-04-01,IRQ,930.47,42
2011-04-01,AUT,928.85,43
2011-04-01,UZB,915.1,44
2011-04-01,JOR,894.94,45
2011-04-01,ALG,840.48,46
2011-04-01,CPV,805.56,47
2011-04-01,COD,728.61,48
2011-04-01,HAI,718.53,49
2011-04-01,CUW,469.11,50
2011-07-01,ESP,1711.93,1
2011-07-01,NED,1693.5,2
2011-07-01,BRA,1646.59,3
2011-07-01,GER,1609.72,4
2011-07-01,ARG,1459.63,5
2011-07-01,POR,1429.97,6
2011-07-01,ENG,1429.39,7
2011-07-01,MEX,1387.81,8
2011-07-01,CRO,1376.77,9
2011-07-01,URU,1340.8,10
2011-07-01,JPN,1338.04,11
2011-07-01,KOR,1333.46,12
2011-07-01,FRA,1324.91,13
2011-07-01,ITA,1310.6,14
2011-07-01,SWE,1307.03,15
2011-07-01,EGY,1304.96,16
2011-07-01,AUS,1304.65,17
2011-07-01,TUR,1245.22,18
2011-07-01,CIV,1242.39,19
2011-07-01,PAR,1231.3,20
2011-07-01,USA,1228.5,21
2011-07-01,IRN,1213.56,22
2011-07-01,NOR,1205.93,23
2011-07-01,GHA,1202.71,24
2011-07-01,SUI,1195.04,25
2011-07-01,COL,1192.59,26
2011-07-01,RSA,1189.54,27
2011-07-01,CZE,1143.98,28
2011-07-01,JAM,1103.46,29
2011-07-01,ECU,1091.76,30
2011-07-01,BEL,1073.39,31
2011-07-01,PAN,1072.19,32
2011-07-01,MAR,1026.32,33
2011-07-01,SEN,1025.57,34
2011-07-01,SCO,1023.37,35
2011-07-01,KSA,1017.23,36
2011-07-01,BIH,1002.7,37
2011-07-01,TUN,1001.3,38
2011-07-01,QAT,985.93,39
2011-07-01,CAN,951.45,40
2011-07-01,NZL,950.86,41
2011-07-01,AUT,950.8,42
2011-07-01,IRQ,904.81,43
2011-07-01,JOR,894.94,44
2011-07-01,UZB,886.55,45
2011-07-01,ALG,810.55,46
2011-07-01,CPV,771.03,47
2011-07-01,COD,735.85,48
2011-07-01,HAI,718.53,49
2011-07-01,CUW,469.11,50
2011-10-01,NED,1697.23,1
2011-10-01,ESP,1686.94,2
2011-10-01,GER,1619.67,3
2011-10-01,BRA,1595.43,4
2011-10-01,URU,1469.23,5
2011-10-01,ENG,1448.15,6
2011-10-01,POR,1439.65,7
2011-10-01,ARG,1439.57,8
2011-10-01,CRO,1389.19,9
2011-10-01,JPN,1367.51,10
2011-10-01,ITA,1359.57,11
2011-10-01,AUS,1335.12,12
2011-10-01,FRA,1324.56,13
2011-10-01,SWE,1291.98,14
2011-10-01,KOR,1288.47,15
2011-10-01,MEX,1282.14,16
2011-10-01,PAR,1265.68,17
2011-10-01,CIV,1263.18,18
2011-10-01,EGY,1262.52,19
2011-10-01,TUR,1246.76,20
2011-10-01,COL,1231.01,21
2011-10-01,IRN,1223.38,22
2011-10-01,SUI,1218.87,23
2011-10-01,NOR,1206.25,24
2011-10-01,GHA,1196.39,25
2011-10-01,USA,1169.54,26
2011-10-01,RSA,1168.22,27
2011-10-01,ECU,1161.23,28
2011-10-01,CZE,1154.89,29
2011-10-01,BEL,1087.37,30
2011-10-01,SCO,1069.51,31
2011-10-01,PAN,1067.59,32
2011-10-01,BIH,1065.22,33
2011-10-01,MAR,1042.59,34
2011-10-01,JAM,1021.13,35
2011-10-01,TUN,1010.01,36
2011-10-01,SEN,1009.39,37
2011-10-01,KSA,1000.12,38
2011-10-01,JOR,980.56,39
2011-10-01,CAN,965.98,40
2011-10-01,NZL,950.86,41
2011-10-01,UZB,938.63,42
2011-10-01,AUT,937.38,43
2011-10-01,IRQ,904.62,44
2011-10-01,QAT,888.42,45
2011-10-01,ALG,802.81,46
2011-10-01,HAI,745.45,47
2011-10-01,CPV,737.12,48
2011-10-01,COD,701.17,49
2011-10-01,CUW,383.97,50
2012-01-01,GER,1665.3,1
2012-01-01,ESP,1647.53,2
2012-01-01,BRA,1629.02,3
2012-01-01,NED,1604.06,4
2012-01-01,URU,1515.1,5
2012-01-01,ENG,1480.88,6
2012-01-01,ARG,1431.86,7
2012-01-01,POR,1419.28,8
2012-01-01,CRO,1372.42,9
2012-01-01,ITA,1363.05,10
2012-01-01,JPN,1343.92,11
2012-01-01,FRA,1330.97,12
2012-01-01,AUS,1325.92,13
2012-01-01,MEX,1297.24,14
2012-01-01,SWE,1282.29,15
2012-01-01,CIV,1260.7,16
2012-01-01,KOR,1258.28,17
2012-01-01,EGY,1254.69,18
2012-01-01,IRN,1248.81,19
2012-01-01,ECU,1227.67,20
2012-01-01,COL,1218.7,21
2012-01-01,GHA,1215.85,22
2012-01-01,TUR,1214.5,23
2012-01-01,PAR,1211.82,24
2012-01-01,SUI,1208.45,25
2012-01-01,CZE,1201.56,26
2012-01-01,USA,1165.28,27
2012-01-01,NOR,1162.28,28
2012-01-01,BEL,1122.01,29
2012-01-01,RSA,1118.36,30
2012-01-01,PAN,1109.85,31
2012-01-01,SCO,1078.76,32
2012-01-01,BIH,1073.95,33
2012-01-01,TUN,1045.81,34
2012-01-01,MAR,1027.63,35
2012-01-01,KSA,1018.12,36
2012-01-01,SEN,1013.88,37
2012-01-01,IRQ,1012.57,38
2012-01-01,UZB,998.91,39
2012-01-01,JAM,996.25,40
2012-01-01,JOR,978.05,41
2012-01-01,CAN,961.08,42
2012-01-01,NZL,950.86,43
2012-01-01,QAT,935.95,44
2012-01-01,AUT,934.3,45
2012-01-01,ALG,849.59,46
2012-01-01,CPV,761.4,47
2012-01-01,HAI,743.71,48
2012-01-01,COD,741.05,49
2012-01-01,CUW,393.67,50
2012-04-01,ESP,1655.81,1
2012-04-01,BRA,1633.8,2
2012-04-01,GER,1630.07,3
2012-04-01,NED,1621.33,4
2012-04-01,URU,1500.39,5
2012-04-01,ENG,1463.6,6
2012-04-01,ARG,1451.96,7
2012-04-01,POR,1409.38,8
2012-04-01,FRA,1366.2,9
2012-04-01,AUS,1341.77,10
2012-04-01,ITA,1333.88,11
2012-04-01,SWE,1333.72,12
2012-04-01,CRO,1333.69,13
2012-04-01,CIV,1321.25,14
2012-04-01,JPN,1312.55,15
2012-04-01,KOR,1290.81,16
2012-04-01,PAR,1279.81,17
2012-04-01,MEX,1277.14,18
2012-04-01,EGY,1261.5,19
2012-04-01,COL,1258.75,20
2012-04-01,ECU,1249.34,21
2012-04-01,USA,1233.03,22
2012-04-01,IRN,1226.31,23
2012-04-01,CZE,1204.89,24
2012-04-01,SUI,1188.35,25
2012-04-01,NOR,1185.38,26
2012-04-01,TUR,1181.15,27
2012-04-01,BEL,1123.87,28
2012-04-01,GHA,1123.56,29
2012-04-01,RSA,1090.82,30
2012-04-01,SCO,1077.27,31
2012-04-01,PAN,1075.29,32
2012-04-01,BIH,1069.17,33
2012-04-01,JAM,1051.21,34
2012-04-01,TUN,1028.04,35
2012-04-01,KSA,1002.27,36
2012-04-01,IRQ,997.98,37
2012-04-01,MAR,989.02,38
2012-04-01,UZB,969.23,39
2012-04-01,AUT,968.41,40
2012-04-01,JOR,965.12,41
2012-04-01,QAT,947.71,42
2012-04-01,NZL,931.87,43
2012-04-01,CAN,916.21,44
2012-04-01,SEN,880.12,45
2012-04-01,ALG,865.11,46
2012-04-01,CPV,785.39,47
2012-04-01,COD,774.34,48
2012-04-01,HAI,743.71,49
2012-04-01,CUW,393.67,50
2012-07-01,ESP,1705.54,1
2012-07-01,GER,1609.58,2
2012-07-01,BRA,1579.51,3
2012-07-01,ENG,1509.07,4
2012-07-01,ARG,1506.48,5
2012-07-01,URU,1489.98,6
2012-07-01,POR,1451.96,7
2012-07-01,NED,1451.32,8
2012-07-01,ITA,1430.86,9
2012-07-01,MEX,1374.29,10
2012-07-01,CRO,1363.47,11
2012-07-01,JPN,1353.54,12
2012-07-01,SWE,1347.55,13
2012-07-01,FRA,1341.33,14
2012-07-01,CIV,1311.22,15
2012-07-01,KOR,1297.31,16
2012-07-01,AUS,1292.16,17
2012-07-01,TUR,1261.24,18
2012-07-01,COL,1251.57,19
2012-07-01,EGY,1247.68,20
2012-07-01,ECU,1247.58,21
2012-07-01,PAR,1231.4,22
2012-07-01,USA,1230.01,23
2012-07-01,SUI,1217.66,24
2012-07-01,IRN,1201.14,25
2012-07-01,CZE,1194.85,26
2012-07-01,NOR,1180.94,27
2012-07-01,PAN,1165.07,28
2012-07-01,BEL,1107.89,29
2012-07-01,GHA,1103.05,30
2012-07-01,RSA,1092.88,31
2012-07-01,TUN,1069.4,32
2012-07-01,KSA,1063.67,33
2012-07-01,SCO,1047.33,34
2012-07-01,BIH,1042.35,35
2012-07-01,JAM,1026.45,36
2012-07-01,AUT,1007.79,37
2012-07-01,IRQ,1001.03,38
2012-07-01,NZL,972.55,39
2012-07-01,JOR,970.4,40
2012-07-01,CAN,945.49,41
2012-07-01,UZB,943.3,42
2012-07-01,MAR,925.11,43
2012-07-01,SEN,920.1,44
2012-07-01,QAT,914.21,45
2012-07-01,ALG,912.85,46
2012-07-01,COD,799.9,47
2012-07-01,CPV,762.02,48
2012-07-01,HAI,743.71,49
2012-07-01,CUW,393.67,50
2012-10-01,ESP,1748.38,1
2012-10-01,BRA,1643.32,2
2012-10-01,GER,1575.59,3
2012-10-01,ARG,1527.78,4
2012-10-01,ENG,1516.04,5
2012-10-01,POR,1473.74,6
2012-10-01,NED,1437.18,7
2012-10-01,URU,1418.88,8
2012-10-01,MEX,1370.14,9
2012-10-01,FRA,1366.39,10
2012-10-01,ITA,1364.51,11
2012-10-01,JPN,1358.91,12
2012-10-01,COL,1346.83,13
2012-10-01,SWE,1344.81,14
2012-10-01,CIV,1323.11,15
2012-10-01,CRO,1320.97,16
2012-10-01,ECU,1310.61,17
2012-10-01,KOR,1297.25,18
2012-10-01,SUI,1294.51,19
2012-10-01,USA,1244.2,20
2012-10-01,EGY,1237.7,21
2012-10-01,AUS,1216.7,22
2012-10-01,TUR,1207.0,23
2012-10-01,BEL,1188.97,24
2012-10-01,CZE,1162.26,25
2012-10-01,PAR,1160.31,26
2012-10-01,IRN,1145.87,27
2012-10-01,PAN,1145.16,28
2012-10-01,NOR,1121.83,29
2012-10-01,BIH,1099.79,30
2012-10-01,RSA,1099.64,31
2012-10-01,SCO,1084.09,32
2012-10-01,JAM,1068.86,33
2012-10-01,GHA,1059.71,34
2012-10-01,TUN,1059.14,35
2012-10-01,AUT,1051.26,36
2012-10-01,NZL,1041.85,37
2012-10-01,JOR,1023.38,38
2012-10-01,IRQ,1014.41,39
2012-10-01,UZB,986.71,40
2012-10-01,CAN,979.68,41
2012-10-01,KSA,969.18,42
2012-10-01,ALG,939.69,43
2012-10-01,SEN,907.78,44
2012-10-01,QAT,881.12,45
2012-10-01,MAR,854.36,46
2012-10-01,COD,829.8,47
2012-10-01,HAI,814.21,48
2012-10-01,CPV,812.28,49
2012-10-01,CUW,438.99,50
2013-01-01,ESP,1744.31,1
2013-01-01,BRA,1634.8,2
2013-01-01,ARG,1579.11,3
2013-01-01,GER,1577.19,4
2013-01-01,NED,1463.43,5
2013-01-01,ENG,1460.06,6
2013-01-01,POR,1408.2,7
2013-01-01,SWE,1398.88,8
2013-01-01,COL,1395.96,9
2013-01-01,MEX,1385.38,10
2013-01-01,FRA,1382.42,11
2013-01-01,ITA,1371.91,12
2013-01-01,JPN,1368.25,13
2013-01-01,CIV,1354.33,14
2013-01-01,URU,1344.49,15
2013-01-01,CRO,1339.99,16
2013-01-01,ECU,1333.73,17
2013-01-01,SUI,1309.51,18
2013-01-01,USA,1269.73,19
2013-01-01,AUS,1251.13,20
2013-01-01,KOR,1244.27,21
2013-01-01,BEL,1217.27,22
2013-01-01,EGY,1216.96,23
2013-01-01,CZE,1188.15,24
2013-01-01,PAR,1182.38,25
2013-01-01,NOR,1174.5,26
2013-01-01,TUR,1143.49,27
2013-01-01,IRN,1143.42,28
2013-01-01,BIH,1138.08,29
2013-01-01,PAN,1116.36,30
2013-01-01,NZL,1084.28,31
2013-01-01,TUN,1082.04,32
2013-01-01,GHA,1080.9,33
2013-01-01,RSA,1074.11,34
2013-01-01,SCO,1034.06,35
2013-01-01,UZB,1032.52,36
2013-01-01,AUT,1030.92,37
2013-01-01,IRQ,997.3,38
2013-01-01,KSA,986.06,39
2013-01-01,JAM,978.39,40
2013-01-01,ALG,960.15,41
2013-01-01,CAN,950.9,42
2013-01-01,SEN,887.01,43
2013-01-01,JOR,874.24,44
2013-01-01,QAT,861.71,45
2013-01-01,MAR,851.34,46
2013-01-01,HAI,839.33,47
2013-01-01,CPV,785.46,48
2013-01-01,COD,773.3,49
2013-01-01,CUW,342.43,50
2013-04-01,ESP,1744.94,1
2013-04-01,GER,1595.82,2
2013-04-01,BRA,1586.27,3
2013-04-01,ARG,1584.17,4
2013-04-01,NED,1487.64,5
2013-04-01,ENG,1474.54,6
2013-04-01,CRO,1399.02,7
2013-04-01,ECU,1398.49,8
2013-04-01,ITA,1387.25,9
2013-04-01,COL,1374.24,10
2013-04-01,POR,1373.25,11
2013-04-01,FRA,1366.82,12
2013-04-01,SWE,1362.07,13
2013-04-01,MEX,1354.55,14
2013-04-01,JPN,1345.34,15
2013-04-01,CIV,1329.59,16
2013-04-01,SUI,1288.2,17
2013-04-01,URU,1285.52,18
2013-04-01,BEL,1257.58,19
2013-04-01,USA,1248.08,20
2013-04-01,KOR,1220.81,21
2013-04-01,AUS,1215.23,22
2013-04-01,BIH,1205.08,23
2013-04-01,CZE,1189.58,24
2013-04-01,PAN,1184.25,25
2013-04-01,PAR,1162.65,26
2013-04-01,IRN,1147.12,27
2013-04-01,GHA,1118.88,28
2013-04-01,NZL,1115.2,29
2013-04-01,NOR,1113.58,30
2013-04-01,TUR,1113.12,31
2013-04-01,EGY,1093.19,32
2013-04-01,RSA,1069.55,33
2013-04-01,IRQ,1028.99,34
2013-04-01,TUN,1026.31,35
2013-04-01,AUT,1019.91,36
2013-04-01,UZB,996.95,37
2013-04-01,KSA,991.62,38
2013-04-01,SCO,991.3,39
2013-04-01,JOR,986.02,40
2013-04-01,JAM,970.67,41
2013-04-01,CAN,921.19,42
2013-04-01,QAT,906.86,43
2013-04-01,ALG,902.1,44
2013-04-01,CPV,862.17,45
2013-04-01,SEN,845.64,46
2013-04-01,MAR,841.04,47
2013-04-01,COD,806.95,48
2013-04-01,HAI,751.57,49
2013-04-01,CUW,342.43,50
2013-07-01,ESP,1710.85,1
2013-07-01,BRA,1709.88,2
2013-07-01,GER,1580.28,3
2013-07-01,ARG,1571.12,4
2013-07-01,NED,1501.24,5
2013-07-01,ENG,1468.41,6
2013-07-01,POR,1416.72,7
2013-07-01,COL,1408.07,8
2013-07-01,ITA,1392.46,9
2013-07-01,ECU,1357.08,10
2013-07-01,CRO,1340.76,11
2013-07-01,URU,1338.5,12
2013-07-01,SWE,1335.1,13
2013-07-01,FRA,1318.09,14
2013-07-01,MEX,1317.29,15
2013-07-01,BEL,1305.35,16
2013-07-01,CIV,1303.79,17
2013-07-01,USA,1303.41,18
2013-07-01,SUI,1292.9,19
2013-07-01,AUS,1255.87,20
2013-07-01,JPN,1241.64,21
2013-07-01,BIH,1218.1,22
2013-07-01,CZE,1197.75,23
2013-07-01,KOR,1192.33,24
2013-07-01,GHA,1167.31,25
2013-07-01,IRN,1159.48,26
2013-07-01,PAR,1144.76,27
2013-07-01,NOR,1127.19,28
2013-07-01,NZL,1115.2,29
2013-07-01,PAN,1108.36,30
2013-07-01,EGY,1096.44,31
2013-07-01,AUT,1055.58,32
2013-07-01,TUR,1054.59,33
2013-07-01,RSA,1045.55,34
2013-07-01,UZB,1044.58,35
2013-07-01,SCO,1028.51,36
2013-07-01,JOR,1005.97,37
2013-07-01,TUN,997.29,38
2013-07-01,KSA,991.62,39
2013-07-01,ALG,969.32,40
2013-07-01,IRQ,950.79,41
2013-07-01,JAM,920.94,42
2013-07-01,CAN,905.99,43
2013-07-01,CPV,897.64,44
2013-07-01,QAT,894.09,45
2013-07-01,MAR,876.83,46
2013-07-01,SEN,871.6,47
2013-07-01,COD,820.89,48
2013-07-01,HAI,769.4,49
2013-07-01,CUW,342.43,50
2013-10-01,ESP,1715.33,1
2013-10-01,BRA,1703.92,2
2013-10-01,ARG,1600.16,3
2013-10-01,GER,1574.63,4
2013-10-01,NED,1478.49,5
2013-10-01,ENG,1469.69,6
2013-10-01,URU,1421.62,7
2013-10-01,POR,1406.79,8
2013-10-01,COL,1400.31,9
2013-10-01,ITA,1400.12,10
2013-10-01,USA,1375.99,11
2013-10-01,SWE,1375.21,12
2013-10-01,CRO,1347.49,13
2013-10-01,SUI,1334.67,14
2013-10-01,BEL,1322.86,15
2013-10-01,FRA,1315.94,16
2013-10-01,ECU,1309.49,17
2013-10-01,JPN,1285.16,18
2013-10-01,MEX,1261.92,19
2013-10-01,CIV,1248.34,20
2013-10-01,AUS,1185.06,21
2013-10-01,BIH,1184.95,22
2013-10-01,PAR,1172.32,23
2013-10-01,KOR,1167.54,24
2013-10-01,EGY,1163.59,25
2013-10-01,PAN,1159.54,26
2013-10-01,IRN,1159.48,27
2013-10-01,CZE,1144.17,28
2013-10-01,GHA,1121.82,29
2013-10-01,TUR,1105.35,30
2013-10-01,NZL,1097.97,31
2013-10-01,NOR,1097.14,32
2013-10-01,AUT,1052.04,33
2013-10-01,TUN,1049.12,34
2013-10-01,UZB,1042.41,35
2013-10-01,RSA,1032.53,36
2013-10-01,SCO,1025.28,37
2013-10-01,JOR,1020.38,38
2013-10-01,ALG,988.44,39
2013-10-01,JAM,941.99,40
2013-10-01,IRQ,931.17,41
2013-10-01,KSA,929.53,42
2013-10-01,SEN,900.85,43
2013-10-01,QAT,895.45,44
2013-10-01,MAR,869.86,45
2013-10-01,CPV,867.85,46
2013-10-01,CAN,826.62,47
2013-10-01,COD,793.38,48
2013-10-01,HAI,752.69,49
2013-10-01,CUW,342.43,50
2014-01-01,BRA,1733.31,1
2014-01-01,ESP,1678.23,2
2014-01-01,GER,1615.96,3
2014-01-01,ARG,1582.26,4
2014-01-01,NED,1496.2,5
2014-01-01,COL,1442.87,6
2014-01-01,ENG,1437.33,7
2014-01-01,POR,1434.74,8
2014-01-01,URU,1429.64,9
2014-01-01,ITA,1374.07,10
2014-01-01,FRA,1371.54,11
2014-01-01,USA,1351.57,12
2014-01-01,SWE,1323.47,13
2014-01-01,SUI,1323.1,14
2014-01-01,ECU,1315.83,15
2014-01-01,MEX,1302.13,16
2014-01-01,BEL,1277.31,17
2014-01-01,CRO,1271.18,18
2014-01-01,CIV,1248.52,19
2014-01-01,JPN,1245.6,20
2014-01-01,IRN,1199.94,21
2014-01-01,KOR,1190.77,22
2014-01-01,AUS,1190.44,23
2014-01-01,BIH,1180.99,24
2014-01-01,CZE,1179.96,25
2014-01-01,EGY,1161.64,26
2014-01-01,PAR,1155.52,27
2014-01-01,GHA,1146.51,28
2014-01-01,TUR,1133.39,29
2014-01-01,PAN,1128.77,30
2014-01-01,SCO,1108.6,31
2014-01-01,AUT,1082.79,32
2014-01-01,UZB,1075.91,33
2014-01-01,RSA,1072.21,34
2014-01-01,JOR,1052.88,35
2014-01-01,NZL,1038.36,36
2014-01-01,TUN,1004.65,37
2014-01-01,NOR,1004.28,38
2014-01-01,ALG,980.14,39
2014-01-01,QAT,960.64,40
2014-01-01,KSA,930.33,41
2014-01-01,IRQ,901.63,42
2014-01-01,SEN,900.66,43
2014-01-01,MAR,876.66,44
2014-01-01,JAM,875.79,45
2014-01-01,CPV,847.16,46
2014-01-01,COD,793.38,47
2014-01-01,CAN,782.57,48
2014-01-01,HAI,752.69,49
2014-01-01,CUW,353.11,50
2014-04-01,BRA,1739.91,1
2014-04-01,ESP,1688.92,2
2014-04-01,GER,1631.02,3
2014-04-01,ARG,1567.16,4
2014-04-01,NED,1454.53,5
2014-04-01,POR,1450.34,6
2014-04-01,ENG,1448.32,7
2014-04-01,COL,1427.43,8
2014-04-01,URU,1416.54,9
2014-04-01,FRA,1413.21,10
2014-04-01,ITA,1363.39,11
2014-04-01,MEX,1337.05,12
2014-04-01,USA,1335.21,13
2014-04-01,ECU,1333.02,14
2014-04-01,SUI,1320.87,15
2014-04-01,SWE,1306.13,16
2014-04-01,BEL,1276.07,17
2014-04-01,CRO,1273.41,18
2014-04-01,JPN,1266.59,19
2014-04-01,CIV,1249.77,20
2014-04-01,EGY,1196.64,21
2014-04-01,KOR,1195.4,22
2014-04-01,IRN,1178.36,23
2014-04-01,AUS,1173.25,24
2014-04-01,CZE,1171.65,25
2014-04-01,TUR,1164.26,26
2014-04-01,PAR,1155.52,27
2014-04-01,BIH,1145.99,28
2014-04-01,SCO,1130.52,29
2014-04-01,PAN,1128.77,30
2014-04-01,GHA,1121.0,31
2014-04-01,AUT,1095.88,32
2014-04-01,UZB,1080.72,33
2014-04-01,JOR,1070.35,34
2014-04-01,RSA,1065.62,35
2014-04-01,QAT,1036.93,36
2014-04-01,TUN,1020.1,37
2014-04-01,ALG,1018.5,38
2014-04-01,NZL,1017.36,39
2014-04-01,NOR,986.26,40
2014-04-01,IRQ,983.03,41
2014-04-01,KSA,941.02,42
2014-04-01,SEN,900.0,43
2014-04-01,JAM,886.06,44
2014-04-01,MAR,875.24,45
2014-04-01,CPV,832.33,46
2014-04-01,COD,793.38,47
2014-04-01,CAN,782.57,48
2014-04-01,HAI,754.8,49
2014-04-01,CUW,353.11,50
2014-07-01,BRA,1729.38,1
2014-07-01,NED,1687.12,2
2014-07-01,GER,1667.92,3
2014-07-01,ARG,1629.52,4
2014-07-01,COL,1600.51,5
2014-07-01,FRA,1543.27,6
2014-07-01,ESP,1522.42,7
2014-07-01,POR,1437.11,8
2014-07-01,BEL,1412.16,9
2014-07-01,MEX,1411.22,10
2014-07-01,USA,1372.1,11
2014-07-01,URU,1366.27,12
2014-07-01,SUI,1357.04,13
2014-07-01,ENG,1332.77,14
2014-07-01,ECU,1313.7,15
2014-07-01,ITA,1286.3,16
2014-07-01,CRO,1266.37,17
2014-07-01,SWE,1242.71,18
2014-07-01,BIH,1212.11,19
2014-07-01,JPN,1205.77,20
2014-07-01,CIV,1204.95,21
2014-07-01,TUR,1185.92,22
2014-07-01,EGY,1184.11,23
2014-07-01,PAR,1184.02,24
2014-07-01,CZE,1140.99,25
2014-07-01,GHA,1139.63,26
2014-07-01,SCO,1134.58,27
2014-07-01,ALG,1129.71,28
2014-07-01,PAN,1121.4,29
2014-07-01,AUT,1111.49,30
2014-07-01,IRN,1087.62,31
2014-07-01,AUS,1074.29,32
2014-07-01,RSA,1067.92,33
2014-07-01,KOR,1038.82,34
2014-07-01,TUN,1037.88,35
2014-07-01,UZB,1033.27,36
2014-07-01,QAT,1030.54,37
2014-07-01,NZL,1019.64,38
2014-07-01,JOR,989.45,39
2014-07-01,NOR,986.39,40
2014-07-01,IRQ,983.03,41
2014-07-01,SEN,941.08,42
2014-07-01,JAM,869.5,43
2014-07-01,KSA,839.69,44
2014-07-01,CPV,832.33,45
2014-07-01,MAR,829.62,46
2014-07-01,COD,793.38,47
2014-07-01,CAN,789.39,48
2014-07-01,HAI,754.8,49
2014-07-01,CUW,353.11,50
2014-10-01,GER,1800.48,1
2014-10-01,ARG,1691.38,2
2014-10-01,NED,1640.21,3
2014-10-01,BRA,1600.34,4
2014-10-01,COL,1544.43,5
2014-10-01,FRA,1519.73,6
2014-10-01,ESP,1506.32,7
2014-10-01,BEL,1439.05,8
2014-10-01,MEX,1421.23,9
2014-10-01,URU,1400.32,10
2014-10-01,POR,1396.78,11
2014-10-01,ENG,1375.58,12
2014-10-01,ITA,1357.23,13
2014-10-01,USA,1345.21,14
2014-10-01,ECU,1313.7,15
2014-10-01,SUI,1300.45,16
2014-10-01,CRO,1275.62,17
2014-10-01,SWE,1247.72,18
2014-10-01,PAR,1181.99,19
2014-10-01,JPN,1176.68,20
2014-10-01,BIH,1174.37,21
2014-10-01,CZE,1166.54,22
2014-10-01,CIV,1156.26,23
2014-10-01,ALG,1150.6,24
2014-10-01,TUR,1145.3,25
2014-10-01,GHA,1134.87,26
2014-10-01,SCO,1131.3,27
2014-10-01,AUT,1117.48,28
2014-10-01,EGY,1116.58,29
2014-10-01,PAN,1108.85,30
2014-10-01,IRN,1087.62,31
2014-10-01,UZB,1086.1,32
2014-10-01,RSA,1083.78,33
2014-10-01,TUN,1076.51,34
2014-10-01,AUS,1073.86,35
2014-10-01,KOR,1065.57,36
2014-10-01,SEN,1010.05,37
2014-10-01,NZL,988.15,38
2014-10-01,QAT,983.23,39
2014-10-01,NOR,970.43,40
2014-10-01,JOR,960.62,41
2014-10-01,IRQ,957.92,42
2014-10-01,MAR,881.62,43
2014-10-01,CPV,879.71,44
2014-10-01,JAM,869.5,45
2014-10-01,KSA,826.19,46
2014-10-01,COD,798.87,47
2014-10-01,CAN,789.39,48
2014-10-01,HAI,752.34,49
2014-10-01,CUW,396.94,50
2015-01-01,GER,1734.94,1
2015-01-01,BRA,1667.78,2
2015-01-01,ARG,1629.27,3
2015-01-01,COL,1563.01,4
2015-01-01,NED,1554.52,5
2015-01-01,FRA,1535.59,6
2015-01-01,ESP,1467.09,7
2015-01-01,POR,1430.05,8
2015-01-01,BEL,1425.16,9
2015-01-01,URU,1421.79,10
2015-01-01,MEX,1420.61,11
2015-01-01,ENG,1414.13,12
2015-01-01,ITA,1368.7,13
2015-01-01,ECU,1313.7,14
2015-01-01,CRO,1292.64,15
2015-01-01,SUI,1272.53,16
2015-01-01,USA,1267.23,17
2015-01-01,SWE,1228.07,18
2015-01-01,JPN,1221.59,19
2015-01-01,CZE,1211.62,20
2015-01-01,AUT,1162.83,21
2015-01-01,SCO,1148.38,22
2015-01-01,RSA,1131.17,23
2015-01-01,QAT,1129.76,24
2015-01-01,BIH,1126.7,25
2015-01-01,GHA,1126.08,26
2015-01-01,ALG,1122.19,27
2015-01-01,PAR,1116.16,28
2015-01-01,UZB,1112.61,29
2015-01-01,TUR,1111.56,30
2015-01-01,IRN,1110.72,31
2015-01-01,TUN,1104.32,32
2015-01-01,CIV,1093.01,33
2015-01-01,EGY,1090.8,34
2015-01-01,PAN,1086.45,35
2015-01-01,KOR,1078.41,36
2015-01-01,SEN,1042.7,37
2015-01-01,AUS,1037.13,38
2015-01-01,NOR,986.26,39
2015-01-01,MAR,964.9,40
2015-01-01,NZL,944.67,41
2015-01-01,KSA,898.7,42
2015-01-01,IRQ,893.23,43
2015-01-01,JAM,863.18,44
2015-01-01,JOR,863.04,45
2015-01-01,CPV,854.67,46
2015-01-01,COD,835.68,47
2015-01-01,HAI,807.58,48
2015-01-01,CAN,801.36,49
2015-01-01,CUW,396.1,50
2015-04-01,GER,1719.38,1
2015-04-01,BRA,1705.88,2
2015-04-01,ARG,1643.08,3
2015-04-01,COL,1574.95,4
2015-04-01,NED,1569.11,5
2015-04-01,FRA,1524.18,6
2015-04-01,ESP,1452.81,7
2015-04-01,BEL,1438.29,8
2015-04-01,URU,1428.43,9
2015-04-01,MEX,1420.61,10
2015-04-01,ENG,1417.12,11
2015-04-01,POR,1381.28,12
2015-04-01,ITA,1356.76,13
2015-04-01,CRO,1312.54,14
2015-04-01,ECU,1303.48,15
2015-04-01,JPN,1300.71,16
2015-04-01,SUI,1282.79,17
2015-04-01,SWE,1263.41,18
2015-04-01,USA,1249.97,19
2015-04-01,CIV,1198.56,20
2015-04-01,IRN,1197.14,21
2015-04-01,KOR,1186.55,22
2015-04-01,GHA,1183.84,23
2015-04-01,AUS,1179.94,24
2015-04-01,SCO,1174.27,25
2015-04-01,CZE,1172.64,26
2015-04-01,AUT,1165.06,27
2015-04-01,TUR,1130.41,28
2015-04-01,BIH,1130.04,29
2015-04-01,ALG,1129.01,30
2015-04-01,PAR,1116.16,31
2015-04-01,PAN,1113.63,32
2015-04-01,EGY,1105.9,33
2015-04-01,SEN,1101.75,34
2015-04-01,QAT,1085.89,35
2015-04-01,RSA,1073.68,36
2015-04-01,UZB,1068.06,37
2015-04-01,TUN,1019.55,38
2015-04-01,NOR,966.36,39
2015-04-01,MAR,958.26,40
2015-04-01,CPV,947.89,41
2015-04-01,IRQ,934.55,42
2015-04-01,NZL,931.46,43
2015-04-01,KSA,903.4,44
2015-04-01,JAM,896.15,45
2015-04-01,COD,840.45,46
2015-04-01,CAN,820.18,47
2015-04-01,HAI,818.88,48
2015-04-01,JOR,800.73,49
2015-04-01,CUW,439.16,50
2015-07-01,GER,1685.38,1
2015-07-01,ARG,1665.34,2
2015-07-01,BRA,1657.7,3
2015-07-01,COL,1555.68,4
2015-07-01,NED,1539.23,5
2015-07-01,ESP,1474.08,6
2015-07-01,FRA,1458.96,7
2015-07-01,BEL,1427.46,8
2015-07-01,ENG,1416.32,9
2015-07-01,POR,1407.03,10
2015-07-01,URU,1370.56,11
2015-07-01,USA,1364.58,12
2015-07-01,ITA,1334.07,13
2015-07-01,CRO,1323.25,14
2015-07-01,MEX,1297.97,15
2015-07-01,JPN,1297.09,16
2015-07-01,SUI,1288.8,17
2015-07-01,ECU,1268.97,18
2015-07-01,SWE,1267.87,19
2015-07-01,KOR,1223.8,20
2015-07-01,IRN,1195.11,21
2015-07-01,SCO,1194.04,22
2015-07-01,AUT,1191.23,23
2015-07-01,CIV,1183.53,24
2015-07-01,AUS,1181.8,25
2015-07-01,PAR,1180.77,26
2015-07-01,TUR,1166.42,27
2015-07-01,BIH,1156.88,28
2015-07-01,CZE,1143.25,29
2015-07-01,ALG,1132.05,30
2015-07-01,EGY,1121.4,31
2015-07-01,SEN,1111.63,32
2015-07-01,GHA,1100.89,33
2015-07-01,PAN,1092.89,34
2015-07-01,QAT,1059.31,35
2015-07-01,TUN,1021.5,36
2015-07-01,RSA,1011.22,37
2015-07-01,UZB,1007.02,38
2015-07-01,MAR,976.49,39
2015-07-01,NOR,968.24,40
2015-07-01,CPV,957.96,41
2015-07-01,NZL,931.46,42
2015-07-01,IRQ,917.93,43
2015-07-01,KSA,917.33,44
2015-07-01,JOR,870.41,45
2015-07-01,JAM,863.39,46
2015-07-01,COD,861.74,47
2015-07-01,CAN,837.23,48
2015-07-01,HAI,818.88,49
2015-07-01,CUW,498.82,50
2015-10-01,GER,1700.13,1
2015-10-01,BRA,1682.35,2
2015-10-01,ARG,1650.47,3
2015-10-01,COL,1543.78,4
2015-10-01,ESP,1495.43,5
2015-10-01,FRA,1488.79,6
2015-10-01,BEL,1447.46,7
2015-10-01,ENG,1443.07,8
2015-10-01,NED,1437.6,9
2015-10-01,POR,1396.56,10
2015-10-01,URU,1370.56,11
2015-10-01,ITA,1343.53,12
2015-10-01,MEX,1327.71,13
2015-10-01,USA,1326.92,14
2015-10-01,ECU,1285.87,15
2015-10-01,SUI,1272.94,16
2015-10-01,JPN,1256.91,17
2015-10-01,CRO,1253.19,18
2015-10-01,KOR,1248.46,19
2015-10-01,AUT,1239.21,20
2015-10-01,TUR,1214.44,21
2015-10-01,IRN,1201.65,22
2015-10-01,SWE,1200.58,23
2015-10-01,AUS,1192.64,24
2015-10-01,CIV,1165.19,25
2015-10-01,CZE,1158.62,26
2015-10-01,SCO,1152.43,27
2015-10-01,BIH,1140.75,28
2015-10-01,ALG,1136.4,29
2015-10-01,EGY,1121.4,30
2015-10-01,PAR,1121.03,31
2015-10-01,GHA,1120.5,32
2015-10-01,SEN,1093.22,33
2015-10-01,QAT,1077.38,34
2015-10-01,PAN,1076.56,35
2015-10-01,NOR,1041.96,36
2015-10-01,UZB,1031.46,37
2015-10-01,TUN,984.1,38
2015-10-01,MAR,983.74,39
2015-10-01,RSA,981.72,40
2015-10-01,CPV,975.89,41
2015-10-01,JAM,936.3,42
2015-10-01,IRQ,934.55,43
2015-10-01,KSA,932.81,44
2015-10-01,NZL,913.25,45
2015-10-01,JOR,861.4,46
2015-10-01,HAI,859.61,47
2015-10-01,CAN,841.58,48
2015-10-01,COD,806.22,49
2015-10-01,CUW,481.19,50
2016-01-01,BRA,1658.29,1
2016-01-01,GER,1620.16,2
2016-01-01,ARG,1602.81,3
2016-01-01,ESP,1541.74,4
2016-01-01,FRA,1506.4,5
2016-01-01,COL,1493.36,6
2016-01-01,BEL,1484.73,7
2016-01-01,ENG,1464.93,8
2016-01-01,URU,1462.32,9
2016-01-01,NED,1415.3,10
2016-01-01,POR,1395.85,11
2016-01-01,ECU,1390.67,12
2016-01-01,MEX,1372.13,13
2016-01-01,ITA,1327.98,14
2016-01-01,USA,1309.54,15
2016-01-01,CRO,1308.08,16
2016-01-01,KOR,1278.2,17
2016-01-01,SUI,1276.76,18
2016-01-01,JPN,1272.41,19
2016-01-01,TUR,1263.38,20
2016-01-01,AUT,1230.61,21
2016-01-01,SWE,1225.55,22
2016-01-01,IRN,1202.56,23
2016-01-01,CIV,1195.02,24
2016-01-01,CZE,1171.5,25
2016-01-01,SCO,1169.65,26
2016-01-01,BIH,1153.44,27
2016-01-01,PAR,1153.01,28
2016-01-01,AUS,1148.79,29
2016-01-01,ALG,1119.5,30
2016-01-01,EGY,1115.47,31
2016-01-01,GHA,1101.5,32
2016-01-01,UZB,1096.63,33
2016-01-01,QAT,1088.39,34
2016-01-01,PAN,1082.57,35
2016-01-01,SEN,1064.95,36
2016-01-01,RSA,1021.48,37
2016-01-01,NOR,998.2,38
2016-01-01,TUN,994.93,39
2016-01-01,CPV,967.55,40
2016-01-01,KSA,955.15,41
2016-01-01,MAR,949.76,42
2016-01-01,JOR,941.61,43
2016-01-01,NZL,937.1,44
2016-01-01,COD,931.05,45
2016-01-01,JAM,915.27,46
2016-01-01,IRQ,885.44,47
2016-01-01,CAN,869.36,48
2016-01-01,HAI,829.47,49
2016-01-01,CUW,481.19,50
2016-04-01,BRA,1633.71,1
2016-04-01,ARG,1628.06,2
2016-04-01,GER,1612.7,3
2016-04-01,FRA,1543.54,4
2016-04-01,COL,1524.85,5
2016-04-01,ESP,1520.97,6
2016-04-01,URU,1483.16,7
2016-04-01,ENG,1467.29,8
2016-04-01,BEL,1456.84,9
2016-04-01,NED,1423.35,10
2016-04-01,MEX,1390.12,11
2016-04-01,POR,1385.15,12
2016-04-01,ECU,1354.8,13
2016-04-01,ITA,1315.18,14
2016-04-01,CRO,1313.49,15
2016-04-01,TUR,1305.44,16
2016-04-01,JPN,1291.87,17
2016-04-01,KOR,1291.7,18
2016-04-01,USA,1274.85,19
2016-04-01,AUT,1223.79,20
2016-04-01,IRN,1222.92,21
2016-04-01,SUI,1214.81,22
2016-04-01,SCO,1212.94,23
2016-04-01,SWE,1211.17,24
2016-04-01,BIH,1199.74,25
2016-04-01,AUS,1188.03,26
2016-04-01,CIV,1179.79,27
2016-04-01,PAR,1179.11,28
2016-04-01,CZE,1151.71,29
2016-04-01,EGY,1135.75,30
2016-04-01,UZB,1130.32,31
2016-04-01,ALG,1113.35,32
2016-04-01,PAN,1098.34,33
2016-04-01,GHA,1097.04,34
2016-04-01,SEN,1080.86,35
2016-04-01,QAT,1060.67,36
2016-04-01,NOR,1022.98,37
2016-04-01,RSA,1019.09,38
2016-04-01,MAR,1004.92,39
2016-04-01,TUN,992.5,40
2016-04-01,KSA,970.83,41
2016-04-01,JOR,948.75,42
2016-04-01,COD,942.51,43
2016-04-01,NZL,937.1,44
2016-04-01,CPV,912.39,45
2016-04-01,JAM,907.84,46
2016-04-01,IRQ,878.38,47
2016-04-01,HAI,852.88,48
2016-04-01,CAN,851.37,49
2016-04-01,CUW,484.91,50
2016-07-01,ARG,1723.2,1
2016-07-01,GER,1621.71,2
2016-07-01,FRA,1587.24,3
2016-07-01,BRA,1563.51,4
2016-07-01,BEL,1498.07,5
2016-07-01,COL,1482.19,6
2016-07-01,NED,1457.69,7
2016-07-01,ITA,1455.11,8
2016-07-01,ESP,1446.09,9
2016-07-01,ENG,1426.38,10
2016-07-01,MEX,1383.52,11
2016-07-01,POR,1380.0,12
2016-07-01,URU,1378.51,13
2016-07-01,CRO,1351.76,14
2016-07-01,ECU,1341.11,15
2016-07-01,USA,1319.84,16
2016-07-01,KOR,1285.4,17
2016-07-01,JPN,1285.31,18
2016-07-01,TUR,1284.04,19
2016-07-01,SUI,1259.86,20
2016-07-01,IRN,1239.31,21
2016-07-01,BIH,1210.22,22
2016-07-01,SWE,1185.45,23
2016-07-01,CIV,1184.69,24
2016-07-01,SCO,1178.68,25
2016-07-01,AUS,1159.8,26
2016-07-01,EGY,1143.65,27
2016-07-01,PAR,1130.79,28
2016-07-01,ALG,1116.3,29
2016-07-01,CZE,1115.9,30
2016-07-01,AUT,1107.44,31
2016-07-01,PAN,1105.58,32
2016-07-01,SEN,1104.92,33
2016-07-01,GHA,1101.71,34
2016-07-01,UZB,1096.56,35
2016-07-01,RSA,1037.85,36
2016-07-01,QAT,1024.12,37
2016-07-01,NZL,1021.9,38
2016-07-01,NOR,1021.66,39
2016-07-01,MAR,1020.42,40
2016-07-01,TUN,993.87,41
2016-07-01,KSA,970.83,42
2016-07-01,JOR,952.69,43
2016-07-01,COD,931.3,44
2016-07-01,CPV,917.99,45
2016-07-01,IRQ,878.38,46
2016-07-01,CAN,877.61,47
2016-07-01,JAM,846.53,48
2016-07-01,HAI,815.67,49
2016-07-01,CUW,553.96,50
2016-10-01,ARG,1713.28,1
2016-10-01,FRA,1615.0,2
2016-10-01,BRA,1605.54,3
2016-10-01,GER,1566.44,4
2016-10-01,ESP,1478.9,5
2016-10-01,COL,1475.09,6
2016-10-01,ITA,1450.03,7
2016-10-01,ENG,1441.23,8
2016-10-01,POR,1433.49,9
2016-10-01,NED,1409.8,10
2016-10-01,URU,1395.9,11
2016-10-01,BEL,1384.8,12
2016-10-01,MEX,1375.27,13
2016-10-01,CRO,1348.56,14
2016-10-01,USA,1337.04,15
2016-10-01,SUI,1307.12,16
2016-10-01,ECU,1296.74,17
2016-10-01,KOR,1282.97,18
2016-10-01,TUR,1280.36,19
2016-10-01,JPN,1265.94,20
2016-10-01,IRN,1253.35,21
2016-10-01,BIH,1227.54,22
2016-10-01,SWE,1194.91,23
2016-10-01,AUS,1191.98,24
2016-10-01,SCO,1184.19,25
2016-10-01,CIV,1167.13,26
2016-10-01,UZB,1148.91,27
2016-10-01,PAR,1143.68,28
2016-10-01,CZE,1133.79,29
2016-10-01,ALG,1124.35,30
2016-10-01,AUT,1119.6,31
2016-10-01,SEN,1118.26,32
2016-10-01,EGY,1106.6,33
2016-10-01,PAN,1097.55,34
2016-10-01,QAT,1066.71,35
2016-10-01,GHA,1065.68,36
2016-10-01,RSA,1050.64,37
2016-10-01,MAR,1027.39,38
2016-10-01,NZL,1021.9,39
2016-10-01,TUN,1011.18,40
2016-10-01,KSA,1010.24,41
2016-10-01,NOR,988.39,42
2016-10-01,COD,946.97,43
2016-10-01,JOR,923.75,44
2016-10-01,CPV,892.15,45
2016-10-01,CAN,887.79,46
2016-10-01,HAI,843.19,47
2016-10-01,IRQ,820.81,48
2016-10-01,JAM,793.25,49
2016-10-01,CUW,553.96,50
2017-01-01,BRA,1678.91,1
2017-01-01,ARG,1647.19,2
2017-01-01,FRA,1626.63,3
2017-01-01,GER,1581.15,4
2017-01-01,ESP,1492.04,5
2017-01-01,ITA,1460.98,6
2017-01-01,COL,1456.32,7
2017-01-01,ENG,1448.16,8
2017-01-01,POR,1442.55,9
2017-01-01,BEL,1427.56,10
2017-01-01,NED,1411.55,11
2017-01-01,URU,1410.98,12
2017-01-01,CRO,1404.55,13
2017-01-01,MEX,1403.85,14
2017-01-01,ECU,1345.07,15
2017-01-01,SUI,1325.47,16
2017-01-01,KOR,1302.88,17
2017-01-01,JPN,1297.58,18
2017-01-01,IRN,1288.69,19
2017-01-01,USA,1276.46,20
2017-01-01,TUR,1244.39,21
2017-01-01,SWE,1211.42,22
2017-01-01,BIH,1199.69,23
2017-01-01,CIV,1184.22,24
2017-01-01,AUS,1174.69,25
2017-01-01,UZB,1153.51,26
2017-01-01,EGY,1147.16,27
2017-01-01,SEN,1138.23,28
2017-01-01,CZE,1123.53,29
2017-01-01,PAN,1117.84,30
2017-01-01,PAR,1115.87,31
2017-01-01,SCO,1111.34,32
2017-01-01,AUT,1092.24,33
2017-01-01,QAT,1089.64,34
2017-01-01,ALG,1083.76,35
2017-01-01,MAR,1066.89,36
2017-01-01,KSA,1045.39,37
2017-01-01,NZL,1034.65,38
2017-01-01,GHA,1025.54,39
2017-01-01,RSA,1024.63,40
2017-01-01,TUN,1022.28,41
2017-01-01,COD,973.44,42
2017-01-01,NOR,940.03,43
2017-01-01,JOR,898.63,44
2017-01-01,CAN,866.37,45
2017-01-01,IRQ,839.93,46
2017-01-01,CPV,831.34,47
2017-01-01,HAI,822.2,48
2017-01-01,JAM,809.59,49
2017-01-01,CUW,617.94,50
2017-04-01,BRA,1720.42,1
2017-04-01,ARG,1603.47,2
2017-04-01,GER,1600.91,3
2017-04-01,FRA,1585.76,4
2017-04-01,ESP,1543.56,5
2017-04-01,ITA,1488.54,6
2017-04-01,COL,1474.17,7
2017-04-01,MEX,1447.97,8
2017-04-01,ENG,1435.36,9
2017-04-01,POR,1428.17,10
2017-04-01,BEL,1401.69,11
2017-04-01,URU,1367.55,12
2017-04-01,CRO,1342.1,13
2017-04-01,NED,1336.18,14
2017-04-01,SUI,1330.13,15
2017-04-01,JPN,1329.24,16
2017-04-01,ECU,1302.86,17
2017-04-01,USA,1289.99,18
2017-04-01,KOR,1277.99,19
2017-04-01,IRN,1277.41,20
2017-04-01,TUR,1262.83,21
2017-04-01,SWE,1246.08,22
2017-04-01,BIH,1220.65,23
2017-04-01,SEN,1196.66,24
2017-04-01,AUS,1188.48,25
2017-04-01,EGY,1170.94,26
2017-04-01,CIV,1167.09,27
2017-04-01,PAR,1140.15,28
2017-04-01,CZE,1139.14,29
2017-04-01,UZB,1127.43,30
2017-04-01,PAN,1121.75,31
2017-04-01,SCO,1121.28,32
2017-04-01,MAR,1093.97,33
2017-04-01,AUT,1091.93,34
2017-04-01,KSA,1091.06,35
2017-04-01,NZL,1078.43,36
2017-04-01,ALG,1058.8,37
2017-04-01,RSA,1017.93,38
2017-04-01,QAT,1004.18,39
2017-04-01,GHA,978.1,40
2017-04-01,COD,963.28,41
2017-04-01,TUN,955.46,42
2017-04-01,JOR,942.81,43
2017-04-01,NOR,912.05,44
2017-04-01,CAN,899.69,45
2017-04-01,IRQ,874.92,46
2017-04-01,HAI,867.07,47
2017-04-01,CPV,845.76,48
2017-04-01,JAM,809.59,49
2017-04-01,CUW,624.53,50
2017-07-01,BRA,1704.27,1
2017-07-01,ARG,1631.76,2
2017-07-01,GER,1630.47,3
2017-07-01,FRA,1580.33,4
2017-07-01,ESP,1543.45,5
2017-07-01,ITA,1517.28,6
2017-07-01,COL,1495.49,7
2017-07-01,POR,1467.07,8
2017-07-01,MEX,1438.49,9
2017-07-01,BEL,1421.71,10
2017-07-01,ENG,1406.66,11
2017-07-01,NED,1380.77,12
2017-07-01,SUI,1339.97,13
2017-07-01,CRO,1339.18,14
2017-07-01,IRN,1310.89,15
2017-07-01,ECU,1303.15,16
2017-07-01,JPN,1299.75,17
2017-07-01,USA,1298.24,18
2017-07-01,URU,1298.01,19
2017-07-01,SWE,1268.37,20
2017-07-01,TUR,1259.19,21
2017-07-01,KOR,1231.1,22
2017-07-01,BIH,1214.61,23
2017-07-01,SEN,1199.49,24
2017-07-01,AUS,1197.77,25
2017-07-01,EGY,1156.0,26
2017-07-01,SCO,1133.41,27
2017-07-01,PAN,1122.86,28
2017-07-01,UZB,1120.22,29
2017-07-01,CZE,1118.31,30
2017-07-01,PAR,1114.43,31
2017-07-01,AUT,1099.62,32
2017-07-01,CIV,1090.21,33
2017-07-01,ALG,1083.54,34
2017-07-01,KSA,1072.72,35
2017-07-01,MAR,1060.52,36
2017-07-01,QAT,1034.83,37
2017-07-01,RSA,1024.5,38
2017-07-01,COD,995.69,39
2017-07-01,TUN,987.38,40
2017-07-01,GHA,985.91,41
2017-07-01,NZL,982.26,42
2017-07-01,NOR,934.34,43
2017-07-01,IRQ,928.8,44
2017-07-01,CAN,911.3,45
2017-07-01,JOR,897.98,46
2017-07-01,HAI,867.07,47
2017-07-01,CPV,820.39,48
2017-07-01,JAM,773.63,49
2017-07-01,CUW,673.8,50
2017-10-01,BRA,1707.0,1
2017-10-01,GER,1660.19,2
2017-10-01,ARG,1601.9,3
2017-10-01,FRA,1585.38,4
2017-10-01,ESP,1581.71,5
2017-10-01,POR,1497.42,6
2017-10-01,COL,1490.2,7
2017-10-01,ITA,1484.16,8
2017-10-01,BEL,1434.68,9
2017-10-01,ENG,1425.13,10
2017-10-01,MEX,1391.72,11
2017-10-01,NED,1368.2,12
2017-10-01,SUI,1346.67,13
2017-10-01,URU,1327.28,14
2017-10-01,CRO,1316.25,15
2017-10-01,USA,1306.94,16
2017-10-01,IRN,1294.88,17
2017-10-01,JPN,1293.44,18
2017-10-01,ECU,1282.57,19
2017-10-01,SWE,1253.04,20
2017-10-01,TUR,1249.22,21
2017-10-01,KOR,1228.59,22
2017-10-01,BIH,1182.69,23
2017-10-01,AUS,1181.44,24
2017-10-01,SEN,1180.4,25
2017-10-01,PAR,1153.1,26
2017-10-01,SCO,1151.09,27
2017-10-01,PAN,1140.88,28
2017-10-01,EGY,1131.71,29
2017-10-01,UZB,1099.99,30
2017-10-01,MAR,1084.41,31
2017-10-01,KSA,1080.68,32
2017-10-01,CZE,1078.02,33
2017-10-01,AUT,1073.21,34
2017-10-01,CIV,1071.02,35
2017-10-01,TUN,1008.62,36
2017-10-01,ALG,1002.87,37
2017-10-01,NZL,994.08,38
2017-10-01,GHA,989.11,39
2017-10-01,QAT,981.83,40
2017-10-01,IRQ,975.97,41
2017-10-01,COD,974.44,42
2017-10-01,CAN,957.5,43
2017-10-01,RSA,951.45,44
2017-10-01,NOR,949.55,45
2017-10-01,JOR,905.93,46
2017-10-01,CPV,878.67,47
2017-10-01,JAM,868.31,48
2017-10-01,HAI,867.07,49
2017-10-01,CUW,617.12,50
2018-01-01,BRA,1709.09,1
2018-01-01,GER,1658.11,2
2018-01-01,FRA,1607.57,3
2018-01-01,ESP,1597.26,4
2018-01-01,ARG,1557.95,5
2018-01-01,POR,1524.74,6
2018-01-01,BEL,1464.15,7
2018-01-01,ENG,1455.52,8
2018-01-01,NED,1438.1,9
2018-01-01,COL,1436.57,10
2018-01-01,ITA,1432.19,11
2018-01-01,MEX,1386.93,12
2018-01-01,SUI,1341.17,13
2018-01-01,CRO,1340.19,14
2018-01-01,IRN,1328.57,15
2018-01-01,USA,1305.16,16
2018-01-01,URU,1304.75,17
2018-01-01,SWE,1273.38,18
2018-01-01,ECU,1250.68,19
2018-01-01,JPN,1237.04,20
2018-01-01,KOR,1235.65,21
2018-01-01,SEN,1229.79,22
2018-01-01,AUS,1208.98,23
2018-01-01,BIH,1183.46,24
2018-01-01,MAR,1170.8,25
2018-01-01,PAR,1163.13,26
2018-01-01,SCO,1157.31,27
2018-01-01,AUT,1137.45,28
2018-01-01,PAN,1134.51,29
2018-01-01,EGY,1134.34,30
2018-01-01,CZE,1134.1,31
2018-01-01,TUR,1127.5,32
2018-01-01,UZB,1073.26,33
2018-01-01,ALG,1035.95,34
2018-01-01,GHA,1035.45,35
2018-01-01,CIV,1034.19,36
2018-01-01,TUN,1030.57,37
2018-01-01,COD,1016.49,38
2018-01-01,IRQ,1013.8,39
2018-01-01,KSA,990.03,40
2018-01-01,NZL,988.2,41
2018-01-01,RSA,953.32,42
2018-01-01,NOR,930.25,43
2018-01-01,CAN,927.77,44
2018-01-01,QAT,900.61,45
2018-01-01,JOR,887.87,46
2018-01-01,HAI,882.49,47
2018-01-01,JAM,844.15,48
2018-01-01,CPV,826.37,49
2018-01-01,CUW,653.4,50
2018-04-01,BRA,1739.05,1
2018-04-01,ESP,1643.48,2
2018-04-01,GER,1635.74,3
2018-04-01,FRA,1590.86,4
2018-04-01,ARG,1540.1,5
2018-04-01,POR,1484.92,6
2018-04-01,BEL,1475.36,7
2018-04-01,ENG,1474.23,8
2018-04-01,NED,1464.4,9
2018-04-01,COL,1454.02,10
2018-04-01,ITA,1409.47,11
2018-04-01,MEX,1401.7,12
2018-04-01,SUI,1380.63,13
2018-04-01,URU,1346.19,14
2018-04-01,CRO,1340.13,15
2018-04-01,USA,1316.72,16
2018-04-01,IRN,1312.62,17
2018-04-01,ECU,1250.68,18
2018-04-01,SWE,1239.77,19
2018-04-01,SEN,1221.78,20
2018-04-01,MAR,1220.38,21
2018-04-01,JPN,1199.83,22
2018-04-01,BIH,1191.04,23
2018-04-01,KOR,1182.94,24
2018-04-01,AUT,1177.42,25
2018-04-01,AUS,1162.53,26
2018-04-01,SCO,1153.26,27
2018-04-01,PAR,1146.4,28
2018-04-01,TUR,1145.23,29
2018-04-01,CZE,1141.33,30
2018-04-01,EGY,1100.9,31
2018-04-01,TUN,1094.56,32
2018-04-01,PAN,1089.94,33
2018-04-01,UZB,1053.34,34
2018-04-01,ALG,1036.01,35
2018-04-01,GHA,1035.45,36
2018-04-01,CIV,1028.53,37
2018-04-01,IRQ,1022.41,38
2018-04-01,NOR,1011.88,39
2018-04-01,RSA,968.59,40
2018-04-01,KSA,964.06,41
2018-04-01,NZL,963.1,42
2018-04-01,COD,959.92,43
2018-04-01,CAN,952.87,44
2018-04-01,QAT,931.83,45
2018-04-01,HAI,882.49,46
2018-04-01,JOR,881.88,47
2018-04-01,JAM,847.75,48
2018-04-01,CPV,826.37,49
2018-04-01,CUW,702.3,50
2018-07-01,BRA,1763.4,1
2018-07-01,FRA,1664.61,2
2018-07-01,ESP,1616.13,3
2018-07-01,BEL,1603.79,4
2018-07-01,URU,1510.76,5
2018-07-01,ENG,1500.99,6
2018-07-01,CRO,1499.34,7
2018-07-01,COL,1469.44,8
2018-07-01,NED,1452.45,9
2018-07-01,POR,1452.36,10
2018-07-01,GER,1446.04,11
2018-07-01,SUI,1441.73,12
2018-07-01,ARG,1413.85,13
2018-07-01,ITA,1398.54,14
2018-07-01,SWE,1368.04,15
2018-07-01,MEX,1342.78,16
2018-07-01,IRN,1333.75,17
2018-07-01,USA,1316.32,18
2018-07-01,ECU,1250.68,19
2018-07-01,SEN,1239.15,20
2018-07-01,AUT,1228.65,21
2018-07-01,MAR,1225.09,22
2018-07-01,BIH,1216.98,23
2018-07-01,KOR,1193.32,24
2018-07-01,JPN,1192.98,25
2018-07-01,TUR,1172.08,26
2018-07-01,AUS,1171.76,27
2018-07-01,SCO,1126.17,28
2018-07-01,CZE,1124.38,29
2018-07-01,PAR,1112.0,30
2018-07-01,TUN,1107.63,31
2018-07-01,GHA,1083.28,32
2018-07-01,NOR,1067.15,33
2018-07-01,CIV,1028.53,34
2018-07-01,UZB,1022.55,35
2018-07-01,IRQ,1014.43,36
2018-07-01,RSA,1000.51,37
2018-07-01,KSA,989.84,38
2018-07-01,PAN,984.35,39
2018-07-01,COD,967.46,40
2018-07-01,EGY,965.61,41
2018-07-01,ALG,958.01,42
2018-07-01,CAN,952.87,43
2018-07-01,NZL,948.15,44
2018-07-01,QAT,931.83,45
2018-07-01,JOR,910.03,46
2018-07-01,JAM,884.96,47
2018-07-01,HAI,876.23,48
2018-07-01,CPV,836.6,49
2018-07-01,CUW,702.3,50
2018-10-01,FRA,1791.57,1
2018-10-01,BRA,1741.32,2
2018-10-01,BEL,1702.06,3
2018-10-01,ESP,1640.83,4
2018-10-01,URU,1491.51,5
2018-10-01,GER,1480.47,6
2018-10-01,COL,1479.21,7
2018-10-01,POR,1473.59,8
2018-10-01,NED,1464.38,9
2018-10-01,ENG,1457.4,10
2018-10-01,CRO,1445.44,11
2018-10-01,ARG,1424.38,12
2018-10-01,SUI,1391.89,13
2018-10-01,ITA,1372.87,14
2018-10-01,IRN,1344.16,15
2018-10-01,USA,1326.68,16
2018-10-01,SWE,1290.36,17
2018-10-01,ECU,1274.78,18
2018-10-01,MEX,1269.56,19
2018-10-01,BIH,1257.95,20
2018-10-01,AUT,1246.76,21
2018-10-01,KOR,1232.6,22
2018-10-01,MAR,1231.69,23
2018-10-01,SEN,1220.46,24
2018-10-01,JPN,1213.76,25
2018-10-01,TUR,1183.05,26
2018-10-01,AUS,1171.76,27
2018-10-01,SCO,1139.42,28
2018-10-01,TUN,1113.94,29
2018-10-01,PAR,1112.0,30
2018-10-01,CZE,1078.45,31
2018-10-01,NOR,1055.24,32
2018-10-01,GHA,1046.99,33
2018-10-01,CIV,1036.92,34
2018-10-01,IRQ,1028.34,35
2018-10-01,UZB,1010.43,36
2018-10-01,RSA,992.59,37
2018-10-01,KSA,987.52,38
2018-10-01,EGY,987.2,39
2018-10-01,QAT,982.5,40
2018-10-01,PAN,959.41,41
2018-10-01,CAN,956.76,42
2018-10-01,COD,953.92,43
2018-10-01,NZL,948.15,44
2018-10-01,ALG,944.65,45
2018-10-01,HAI,900.77,46
2018-10-01,JOR,888.57,47
2018-10-01,JAM,876.1,48
2018-10-01,CPV,825.32,49
2018-10-01,CUW,729.75,50
2019-01-01,BRA,1767.87,1
2019-01-01,FRA,1742.12,2
2019-01-01,BEL,1646.83,3
2019-01-01,ESP,1604.23,4
2019-01-01,NED,1558.92,5
2019-01-01,ENG,1534.94,6
2019-01-01,COL,1514.6,7
2019-01-01,POR,1483.83,8
2019-01-01,ARG,1473.19,9
2019-01-01,GER,1466.81,10
2019-01-01,CRO,1459.36,11
2019-01-01,SUI,1417.65,12
2019-01-01,ITA,1409.02,13
2019-01-01,URU,1406.78,14
2019-01-01,IRN,1341.33,15
2019-01-01,SWE,1339.05,16
2019-01-01,ECU,1285.46,17
2019-01-01,JPN,1269.23,18
2019-01-01,KOR,1266.19,19
2019-01-01,BIH,1265.27,20
2019-01-01,USA,1264.42,21
2019-01-01,AUT,1252.56,22
2019-01-01,MAR,1251.82,23
2019-01-01,AUS,1236.13,24
2019-01-01,SEN,1231.41,25
2019-01-01,MEX,1221.06,26
2019-01-01,CZE,1149.79,27
2019-01-01,TUR,1148.11,28
2019-01-01,SCO,1132.9,29
2019-01-01,PAR,1106.62,30
2019-01-01,NOR,1099.5,31
2019-01-01,TUN,1081.32,32
2019-01-01,GHA,1057.0,33
2019-01-01,IRQ,1042.4,34
2019-01-01,EGY,1034.26,35
2019-01-01,UZB,1031.9,36
2019-01-01,CIV,1025.97,37
2019-01-01,QAT,1018.58,38
2019-01-01,KSA,998.74,39
2019-01-01,RSA,990.22,40
2019-01-01,ALG,986.18,41
2019-01-01,CAN,974.6,42
2019-01-01,NZL,948.15,43
2019-01-01,PAN,919.67,44
2019-01-01,COD,914.73,45
2019-01-01,JAM,902.63,46
2019-01-01,HAI,895.79,47
2019-01-01,JOR,850.71,48
2019-01-01,CPV,781.22,49
2019-01-01,CUW,778.09,50
2019-04-01,BRA,1752.79,1
2019-04-01,FRA,1748.87,2
2019-04-01,BEL,1661.55,3
2019-04-01,ESP,1610.68,4
2019-04-01,ENG,1558.98,5
2019-04-01,NED,1537.84,6
2019-04-01,COL,1496.21,7
2019-04-01,GER,1484.91,8
2019-04-01,POR,1465.42,9
2019-04-01,ARG,1435.95,10
2019-04-01,SUI,1425.69,11
2019-04-01,ITA,1423.07,12
2019-04-01,CRO,1422.98,13
2019-04-01,URU,1406.78,14
2019-04-01,USA,1326.84,15
2019-04-01,IRN,1325.35,16
2019-04-01,KOR,1310.44,17
2019-04-01,JPN,1306.56,18
2019-04-01,SWE,1305.83,19
2019-04-01,MEX,1286.48,20
2019-04-01,BIH,1262.16,21
2019-04-01,ECU,1252.74,22
2019-04-01,SEN,1247.38,23
2019-04-01,QAT,1222.63,24
2019-04-01,MAR,1217.57,25
2019-04-01,AUS,1181.22,26
2019-04-01,AUT,1177.21,27
2019-04-01,TUR,1173.64,28
2019-04-01,CZE,1127.23,29
2019-04-01,NOR,1102.84,30
2019-04-01,GHA,1080.99,31
2019-04-01,PAR,1071.14,32
2019-04-01,SCO,1066.64,33
2019-04-01,TUN,1061.35,34
2019-04-01,UZB,1056.95,35
2019-04-01,IRQ,1053.74,36
2019-04-01,CIV,1047.6,37
2019-04-01,RSA,1004.84,38
2019-04-01,EGY,1002.28,39
2019-04-01,ALG,1000.67,40
2019-04-01,CAN,998.85,41
2019-04-01,KSA,987.32,42
2019-04-01,NZL,948.15,43
2019-04-01,COD,926.58,44
2019-04-01,PAN,924.03,45
2019-04-01,JOR,913.28,46
2019-04-01,HAI,909.25,47
2019-04-01,JAM,853.66,48
2019-04-01,CPV,771.66,49
2019-04-01,CUW,746.26,50
2019-07-01,BRA,1733.52,1
2019-07-01,FRA,1691.94,2
2019-07-01,BEL,1671.17,3
2019-07-01,ESP,1630.46,4
2019-07-01,COL,1587.14,5
2019-07-01,NED,1547.19,6
2019-07-01,POR,1522.38,7
2019-07-01,ENG,1518.39,8
2019-07-01,GER,1499.36,9
2019-07-01,URU,1470.15,10
2019-07-01,ARG,1451.87,11
2019-07-01,ITA,1450.07,12
2019-07-01,CRO,1401.64,13
2019-07-01,SUI,1399.98,14
2019-07-01,MEX,1351.31,15
2019-07-01,IRN,1339.6,16
2019-07-01,KOR,1328.02,17
2019-07-01,SWE,1289.91,18
2019-07-01,USA,1276.67,19
2019-07-01,JPN,1246.45,20
2019-07-01,TUR,1244.56,21
2019-07-01,SEN,1223.44,22
2019-07-01,AUT,1210.8,23
2019-07-01,BIH,1201.16,24
2019-07-01,MAR,1185.31,25
2019-07-01,CZE,1168.8,26
2019-07-01,ECU,1167.2,27
2019-07-01,AUS,1164.19,28
2019-07-01,QAT,1153.84,29
2019-07-01,PAR,1135.9,30
2019-07-01,EGY,1127.13,31
2019-07-01,NOR,1113.62,32
2019-07-01,TUN,1098.55,33
2019-07-01,ALG,1095.0,34
2019-07-01,UZB,1074.48,35
2019-07-01,SCO,1068.59,36
2019-07-01,GHA,1057.17,37
2019-07-01,CIV,1046.02,38
2019-07-01,IRQ,1020.48,39
2019-07-01,CAN,1008.49,40
2019-07-01,KSA,987.32,41
2019-07-01,HAI,967.79,42
2019-07-01,RSA,962.08,43
2019-07-01,NZL,948.15,44
2019-07-01,JAM,939.5,45
2019-07-01,PAN,925.15,46
2019-07-01,JOR,915.01,47
2019-07-01,COD,889.07,48
2019-07-01,CPV,771.66,49
2019-07-01,CUW,765.82,50
2019-10-01,BRA,1737.05,1
2019-10-01,FRA,1695.48,2
2019-10-01,BEL,1678.52,3
2019-10-01,ESP,1639.23,4
2019-10-01,NED,1582.33,5
2019-10-01,COL,1581.54,6
2019-10-01,POR,1540.76,7
2019-10-01,ENG,1535.31,8
2019-10-01,ARG,1485.61,9
2019-10-01,GER,1482.53,10
2019-10-01,URU,1468.74,11
2019-10-01,ITA,1465.22,12
2019-10-01,CRO,1412.5,13
2019-10-01,SUI,1393.75,14
2019-10-01,MEX,1371.32,15
2019-10-01,IRN,1342.49,16
2019-10-01,KOR,1317.07,17
2019-10-01,SWE,1286.18,18
2019-10-01,JPN,1275.24,19
2019-10-01,TUR,1250.87,20
2019-10-01,SEN,1249.98,21
2019-10-01,USA,1249.9,22
2019-10-01,ALG,1232.68,23
2019-10-01,AUT,1217.5,24
2019-10-01,ECU,1214.63,25
2019-10-01,AUS,1181.75,26
2019-10-01,MAR,1178.21,27
2019-10-01,CZE,1162.95,28
2019-10-01,BIH,1149.57,29
2019-10-01,QAT,1141.57,30
2019-10-01,PAR,1132.82,31
2019-10-01,NOR,1125.67,32
2019-10-01,CIV,1092.07,33
2019-10-01,EGY,1076.7,34
2019-10-01,GHA,1071.96,35
2019-10-01,SCO,1047.3,36
2019-10-01,CAN,1032.69,37
2019-10-01,TUN,1025.98,38
2019-10-01,UZB,1022.59,39
2019-10-01,IRQ,1012.46,40
2019-10-01,JAM,961.65,41
2019-10-01,RSA,959.9,42
2019-10-01,NZL,948.15,43
2019-10-01,JOR,924.11,44
2019-10-01,HAI,923.29,45
2019-10-01,KSA,897.11,46
2019-10-01,PAN,896.74,47
2019-10-01,COD,846.54,48
2019-10-01,CUW,801.92,49
2019-10-01,CPV,771.66,50
2020-01-01,BEL,1698.34,1
2020-01-01,FRA,1687.41,2
2020-01-01,BRA,1686.27,3
2020-01-01,ESP,1625.53,4
2020-01-01,NED,1582.4,5
2020-01-01,ARG,1537.25,6
2020-01-01,COL,1533.01,7
2020-01-01,ENG,1527.88,8
2020-01-01,POR,1516.36,9
2020-01-01,GER,1513.43,10
2020-01-01,ITA,1499.54,11
2020-01-01,URU,1489.93,12
2020-01-01,CRO,1446.29,13
2020-01-01,MEX,1404.85,14
2020-01-01,SUI,1404.06,15
2020-01-01,SWE,1333.33,16
2020-01-01,KOR,1303.8,17
2020-01-01,ALG,1298.03,18
2020-01-01,SEN,1275.72,19
2020-01-01,IRN,1272.98,20
2020-01-01,TUR,1269.07,21
2020-01-01,USA,1246.19,22
2020-01-01,JPN,1242.14,23
2020-01-01,AUT,1214.77,24
2020-01-01,AUS,1199.29,25
2020-01-01,ECU,1192.0,26
2020-01-01,CZE,1155.11,27
2020-01-01,NOR,1154.82,28
2020-01-01,BIH,1137.78,29
2020-01-01,QAT,1135.94,30
2020-01-01,PAR,1125.72,31
2020-01-01,MAR,1119.06,32
2020-01-01,GHA,1102.29,33
2020-01-01,IRQ,1082.38,34
2020-01-01,CIV,1076.62,35
2020-01-01,EGY,1058.59,36
2020-01-01,TUN,1055.45,37
2020-01-01,SCO,1050.92,38
2020-01-01,CAN,1050.37,39
2020-01-01,UZB,1044.58,40
2020-01-01,KSA,982.79,41
2020-01-01,JAM,970.12,42
2020-01-01,RSA,961.11,43
2020-01-01,JOR,908.42,44
2020-01-01,HAI,896.76,45
2020-01-01,NZL,892.56,46
2020-01-01,PAN,877.76,47
2020-01-01,COD,831.36,48
2020-01-01,CUW,799.66,49
2020-01-01,CPV,795.13,50
2020-04-01,BEL,1698.34,1
2020-04-01,FRA,1687.41,2
2020-04-01,BRA,1686.27,3
2020-04-01,ESP,1625.53,4
2020-04-01,NED,1582.4,5
2020-04-01,ARG,1537.25,6
2020-04-01,COL,1533.01,7
2020-04-01,ENG,1527.88,8
2020-04-01,POR,1516.36,9
2020-04-01,GER,1513.43,10
2020-04-01,ITA,1499.54,11
2020-04-01,URU,1489.93,12
2020-04-01,CRO,1446.29,13
2020-04-01,MEX,1404.85,14
2020-04-01,SUI,1404.06,15
2020-04-01,SWE,1344.72,16
2020-04-01,KOR,1303.8,17
2020-04-01,ALG,1298.03,18
2020-04-01,SEN,1275.72,19
2020-04-01,IRN,1272.98,20
2020-04-01,TUR,1269.07,21
2020-04-01,USA,1260.97,22
2020-04-01,JPN,1242.14,23
2020-04-01,AUT,1214.77,24
2020-04-01,AUS,1199.29,25
2020-04-01,ECU,1192.0,26
2020-04-01,CZE,1155.11,27
2020-04-01,NOR,1154.82,28
2020-04-01,BIH,1137.78,29
2020-04-01,QAT,1135.94,30
2020-04-01,PAR,1125.72,31
2020-04-01,MAR,1119.06,32
2020-04-01,GHA,1102.29,33
2020-04-01,IRQ,1082.38,34
2020-04-01,CIV,1076.62,35
2020-04-01,EGY,1058.59,36
2020-04-01,TUN,1055.45,37
2020-04-01,SCO,1050.92,38
2020-04-01,UZB,1044.58,39
2020-04-01,CAN,1042.51,40
2020-04-01,KSA,982.79,41
2020-04-01,JAM,970.12,42
2020-04-01,RSA,961.11,43
2020-04-01,JOR,908.42,44
2020-04-01,HAI,896.76,45
2020-04-01,NZL,892.56,46
2020-04-01,PAN,877.76,47
2020-04-01,COD,831.36,48
2020-04-01,CUW,799.66,49
2020-04-01,CPV,795.13,50
2020-07-01,BEL,1698.34,1
2020-07-01,FRA,1687.41,2
2020-07-01,BRA,1686.27,3
2020-07-01,ESP,1625.53,4
2020-07-01,NED,1582.4,5
2020-07-01,ARG,1537.25,6
2020-07-01,COL,1533.01,7
2020-07-01,ENG,1527.88,8
2020-07-01,POR,1516.36,9
2020-07-01,GER,1513.43,10
2020-07-01,ITA,1499.54,11
2020-07-01,URU,1489.93,12
2020-07-01,CRO,1446.29,13
2020-07-01,MEX,1404.85,14
2020-07-01,SUI,1404.06,15
2020-07-01,SWE,1344.72,16
2020-07-01,KOR,1303.8,17
2020-07-01,ALG,1298.03,18
2020-07-01,SEN,1275.72,19
2020-07-01,IRN,1272.98,20
2020-07-01,TUR,1269.07,21
2020-07-01,USA,1260.97,22
2020-07-01,JPN,1242.14,23
2020-07-01,AUT,1214.77,24
2020-07-01,AUS,1199.29,25
2020-07-01,ECU,1192.0,26
2020-07-01,CZE,1155.11,27
2020-07-01,NOR,1154.82,28
2020-07-01,BIH,1137.78,29
2020-07-01,QAT,1135.94,30
2020-07-01,PAR,1125.72,31
2020-07-01,MAR,1119.06,32
2020-07-01,GHA,1102.29,33
2020-07-01,IRQ,1082.38,34
2020-07-01,CIV,1076.62,35
2020-07-01,EGY,1058.59,36
2020-07-01,TUN,1055.45,37
2020-07-01,SCO,1050.92,38
2020-07-01,UZB,1044.58,39
2020-07-01,CAN,1042.51,40
2020-07-01,KSA,982.79,41
2020-07-01,JAM,970.12,42
2020-07-01,RSA,961.11,43
2020-07-01,JOR,908.42,44
2020-07-01,HAI,896.76,45
2020-07-01,NZL,892.56,46
2020-07-01,PAN,877.76,47
2020-07-01,COD,831.36,48
2020-07-01,CUW,799.66,49
2020-07-01,CPV,795.13,50
2020-10-01,BEL,1722.21,1
2020-10-01,FRA,1713.88,2
2020-10-01,BRA,1686.27,3
2020-10-01,ESP,1644.09,4
2020-10-01,POR,1571.02,5
2020-10-01,NED,1565.69,6
2020-10-01,ARG,1537.25,7
2020-10-01,COL,1533.01,8
2020-10-01,ENG,1529.24,9
2020-10-01,ITA,1513.07,10
2020-10-01,GER,1512.33,11
2020-10-01,URU,1489.93,12
2020-10-01,MEX,1404.85,13
2020-10-01,CRO,1395.23,14
2020-10-01,SUI,1384.89,15
2020-10-01,SWE,1314.64,16
2020-10-01,KOR,1303.8,17
2020-10-01,ALG,1298.03,18
2020-10-01,SEN,1275.72,19
2020-10-01,IRN,1272.98,20
2020-10-01,USA,1260.97,21
2020-10-01,JPN,1242.14,22
2020-10-01,TUR,1234.86,23
2020-10-01,AUT,1209.56,24
2020-10-01,AUS,1199.29,25
2020-10-01,ECU,1192.0,26
2020-10-01,NOR,1175.88,27
2020-10-01,CZE,1164.44,28
2020-10-01,QAT,1135.94,29
2020-10-01,BIH,1133.28,30
2020-10-01,PAR,1125.72,31
2020-10-01,MAR,1119.06,32
2020-10-01,GHA,1102.29,33
2020-10-01,IRQ,1082.38,34
2020-10-01,CIV,1076.62,35
2020-10-01,SCO,1073.58,36
2020-10-01,EGY,1058.59,37
2020-10-01,TUN,1055.45,38
2020-10-01,UZB,1044.58,39
2020-10-01,CAN,1042.51,40
2020-10-01,KSA,982.79,41
2020-10-01,JAM,970.12,42
2020-10-01,RSA,961.11,43
2020-10-01,JOR,908.42,44
2020-10-01,HAI,896.76,45
2020-10-01,NZL,892.56,46
2020-10-01,PAN,877.76,47
2020-10-01,COD,831.36,48
2020-10-01,CUW,799.66,49
2020-10-01,CPV,795.13,50
2021-01-01,BEL,1734.13,1
2021-01-01,BRA,1731.07,2
2021-01-01,FRA,1706.73,3
2021-01-01,ESP,1644.55,4
2021-01-01,POR,1597.63,5
2021-01-01,ARG,1554.04,6
2021-01-01,NED,1550.77,7
2021-01-01,ENG,1549.8,8
2021-01-01,ITA,1546.07,9
2021-01-01,GER,1497.95,10
2021-01-01,URU,1477.08,11
2021-01-01,MEX,1468.37,12
2021-01-01,COL,1432.89,13
2021-01-01,SUI,1393.0,14
2021-01-01,CRO,1374.82,15
2021-01-01,IRN,1309.44,16
2021-01-01,ECU,1308.92,17
2021-01-01,ALG,1308.35,18
2021-01-01,KOR,1300.72,19
2021-01-01,USA,1298.63,20
2021-01-01,SWE,1290.13,21
2021-01-01,AUT,1274.92,22
2021-01-01,SEN,1240.27,23
2021-01-01,JPN,1237.24,24
2021-01-01,TUR,1234.79,25
2021-01-01,AUS,1199.29,26
2021-01-01,CZE,1195.25,27
2021-01-01,NOR,1174.3,28
2021-01-01,MAR,1166.96,29
2021-01-01,PAR,1164.91,30
2021-01-01,IRQ,1095.19,31
2021-01-01,EGY,1077.06,32
2021-01-01,CIV,1074.39,33
2021-01-01,BIH,1074.04,34
2021-01-01,SCO,1072.85,35
2021-01-01,QAT,1071.14,36
2021-01-01,GHA,1064.97,37
2021-01-01,TUN,1059.21,38
2021-01-01,CAN,1042.51,39
2021-01-01,UZB,998.14,40
2021-01-01,KSA,994.88,41
2021-01-01,JAM,958.03,42
2021-01-01,JOR,936.7,43
2021-01-01,RSA,932.8,44
2021-01-01,PAN,905.79,45
2021-01-01,HAI,896.76,46
2021-01-01,NZL,892.56,47
2021-01-01,COD,826.74,48
2021-01-01,CUW,799.66,49
2021-01-01,CPV,764.49,50
2021-04-01,BRA,1731.07,1
2021-04-01,BEL,1730.65,2
2021-04-01,FRA,1696.07,3
2021-04-01,ESP,1632.44,4
2021-04-01,POR,1587.71,5
2021-04-01,ENG,1569.13,6
2021-04-01,ITA,1560.79,7
2021-04-01,ARG,1554.04,8
2021-04-01,NED,1501.69,9
2021-04-01,GER,1480.17,10
2021-04-01,URU,1477.08,11
2021-04-01,MEX,1444.91,12
2021-04-01,COL,1432.89,13
2021-04-01,SUI,1416.27,14
2021-04-01,CRO,1344.62,15
2021-04-01,USA,1334.38,16
2021-04-01,IRN,1320.52,17
2021-04-01,SWE,1317.03,18
2021-04-01,ECU,1315.72,19
2021-04-01,TUR,1297.63,20
2021-04-01,ALG,1297.57,21
2021-04-01,JPN,1282.87,22
2021-04-01,KOR,1256.57,23
2021-04-01,AUT,1243.28,24
2021-04-01,CZE,1205.85,25
2021-04-01,SEN,1201.82,26
2021-04-01,AUS,1199.29,27
2021-04-01,PAR,1164.91,28
2021-04-01,NOR,1160.7,29
2021-04-01,MAR,1155.72,30
2021-04-01,IRQ,1117.05,31
2021-04-01,CIV,1097.34,32
2021-04-01,QAT,1085.96,33
2021-04-01,TUN,1085.3,34
2021-04-01,SCO,1084.4,35
2021-04-01,EGY,1075.46,36
2021-04-01,BIH,1069.27,37
2021-04-01,CAN,1066.09,38
2021-04-01,GHA,1063.07,39
2021-04-01,KSA,1034.42,40
2021-04-01,UZB,1006.96,41
2021-04-01,JAM,941.7,42
2021-04-01,JOR,932.97,43
2021-04-01,PAN,928.68,44
2021-04-01,HAI,909.33,45
2021-04-01,NZL,892.56,46
2021-04-01,RSA,885.27,47
2021-04-01,CUW,835.05,48
2021-04-01,CPV,827.71,49
2021-04-01,COD,803.05,50
2021-07-01,BEL,1787.1,1
2021-07-01,BRA,1768.22,2
2021-07-01,ITA,1685.72,3
2021-07-01,FRA,1676.98,4
2021-07-01,ESP,1642.1,5
2021-07-01,ENG,1640.89,6
2021-07-01,ARG,1579.39,7
2021-07-01,POR,1533.87,8
2021-07-01,NED,1474.27,9
2021-07-01,GER,1464.66,10
2021-07-01,URU,1453.35,11
2021-07-01,SUI,1439.37,12
2021-07-01,MEX,1405.84,13
2021-07-01,COL,1402.14,14
2021-07-01,SWE,1372.22,15
2021-07-01,USA,1369.46,16
2021-07-01,IRN,1358.3,17
2021-07-01,ALG,1340.24,18
2021-07-01,CZE,1327.09,19
2021-07-01,JPN,1319.23,20
2021-07-01,CRO,1305.07,21
2021-07-01,ECU,1284.51,22
2021-07-01,KOR,1268.61,23
2021-07-01,AUT,1259.28,24
2021-07-01,PAR,1231.48,25
2021-07-01,SEN,1228.1,26
2021-07-01,AUS,1226.15,27
2021-07-01,MAR,1187.21,28
2021-07-01,TUR,1167.05,29
2021-07-01,NOR,1140.85,30
2021-07-01,CAN,1131.68,31
2021-07-01,CIV,1110.85,32
2021-07-01,QAT,1108.64,33
2021-07-01,IRQ,1095.56,34
2021-07-01,TUN,1093.24,35
2021-07-01,KSA,1088.81,36
2021-07-01,EGY,1075.46,37
2021-07-01,SCO,1055.86,38
2021-07-01,BIH,1052.27,39
2021-07-01,GHA,1047.51,40
2021-07-01,UZB,985.96,41
2021-07-01,JAM,953.87,42
2021-07-01,PAN,948.0,43
2021-07-01,RSA,904.07,44
2021-07-01,NZL,892.56,45
2021-07-01,HAI,885.56,46
2021-07-01,JOR,878.77,47
2021-07-01,CUW,829.19,48
2021-07-01,CPV,815.28,49
2021-07-01,COD,798.38,50
2021-10-01,BEL,1757.72,1
2021-10-01,BRA,1754.19,2
2021-10-01,ENG,1694.48,3
2021-10-01,ITA,1692.05,4
2021-10-01,ARG,1661.77,5
2021-10-01,FRA,1650.78,6
2021-10-01,ESP,1612.68,7
2021-10-01,POR,1553.89,8
2021-10-01,NED,1491.52,9
2021-10-01,GER,1489.09,10
2021-10-01,URU,1465.0,11
2021-10-01,SUI,1456.52,12
2021-10-01,COL,1444.5,13
2021-10-01,USA,1429.85,14
2021-10-01,MEX,1422.13,15
2021-10-01,IRN,1384.43,16
2021-10-01,SWE,1377.77,17
2021-10-01,CRO,1333.68,18
2021-10-01,ALG,1326.44,19
2021-10-01,CZE,1294.05,20
2021-10-01,JPN,1293.39,21
2021-10-01,ECU,1267.8,22
2021-10-01,KOR,1266.46,23
2021-10-01,AUS,1257.26,24
2021-10-01,PAR,1235.04,25
2021-10-01,CAN,1201.79,26
2021-10-01,MAR,1195.22,27
2021-10-01,SEN,1189.48,28
2021-10-01,AUT,1176.37,29
2021-10-01,NOR,1163.94,30
2021-10-01,TUR,1138.78,31
2021-10-01,KSA,1127.63,32
2021-10-01,TUN,1123.63,33
2021-10-01,CIV,1113.69,34
2021-10-01,QAT,1090.93,35
2021-10-01,EGY,1082.44,36
2021-10-01,IRQ,1081.59,37
2021-10-01,SCO,1079.81,38
2021-10-01,BIH,1066.16,39
2021-10-01,GHA,1030.19,40
2021-10-01,PAN,1001.52,41
2021-10-01,UZB,978.46,42
2021-10-01,RSA,975.95,43
2021-10-01,JAM,914.75,44
2021-10-01,HAI,914.58,45
2021-10-01,NZL,892.56,46
2021-10-01,JOR,877.7,47
2021-10-01,CUW,829.19,48
2021-10-01,COD,794.43,49
2021-10-01,CPV,793.15,50
2022-01-01,BRA,1773.11,1
2022-01-01,FRA,1707.36,2
2022-01-01,ARG,1696.63,3
2022-01-01,BEL,1692.33,4
2022-01-01,ENG,1682.56,5
2022-01-01,ITA,1663.06,6
2022-01-01,ESP,1635.24,7
2022-01-01,POR,1519.77,8
2022-01-01,GER,1515.62,9
2022-01-01,NED,1490.96,10
2022-01-01,SUI,1489.12,11
2022-01-01,USA,1432.94,12
2022-01-01,COL,1426.89,13
2022-01-01,IRN,1398.84,14
2022-01-01,ALG,1357.07,15
2022-01-01,CRO,1351.13,16
2022-01-01,URU,1340.68,17
2022-01-01,MEX,1338.82,18
2022-01-01,SWE,1336.74,19
2022-01-01,ECU,1323.41,20
2022-01-01,CZE,1319.43,21
2022-01-01,KOR,1312.58,22
2022-01-01,JPN,1303.64,23
2022-01-01,MAR,1297.09,24
2022-01-01,CAN,1266.39,25
2022-01-01,AUS,1236.55,26
2022-01-01,AUT,1201.82,27
2022-01-01,SEN,1200.38,28
2022-01-01,SCO,1167.72,29
2022-01-01,TUR,1161.12,30
2022-01-01,NOR,1146.69,31
2022-01-01,PAR,1141.59,32
2022-01-01,EGY,1128.65,33
2022-01-01,KSA,1121.6,34
2022-01-01,CIV,1110.82,35
2022-01-01,QAT,1106.93,36
2022-01-01,TUN,1105.27,37
2022-01-01,GHA,1060.69,38
2022-01-01,PAN,1025.82,39
2022-01-01,BIH,1022.82,40
2022-01-01,RSA,993.78,41
2022-01-01,IRQ,991.07,42
2022-01-01,JAM,969.04,43
2022-01-01,NZL,961.08,44
2022-01-01,JOR,960.5,45
2022-01-01,UZB,925.88,46
2022-01-01,HAI,914.58,47
2022-01-01,COD,855.58,48
2022-01-01,CPV,844.52,49
2022-01-01,CUW,786.0,50
2022-04-01,BRA,1779.1,1
2022-04-01,FRA,1717.58,2
2022-04-01,ARG,1706.52,3
2022-04-01,ENG,1706.1,4
2022-04-01,BEL,1678.65,5
2022-04-01,ESP,1644.24,6
2022-04-01,ITA,1628.11,7
2022-04-01,POR,1543.5,8
2022-04-01,NED,1524.94,9
2022-04-01,GER,1524.27,10
2022-04-01,SUI,1456.8,11
2022-04-01,URU,1424.54,12
2022-04-01,COL,1418.69,13
2022-04-01,IRN,1381.11,14
2022-04-01,USA,1363.99,15
2022-04-01,MEX,1363.37,16
2022-04-01,JPN,1350.26,17
2022-04-01,CRO,1345.29,18
2022-04-01,KOR,1344.13,19
2022-04-01,SWE,1318.18,20
2022-04-01,ECU,1307.38,21
2022-04-01,CZE,1298.66,22
2022-04-01,CAN,1281.52,23
2022-04-01,MAR,1249.04,24
2022-04-01,SEN,1229.96,25
2022-04-01,NOR,1206.51,26
2022-04-01,ALG,1191.76,27
2022-04-01,AUS,1184.04,28
2022-04-01,AUT,1183.09,29
2022-04-01,SCO,1172.17,30
2022-04-01,EGY,1169.59,31
2022-04-01,CIV,1155.35,32
2022-04-01,PAR,1143.51,33
2022-04-01,TUR,1141.24,34
2022-04-01,KSA,1134.16,35
2022-04-01,QAT,1117.37,36
2022-04-01,TUN,1047.56,37
2022-04-01,NZL,1043.17,38
2022-04-01,PAN,1033.07,39
2022-04-01,IRQ,1021.35,40
2022-04-01,BIH,1008.65,41
2022-04-01,JOR,994.29,42
2022-04-01,RSA,977.29,43
2022-04-01,UZB,975.99,44
2022-04-01,GHA,952.28,45
2022-04-01,JAM,911.03,46
2022-04-01,HAI,891.57,47
2022-04-01,CPV,864.63,48
2022-04-01,COD,839.84,49
2022-04-01,CUW,786.0,50
2022-07-01,BRA,1800.01,1
2022-07-01,ARG,1741.83,2
2022-07-01,ESP,1656.22,3
2022-07-01,BEL,1646.1,4
2022-07-01,FRA,1621.23,5
2022-07-01,NED,1588.67,6
2022-07-01,ENG,1586.6,7
2022-07-01,POR,1568.23,8
2022-07-01,GER,1566.13,9
2022-07-01,ITA,1557.2,10
2022-07-01,URU,1474.48,11
2022-07-01,COL,1430.0,12
2022-07-01,SUI,1413.36,13
2022-07-01,USA,1381.65,14
2022-07-01,CRO,1374.73,15
2022-07-01,KOR,1371.4,16
2022-07-01,IRN,1351.47,17
2022-07-01,ECU,1327.04,18
2022-07-01,JPN,1321.67,19
2022-07-01,MEX,1318.35,20
2022-07-01,CZE,1305.39,21
2022-07-01,NOR,1273.45,22
2022-07-01,SWE,1261.06,23
2022-07-01,CAN,1253.68,24
2022-07-01,SEN,1247.33,25
2022-07-01,ALG,1239.34,26
2022-07-01,MAR,1235.52,27
2022-07-01,AUT,1220.86,28
2022-07-01,AUS,1219.08,29
2022-07-01,TUR,1174.57,30
2022-07-01,TUN,1155.55,31
2022-07-01,CIV,1148.03,32
2022-07-01,SCO,1142.19,33
2022-07-01,PAR,1128.64,34
2022-07-01,QAT,1117.37,35
2022-07-01,KSA,1099.48,36
2022-07-01,EGY,1093.18,37
2022-07-01,PAN,1067.18,38
2022-07-01,BIH,1055.48,39
2022-07-01,IRQ,1021.35,40
2022-07-01,JOR,1020.2,41
2022-07-01,NZL,1013.86,42
2022-07-01,UZB,1010.6,43
2022-07-01,RSA,964.5,44
2022-07-01,GHA,948.95,45
2022-07-01,JAM,942.6,46
2022-07-01,HAI,928.36,47
2022-07-01,CPV,853.31,48
2022-07-01,COD,782.72,49
2022-07-01,CUW,778.91,50
2022-10-01,BRA,1809.51,1
2022-10-01,ARG,1747.76,2
2022-10-01,ESP,1645.0,3
2022-10-01,BEL,1631.06,4
2022-10-01,NED,1630.09,5
2022-10-01,ITA,1599.23,6
2022-10-01,FRA,1590.51,7
2022-10-01,POR,1569.71,8
2022-10-01,ENG,1561.53,9
2022-10-01,GER,1533.98,10
2022-10-01,URU,1470.0,11
2022-10-01,SUI,1461.34,12
2022-10-01,COL,1457.53,13
2022-10-01,CRO,1425.08,14
2022-10-01,JPN,1387.05,15
2022-10-01,IRN,1371.49,16
2022-10-01,KOR,1344.57,17
2022-10-01,USA,1336.56,18
2022-10-01,ECU,1320.9,19
2022-10-01,MEX,1296.09,20
2022-10-01,CZE,1267.15,21
2022-10-01,ALG,1260.07,22
2022-10-01,MAR,1260.06,23
2022-10-01,CAN,1255.56,24
2022-10-01,AUS,1252.73,25
2022-10-01,SWE,1218.13,26
2022-10-01,SCO,1215.73,27
2022-10-01,NOR,1213.68,28
2022-10-01,SEN,1201.23,29
2022-10-01,AUT,1187.2,30
2022-10-01,PAR,1177.76,31
2022-10-01,CIV,1165.43,32
2022-10-01,TUN,1153.6,33
2022-10-01,KSA,1118.32,34
2022-10-01,TUR,1117.32,35
2022-10-01,EGY,1109.69,36
2022-10-01,PAN,1095.78,37
2022-10-01,QAT,1093.6,38
2022-10-01,JOR,1063.84,39
2022-10-01,IRQ,1035.22,40
2022-10-01,UZB,1034.26,41
2022-10-01,BIH,1029.97,42
2022-10-01,RSA,1001.72,43
2022-10-01,NZL,980.22,44
2022-10-01,GHA,957.28,45
2022-10-01,JAM,939.13,46
2022-10-01,HAI,928.36,47
2022-10-01,CPV,882.63,48
2022-10-01,COD,796.76,49
2022-10-01,CUW,724.18,50
2023-01-01,ARG,1775.42,1
2023-01-01,BRA,1765.73,2
2023-01-01,FRA,1720.97,3
2023-01-01,NED,1685.5,4
2023-01-01,ENG,1605.8,5
2023-01-01,ESP,1582.68,6
2023-01-01,POR,1576.76,7
2023-01-01,ITA,1547.67,8
2023-01-01,GER,1532.34,9
2023-01-01,BEL,1505.51,10
2023-01-01,CRO,1499.48,11
2023-01-01,COL,1473.96,12
2023-01-01,URU,1438.51,13
2023-01-01,JPN,1427.74,14
2023-01-01,MAR,1413.67,15
2023-01-01,SUI,1377.17,16
2023-01-01,USA,1359.64,17
2023-01-01,KOR,1334.42,18
2023-01-01,ECU,1323.97,19
2023-01-01,AUS,1310.67,20
2023-01-01,MEX,1303.35,21
2023-01-01,IRN,1301.44,22
2023-01-01,SWE,1279.5,23
2023-01-01,SEN,1260.07,24
2023-01-01,TUN,1258.29,25
2023-01-01,CZE,1245.03,26
2023-01-01,AUT,1244.99,27
2023-01-01,NOR,1226.74,28
2023-01-01,ALG,1223.22,29
2023-01-01,SCO,1189.03,30
2023-01-01,TUR,1171.98,31
2023-01-01,CAN,1170.16,32
2023-01-01,EGY,1149.33,33
2023-01-01,PAR,1145.49,34
2023-01-01,CIV,1144.26,35
2023-01-01,KSA,1113.58,36
2023-01-01,PAN,1079.05,37
2023-01-01,JOR,1057.29,38
2023-01-01,UZB,1057.23,39
2023-01-01,GHA,1048.99,40
2023-01-01,QAT,1041.22,41
2023-01-01,IRQ,1034.5,42
2023-01-01,BIH,1029.97,43
2023-01-01,RSA,1000.52,44
2023-01-01,NZL,980.22,45
2023-01-01,JAM,945.05,46
2023-01-01,HAI,928.36,47
2023-01-01,CPV,882.63,48
2023-01-01,COD,796.76,49
2023-01-01,CUW,724.18,50
2023-04-01,ARG,1781.34,1
2023-04-01,FRA,1764.13,2
2023-04-01,BRA,1729.99,3
2023-04-01,NED,1646.73,4
2023-04-01,ENG,1639.0,5
2023-04-01,POR,1581.34,6
2023-04-01,BEL,1554.29,7
2023-04-01,ESP,1543.14,8
2023-04-01,GER,1531.8,9
2023-04-01,ITA,1529.51,10
2023-04-01,CRO,1503.15,11
2023-04-01,COL,1483.47,12
2023-04-01,URU,1456.36,13
2023-04-01,MAR,1444.66,14
2023-04-01,JPN,1407.18,15
2023-04-01,SUI,1398.62,16
2023-04-01,USA,1348.17,17
2023-04-01,KOR,1321.75,18
2023-04-01,AUS,1320.38,19
2023-04-01,ECU,1314.27,20
2023-04-01,IRN,1302.67,21
2023-04-01,MEX,1295.65,22
2023-04-01,SWE,1294.2,23
2023-04-01,TUN,1270.4,24
2023-04-01,SEN,1270.1,25
2023-04-01,AUT,1262.54,26
2023-04-01,CZE,1262.06,27
2023-04-01,SCO,1253.8,28
2023-04-01,ALG,1228.42,29
2023-04-01,NOR,1204.77,30
2023-04-01,CAN,1199.84,31
2023-04-01,TUR,1164.77,32
2023-04-01,EGY,1164.74,33
2023-04-01,CIV,1157.81,34
2023-04-01,PAR,1121.14,35
2023-04-01,PAN,1095.89,36
2023-04-01,IRQ,1093.63,37
2023-04-01,UZB,1078.56,38
2023-04-01,JOR,1062.82,39
2023-04-01,GHA,1049.06,40
2023-04-01,BIH,1022.2,41
2023-04-01,KSA,1008.32,42
2023-04-01,QAT,1003.54,43
2023-04-01,NZL,996.42,44
2023-04-01,RSA,991.5,45
2023-04-01,HAI,951.12,46
2023-04-01,JAM,920.75,47
2023-04-01,CPV,882.03,48
2023-04-01,COD,823.87,49
2023-04-01,CUW,712.19,50
2023-07-01,ARG,1792.29,1
2023-07-01,FRA,1768.03,2
2023-07-01,BRA,1673.59,3
2023-07-01,ENG,1646.7,4
2023-07-01,POR,1592.22,5
2023-07-01,NED,1577.3,6
2023-07-01,ESP,1564.22,7
2023-07-01,BEL,1547.27,8
2023-07-01,CRO,1546.79,9
2023-07-01,ITA,1534.21,10
2023-07-01,COL,1525.22,11
2023-07-01,URU,1463.12,12
2023-07-01,GER,1454.6,13
2023-07-01,JPN,1450.79,14
2023-07-01,USA,1392.89,15
2023-07-01,MAR,1388.94,16
2023-07-01,SUI,1386.15,17
2023-07-01,ECU,1345.27,18
2023-07-01,IRN,1326.31,19
2023-07-01,SEN,1310.9,20
2023-07-01,MEX,1310.83,21
2023-07-01,AUS,1310.55,22
2023-07-01,AUT,1310.25,23
2023-07-01,SCO,1296.07,24
2023-07-01,CZE,1284.41,25
2023-07-01,KOR,1283.0,26
2023-07-01,SWE,1276.96,27
2023-07-01,ALG,1233.38,28
2023-07-01,TUN,1232.18,29
2023-07-01,TUR,1202.42,30
2023-07-01,NOR,1192.11,31
2023-07-01,CAN,1185.88,32
2023-07-01,EGY,1176.19,33
2023-07-01,PAR,1131.14,34
2023-07-01,UZB,1123.43,35
2023-07-01,PAN,1097.88,36
2023-07-01,CIV,1096.02,37
2023-07-01,IRQ,1085.4,38
2023-07-01,JOR,1067.66,39
2023-07-01,GHA,1032.15,40
2023-07-01,RSA,1029.38,41
2023-07-01,KSA,1008.32,42
2023-07-01,QAT,990.22,43
2023-07-01,NZL,977.38,44
2023-07-01,BIH,964.41,45
2023-07-01,HAI,955.15,46
2023-07-01,CPV,940.24,47
2023-07-01,JAM,935.93,48
2023-07-01,COD,875.49,49
2023-07-01,CUW,721.93,50
2023-10-01,ARG,1801.94,1
2023-10-01,FRA,1737.27,2
2023-10-01,BRA,1687.5,3
2023-10-01,ENG,1647.56,4
2023-10-01,POR,1602.98,5
2023-10-01,NED,1595.18,6
2023-10-01,ESP,1578.87,7
2023-10-01,BEL,1553.84,8
2023-10-01,CRO,1552.55,9
2023-10-01,ITA,1528.6,10
2023-10-01,COL,1519.78,11
2023-10-01,JPN,1506.62,12
2023-10-01,GER,1450.85,13
2023-10-01,URU,1449.91,14
2023-10-01,USA,1420.59,15
2023-10-01,MAR,1395.94,16
2023-10-01,SUI,1370.79,17
2023-10-01,ECU,1366.81,18
2023-10-01,IRN,1341.56,19
2023-10-01,AUT,1323.73,20
2023-10-01,MEX,1320.75,21
2023-10-01,AUS,1311.43,22
2023-10-01,SCO,1287.22,23
2023-10-01,KOR,1286.73,24
2023-10-01,CZE,1274.42,25
2023-10-01,TUN,1269.78,26
2023-10-01,SEN,1265.63,27
2023-10-01,SWE,1255.77,28
2023-10-01,NOR,1243.75,29
2023-10-01,ALG,1241.17,30
2023-10-01,CAN,1191.79,31
2023-10-01,TUR,1173.17,32
2023-10-01,EGY,1151.89,33
2023-10-01,PAN,1143.5,34
2023-10-01,PAR,1117.9,35
2023-10-01,UZB,1111.38,36
2023-10-01,CIV,1099.6,37
2023-10-01,IRQ,1060.28,38
2023-10-01,GHA,1047.38,39
2023-10-01,RSA,998.28,40
2023-10-01,JOR,997.07,41
2023-10-01,NZL,977.38,42
2023-10-01,JAM,974.73,43
2023-10-01,KSA,967.54,44
2023-10-01,QAT,965.92,45
2023-10-01,BIH,937.66,46
2023-10-01,HAI,918.54,47
2023-10-01,CPV,909.26,48
2023-10-01,COD,871.97,49
2023-10-01,CUW,682.64,50
2024-01-01,ARG,1776.34,1
2024-01-01,FRA,1746.55,2
2024-01-01,ENG,1664.14,3
2024-01-01,POR,1617.63,4
2024-01-01,ESP,1614.56,5
2024-01-01,NED,1592.22,6
2024-01-01,BRA,1580.72,7
2024-01-01,BEL,1573.55,8
2024-01-01,URU,1559.41,9
2024-01-01,COL,1558.51,10
2024-01-01,JPN,1530.11,11
2024-01-01,ITA,1504.88,12
2024-01-01,CRO,1485.4,13
2024-01-01,GER,1402.36,14
2024-01-01,MAR,1391.41,15
2024-01-01,ECU,1387.43,16
2024-01-01,USA,1371.78,17
2024-01-01,AUT,1364.63,18
2024-01-01,KOR,1359.25,19
2024-01-01,IRN,1335.67,20
2024-01-01,AUS,1322.67,21
2024-01-01,SUI,1290.93,22
2024-01-01,MEX,1288.73,23
2024-01-01,SEN,1267.15,24
2024-01-01,ALG,1262.56,25
2024-01-01,SCO,1252.2,26
2024-01-01,TUR,1247.9,27
2024-01-01,NOR,1245.93,28
2024-01-01,TUN,1235.61,29
2024-01-01,CZE,1226.2,30
2024-01-01,PAN,1226.18,31
2024-01-01,SWE,1214.68,32
2024-01-01,EGY,1176.17,33
2024-01-01,UZB,1160.05,34
2024-01-01,CAN,1157.94,35
2024-01-01,PAR,1122.6,36
2024-01-01,CIV,1122.23,37
2024-01-01,IRQ,1090.61,38
2024-01-01,JAM,1014.23,39
2024-01-01,QAT,998.45,40
2024-01-01,GHA,983.33,41
2024-01-01,KSA,980.79,42
2024-01-01,JOR,949.39,43
2024-01-01,RSA,945.47,44
2024-01-01,NZL,941.34,45
2024-01-01,HAI,889.71,46
2024-01-01,BIH,871.38,47
2024-01-01,CPV,865.7,48
2024-01-01,COD,863.99,49
2024-01-01,CUW,721.78,50
2024-04-01,ARG,1781.33,1
2024-04-01,FRA,1698.54,2
2024-04-01,ENG,1634.58,3
2024-04-01,BRA,1606.06,4
2024-04-01,ESP,1590.39,5
2024-04-01,COL,1589.79,6
2024-04-01,NED,1581.24,7
2024-04-01,POR,1573.57,8
2024-04-01,BEL,1560.17,9
2024-04-01,ITA,1543.08,10
2024-04-01,URU,1521.16,11
2024-04-01,JPN,1491.24,12
2024-04-01,CRO,1486.82,13
2024-04-01,GER,1484.62,14
2024-04-01,AUT,1414.3,15
2024-04-01,USA,1386.96,16
2024-04-01,ECU,1370.12,17
2024-04-01,IRN,1349.17,18
2024-04-01,AUS,1328.38,19
2024-04-01,SEN,1327.15,20
2024-04-01,SUI,1307.15,21
2024-04-01,KOR,1299.71,22
2024-04-01,MEX,1291.71,23
2024-04-01,MAR,1280.27,24
2024-04-01,CZE,1256.01,25
2024-04-01,SWE,1221.63,26
2024-04-01,NOR,1216.34,27
2024-04-01,SCO,1198.31,28
2024-04-01,TUR,1196.74,29
2024-04-01,UZB,1180.84,30
2024-04-01,ALG,1176.28,31
2024-04-01,CAN,1172.94,32
2024-04-01,PAN,1161.3,33
2024-04-01,TUN,1155.79,34
2024-04-01,CIV,1145.55,35
2024-04-01,QAT,1127.48,36
2024-04-01,PAR,1122.6,37
2024-04-01,IRQ,1117.27,38
2024-04-01,EGY,1111.71,39
2024-04-01,JOR,1045.67,40
2024-04-01,JAM,1035.81,41
2024-04-01,RSA,1035.38,42
2024-04-01,KSA,1028.2,43
2024-04-01,CPV,1012.63,44
2024-04-01,NZL,935.56,45
2024-04-01,COD,916.48,46
2024-04-01,GHA,908.97,47
2024-04-01,HAI,889.71,48
2024-04-01,BIH,864.07,49
2024-04-01,CUW,721.78,50
2024-07-01,ARG,1817.36,1
2024-07-01,ESP,1705.83,2
2024-07-01,FRA,1671.16,3
2024-07-01,COL,1645.8,4
2024-07-01,BRA,1595.11,5
2024-07-01,ENG,1587.97,6
2024-07-01,GER,1581.38,7
2024-07-01,NED,1576.02,8
2024-07-01,URU,1557.35,9
2024-07-01,POR,1513.23,10
2024-07-01,BEL,1512.53,11
2024-07-01,JPN,1497.38,12
2024-07-01,AUT,1497.25,13
2024-07-01,SUI,1446.52,14
2024-07-01,CRO,1444.73,15
2024-07-01,ITA,1437.75,16
2024-07-01,ECU,1349.86,17
2024-07-01,IRN,1343.87,18
2024-07-01,AUS,1338.59,19
2024-07-01,USA,1333.57,20
2024-07-01,SEN,1316.38,21
2024-07-01,KOR,1311.03,22
2024-07-01,MAR,1293.38,23
2024-07-01,MEX,1255.91,24
2024-07-01,TUR,1251.58,25
2024-07-01,NOR,1208.91,26
2024-07-01,CAN,1206.78,27
2024-07-01,CZE,1203.35,28
2024-07-01,UZB,1193.5,29
2024-07-01,PAN,1192.25,30
2024-07-01,SWE,1169.82,31
2024-07-01,TUN,1151.24,32
2024-07-01,ALG,1148.34,33
2024-07-01,IRQ,1141.52,34
2024-07-01,SCO,1141.08,35
2024-07-01,CIV,1139.64,36
2024-07-01,QAT,1112.97,37
2024-07-01,EGY,1107.98,38
2024-07-01,PAR,1088.74,39
2024-07-01,JOR,1085.69,40
2024-07-01,RSA,1047.66,41
2024-07-01,NZL,1024.67,42
2024-07-01,KSA,1008.82,43
2024-07-01,CPV,987.34,44
2024-07-01,JAM,966.46,45
2024-07-01,GHA,949.74,46
2024-07-01,COD,946.67,47
2024-07-01,HAI,901.56,48
2024-07-01,BIH,856.98,49
2024-07-01,CUW,743.26,50
2024-10-01,ARG,1807.92,1
2024-10-01,ESP,1794.17,2
2024-10-01,COL,1681.71,3
2024-10-01,FRA,1629.87,4
2024-10-01,ENG,1605.75,5
2024-10-01,NED,1579.81,6
2024-10-01,GER,1576.3,7
2024-10-01,BRA,1570.83,8
2024-10-01,POR,1536.98,9
2024-10-01,JPN,1513.4,10
2024-10-01,ITA,1489.44,11
2024-10-01,URU,1483.32,12
2024-10-01,BEL,1466.87,13
2024-10-01,CRO,1440.93,14
2024-10-01,AUT,1403.57,15
2024-10-01,SUI,1399.87,16
2024-10-01,ECU,1378.43,17
2024-10-01,IRN,1357.67,18
2024-10-01,KOR,1309.73,19
2024-10-01,MAR,1305.98,20
2024-10-01,SEN,1304.12,21
2024-10-01,TUR,1297.3,22
2024-10-01,AUS,1282.39,23
2024-10-01,MEX,1277.75,24
2024-10-01,USA,1273.97,25
2024-10-01,CAN,1253.85,26
2024-10-01,NOR,1225.47,27
2024-10-01,UZB,1206.42,28
2024-10-01,SWE,1196.68,29
2024-10-01,PAN,1194.72,30
2024-10-01,CZE,1186.93,31
2024-10-01,ALG,1171.93,32
2024-10-01,TUN,1163.97,33
2024-10-01,CIV,1158.5,34
2024-10-01,EGY,1148.87,35
2024-10-01,IRQ,1142.56,36
2024-10-01,SCO,1115.39,37
2024-10-01,PAR,1106.4,38
2024-10-01,JOR,1086.52,39
2024-10-01,QAT,1059.86,40
2024-10-01,RSA,1036.74,41
2024-10-01,KSA,1013.59,42
2024-10-01,NZL,1012.86,43
2024-10-01,COD,980.37,44
2024-10-01,CPV,976.51,45
2024-10-01,JAM,975.47,46
2024-10-01,HAI,924.55,47
2024-10-01,GHA,910.85,48
2024-10-01,BIH,866.93,49
2024-10-01,CUW,724.8,50
2025-01-01,ESP,1827.49,1
2025-01-01,ARG,1758.14,2
2025-01-01,FRA,1657.07,3
2025-01-01,ENG,1606.59,4
2025-01-01,GER,1592.99,5
2025-01-01,COL,1587.77,6
2025-01-01,BRA,1577.45,7
2025-01-01,POR,1552.49,8
2025-01-01,NED,1546.86,9
2025-01-01,JPN,1521.91,10
2025-01-01,ITA,1490.73,11
2025-01-01,URU,1480.79,12
2025-01-01,AUT,1436.0,13
2025-01-01,ECU,1419.87,14
2025-01-01,CRO,1413.66,15
2025-01-01,BEL,1392.64,16
2025-01-01,IRN,1378.23,17
2025-01-01,SUI,1351.49,18
2025-01-01,MAR,1332.35,19
2025-01-01,KOR,1331.3,20
2025-01-01,SEN,1325.68,21
2025-01-01,USA,1295.26,22
2025-01-01,CAN,1288.77,23
2025-01-01,NOR,1288.3,24
2025-01-01,MEX,1279.82,25
2025-01-01,AUS,1274.94,26
2025-01-01,TUR,1255.81,27
2025-01-01,SWE,1242.76,28
2025-01-01,CZE,1228.08,29
2025-01-01,UZB,1204.38,30
2025-01-01,ALG,1186.77,31
2025-01-01,SCO,1181.27,32
2025-01-01,PAR,1180.12,33
2025-01-01,PAN,1166.98,34
2025-01-01,EGY,1139.29,35
2025-01-01,CIV,1096.21,36
2025-01-01,JOR,1089.8,37
2025-01-01,NZL,1081.58,38
2025-01-01,TUN,1078.58,39
2025-01-01,IRQ,1060.53,40
2025-01-01,RSA,1053.15,41
2025-01-01,QAT,997.02,42
2025-01-01,JAM,965.22,43
2025-01-01,KSA,962.54,44
2025-01-01,HAI,956.97,45
2025-01-01,COD,944.87,46
2025-01-01,CPV,885.38,47
2025-01-01,BIH,866.3,48
2025-01-01,GHA,824.74,49
2025-01-01,CUW,756.44,50
2025-04-01,ESP,1806.1,1
2025-04-01,ARG,1796.7,2
2025-04-01,FRA,1633.11,3
2025-04-01,ENG,1615.26,4
2025-04-01,GER,1605.29,5
2025-04-01,BRA,1573.38,6
2025-04-01,NED,1568.25,7
2025-04-01,POR,1555.01,8
2025-04-01,COL,1551.35,9
2025-04-01,JPN,1511.45,10
2025-04-01,ITA,1478.44,11
2025-04-01,URU,1452.69,12
2025-04-01,CRO,1437.61,13
2025-04-01,ECU,1423.83,14
2025-04-01,AUT,1389.88,15
2025-04-01,IRN,1384.52,16
2025-04-01,BEL,1383.2,17
2025-04-01,SUI,1345.33,18
2025-04-01,MAR,1339.75,19
2025-04-01,MEX,1329.98,20
2025-04-01,TUR,1324.39,21
2025-04-01,SEN,1313.91,22
2025-04-01,NOR,1311.62,23
2025-04-01,KOR,1308.42,24
2025-04-01,AUS,1293.87,25
2025-04-01,USA,1292.09,26
2025-04-01,CAN,1279.64,27
2025-04-01,CZE,1233.51,28
2025-04-01,SWE,1229.26,29
2025-04-01,PAR,1218.02,30
2025-04-01,UZB,1212.51,31
2025-04-01,ALG,1211.16,32
2025-04-01,SCO,1173.49,33
2025-04-01,EGY,1151.4,34
2025-04-01,PAN,1139.05,35
2025-04-01,NZL,1131.45,36
2025-04-01,CIV,1110.52,37
2025-04-01,JOR,1105.5,38
2025-04-01,TUN,1094.99,39
2025-04-01,IRQ,1013.67,40
2025-04-01,RSA,1003.35,41
2025-04-01,KSA,997.88,42
2025-04-01,HAI,981.97,43
2025-04-01,COD,969.2,44
2025-04-01,JAM,968.65,45
2025-04-01,QAT,967.67,46
2025-04-01,CPV,915.61,47
2025-04-01,BIH,911.44,48
2025-04-01,GHA,866.49,49
2025-04-01,CUW,721.36,50
2025-07-01,ESP,1811.64,1
2025-07-01,ARG,1790.49,2
2025-07-01,FRA,1649.16,3
2025-07-01,POR,1589.42,4
2025-07-01,BRA,1577.87,5
2025-07-01,NED,1575.91,6
2025-07-01,ENG,1563.74,7
2025-07-01,GER,1549.28,8
2025-07-01,COL,1548.16,9
2025-07-01,JPN,1485.82,10
2025-07-01,CRO,1466.47,11
2025-07-01,ITA,1429.82,12
2025-07-01,URU,1427.37,13
2025-07-01,ECU,1420.69,14
2025-07-01,SUI,1411.72,15
2025-07-01,AUT,1402.42,16
2025-07-01,BEL,1383.98,17
2025-07-01,NOR,1366.65,18
2025-07-01,MAR,1363.71,19
2025-07-01,SEN,1356.58,20
2025-07-01,IRN,1353.74,21
2025-07-01,MEX,1343.36,22
2025-07-01,AUS,1337.37,23
2025-07-01,KOR,1332.09,24
2025-07-01,TUR,1320.92,25
2025-07-01,CAN,1298.33,26
2025-07-01,SWE,1281.6,27
2025-07-01,USA,1270.01,28
2025-07-01,PAR,1255.24,29
2025-07-01,UZB,1229.83,30
2025-07-01,CZE,1221.76,31
2025-07-01,ALG,1205.89,32
2025-07-01,PAN,1202.61,33
2025-07-01,EGY,1151.4,34
2025-07-01,NZL,1133.16,35
2025-07-01,SCO,1125.89,36
2025-07-01,CIV,1097.98,37
2025-07-01,TUN,1095.94,38
2025-07-01,JOR,1072.05,39
2025-07-01,KSA,1027.51,40
2025-07-01,IRQ,1024.04,41
2025-07-01,RSA,1012.03,42
2025-07-01,COD,1009.72,43
2025-07-01,JAM,983.43,44
2025-07-01,QAT,980.13,45
2025-07-01,CPV,944.56,46
2025-07-01,BIH,902.67,47
2025-07-01,HAI,894.77,48
2025-07-01,GHA,890.76,49
2025-07-01,CUW,800.22,50
2025-10-01,ESP,1826.53,1
2025-10-01,ARG,1761.39,2
2025-10-01,FRA,1663.5,3
2025-10-01,POR,1599.59,4
2025-10-01,ENG,1591.78,5
2025-10-01,COL,1573.18,6
2025-10-01,NED,1562.5,7
2025-10-01,BRA,1550.38,8
2025-10-01,GER,1500.46,9
2025-10-01,CRO,1475.78,10
2025-10-01,SUI,1454.26,11
2025-10-01,ECU,1450.4,12
2025-10-01,ITA,1443.24,13
2025-10-01,URU,1439.13,14
2025-10-01,JPN,1432.21,15
2025-10-01,AUT,1410.15,16
2025-10-01,BEL,1391.31,17
2025-10-01,NOR,1380.06,18
2025-10-01,MAR,1376.83,19
2025-10-01,MEX,1376.15,20
2025-10-01,SEN,1371.21,21
2025-10-01,AUS,1371.1,22
2025-10-01,KOR,1361.92,23
2025-10-01,IRN,1353.74,24
2025-10-01,CAN,1341.59,25
2025-10-01,TUR,1324.19,26
2025-10-01,PAR,1281.28,27
2025-10-01,USA,1280.32,28
2025-10-01,SWE,1230.76,29
2025-10-01,UZB,1229.83,30
2025-10-01,CZE,1229.16,31
2025-10-01,ALG,1200.13,32
2025-10-01,PAN,1176.89,33
2025-10-01,SCO,1152.34,34
2025-10-01,EGY,1147.75,35
2025-10-01,TUN,1115.89,36
2025-10-01,NZL,1099.43,37
2025-10-01,JOR,1097.05,38
2025-10-01,CIV,1093.94,39
2025-10-01,KSA,1057.6,40
2025-10-01,IRQ,1044.42,41
2025-10-01,RSA,1025.2,42
2025-10-01,JAM,1018.07,43
2025-10-01,COD,1006.79,44
2025-10-01,CPV,977.4,45
2025-10-01,QAT,945.27,46
2025-10-01,HAI,908.15,47
2025-10-01,GHA,904.05,48
2025-10-01,BIH,899.48,49
2025-10-01,CUW,811.91,50
2026-01-01,ESP,1822.66,1
2026-01-01,ARG,1768.89,2
2026-01-01,FRA,1661.07,3
2026-01-01,ENG,1630.4,4
2026-01-01,COL,1616.18,5
2026-01-01,NED,1560.54,6
2026-01-01,BRA,1558.35,7
2026-01-01,GER,1533.93,8
2026-01-01,POR,1533.81,9
2026-01-01,JPN,1475.88,10
2026-01-01,CRO,1472.92,11
2026-01-01,SUI,1471.14,12
2026-01-01,ECU,1448.81,13
2026-01-01,NOR,1436.05,14
2026-01-01,MAR,1420.67,15
2026-01-01,ITA,1416.98,16
2026-01-01,URU,1399.94,17
2026-01-01,KOR,1385.97,18
2026-01-01,USA,1385.91,19
2026-01-01,TUR,1384.59,20
2026-01-01,BEL,1378.28,21
2026-01-01,SEN,1364.7,22
2026-01-01,AUT,1364.3,23
2026-01-01,CAN,1361.56,24
2026-01-01,MEX,1329.96,25
2026-01-01,IRN,1317.41,26
2026-01-01,AUS,1313.83,27
2026-01-01,ALG,1292.57,28
2026-01-01,PAR,1264.37,29
2026-01-01,UZB,1255.71,30
2026-01-01,SCO,1232.64,31
2026-01-01,CZE,1200.86,32
2026-01-01,PAN,1194.0,33
2026-01-01,SWE,1163.46,34
2026-01-01,CIV,1134.43,35
2026-01-01,JOR,1118.07,36
2026-01-01,COD,1107.82,37
2026-01-01,EGY,1091.43,38
2026-01-01,TUN,1081.05,39
2026-01-01,KSA,1074.95,40
2026-01-01,NZL,1074.01,41
2026-01-01,IRQ,1054.75,42
2026-01-01,RSA,1052.93,43
2026-01-01,CPV,999.16,44
2026-01-01,JAM,971.47,45
2026-01-01,BIH,969.91,46
2026-01-01,HAI,952.58,47
2026-01-01,GHA,919.89,48
2026-01-01,QAT,880.61,49
2026-01-01,CUW,879.62,50
2026-04-01,ESP,1812.31,1
2026-04-01,ARG,1771.54,2
2026-04-01,FRA,1707.07,3
2026-04-01,ENG,1592.95,4
2026-04-01,NED,1572.4,5
2026-04-01,BRA,1571.47,6
2026-04-01,COL,1559.76,7
2026-04-01,GER,1557.2,8
2026-04-01,POR,1549.51,9
2026-04-01,JPN,1516.68,10
2026-04-01,MAR,1510.04,11
2026-04-01,CRO,1470.21,12
2026-04-01,ECU,1456.31,13
2026-04-01,SUI,1449.94,14
2026-04-01,NOR,1420.23,15
2026-04-01,BEL,1416.53,16
2026-04-01,ITA,1413.28,17
2026-04-01,TUR,1408.84,18
2026-04-01,URU,1403.46,19
2026-04-01,AUT,1397.53,20
2026-04-01,MEX,1380.55,21
2026-04-01,SEN,1374.9,22
2026-04-01,AUS,1337.97,23
2026-04-01,CAN,1336.63,24
2026-04-01,USA,1323.48,25
2026-04-01,IRN,1321.41,26
2026-04-01,KOR,1305.04,27
2026-04-01,ALG,1277.17,28
2026-04-01,PAR,1272.4,29
2026-04-01,UZB,1247.56,30
2026-04-01,SWE,1227.14,31
2026-04-01,CIV,1225.07,32
2026-04-01,CZE,1206.81,33
2026-04-01,EGY,1200.96,34
2026-04-01,SCO,1196.66,35
2026-04-01,PAN,1180.59,36
2026-04-01,JOR,1124.17,37
2026-04-01,COD,1107.55,38
2026-04-01,TUN,1106.36,39
2026-04-01,NZL,1085.12,40
2026-04-01,IRQ,1077.54,41
2026-04-01,KSA,1025.34,42
2026-04-01,RSA,1005.82,43
2026-04-01,BIH,993.7,44
2026-04-01,CPV,978.51,45
2026-04-01,JAM,976.76,46
2026-04-01,HAI,936.58,47
2026-04-01,GHA,903.45,48
2026-04-01,QAT,880.61,49
2026-04-01,CUW,831.79,50
2026-07-01,ESP,1797.15,1
2026-07-01,ARG,1778.03,2
2026-07-01,FRA,1673.51,3
2026-07-01,ENG,1606.53,4
2026-07-01,BRA,1595.91,5
2026-07-01,COL,1578.49,6
2026-07-01,GER,1578.19,7
2026-07-01,POR,1571.09,8
2026-07-01,NED,1548.59,9
2026-07-01,JPN,1521.45,10
2026-07-01,MAR,1513.57,11
2026-07-01,BEL,1471.9,12
2026-07-01,ECU,1471.74,13
2026-07-01,SUI,1461.18,14
2026-07-01,NOR,1445.22,15
2026-07-01,CRO,1444.48,16
2026-07-01,MEX,1437.84,17
2026-07-01,TUR,1434.71,18
2026-07-01,ITA,1431.11,19
2026-07-01,AUT,1408.63,20
2026-07-01,URU,1403.46,21
2026-07-01,CAN,1356.11,22
2026-07-01,IRN,1345.8,23
2026-07-01,SEN,1337.83,24
2026-07-01,USA,1334.54,25
2026-07-01,ALG,1331.41,26
2026-07-01,AUS,1323.99,27
2026-07-01,KOR,1318.89,28
2026-07-01,PAR,1281.25,29
2026-07-01,CIV,1263.95,30
2026-07-01,CZE,1247.45,31
2026-07-01,SCO,1240.86,32
2026-07-01,EGY,1218.34,33
2026-07-01,UZB,1209.29,34
2026-07-01,SWE,1206.31,35
2026-07-01,PAN,1167.96,36
2026-07-01,COD,1099.64,37
2026-07-01,JOR,1096.83,38
2026-07-01,TUN,1077.12,39
2026-07-01,IRQ,1071.14,40
2026-07-01,KSA,1040.82,41
2026-07-01,NZL,1026.55,42
2026-07-01,RSA,1015.29,43
2026-07-01,BIH,999.47,44
2026-07-01,HAI,972.84,45
2026-07-01,CPV,967.85,46
2026-07-01,JAM,944.54,47
2026-07-01,GHA,904.39,48
2026-07-01,QAT,861.59,49
2026-07-01,CUW,826.93,50
