match_id,tournament_id,match_date,home_team_id,away_team_id,home_score,away_score,home_penalty_score,away_penalty_score,match_phase,status
HIST_TUN_MAR_20000129,OTHER_HIST,2000-01-29,TUN,MAR,0,0,,,African Cup of Nations,Completed
HIST_CPV_ALG_20000409,OTHER_HIST,2000-04-09,CPV,ALG,0,0,,,FIFA World Cup qualification,Completed
HIST_GER_SUI_20000426,FRIENDLY,2000-04-26,GER,SUI,1,1,,,Friendly,Completed
HIST_MAR_FRA_20000606,OTHER_HIST,2000-06-06,MAR,FRA,1,5,,,King Hassan II Tournament,Completed
HIST_ECU_PAN_20000625,FRIENDLY,2000-06-25,ECU,PAN,5,0,,,Friendly,Completed
HIST_BEL_CRO_20000902,OTHER_HIST,2000-09-02,BEL,CRO,0,0,,,FIFA World Cup qualification,Completed
HIST_USA_COL_20010203,FRIENDLY,2001-02-03,USA,COL,0,1,,,Friendly,Completed
HIST_POR_NED_20010328,OTHER_HIST,2001-03-28,POR,NED,2,2,,,FIFA World Cup qualification,Completed
HIST_SUI_SWE_20010425,FRIENDLY,2001-04-25,SUI,SWE,0,2,,,Friendly,Completed
HIST_CAN_BRA_20010602,OTHER_HIST,2001-06-02,CAN,BRA,0,0,,,Confederations Cup,Completed
HIST_JPN_FRA_20010610,OTHER_HIST,2001-06-10,JPN,FRA,0,1,,,Confederations Cup,Completed
HIST_COL_MEX_20010729,CA2001,2001-07-29,COL,MEX,1,0,,,Copa America,Completed
HIST_AUT_SUI_20010815,FRIENDLY,2001-08-15,AUT,SUI,1,2,,,Friendly,Completed
HIST_GER_ENG_20010901,OTHER_HIST,2001-09-01,GER,ENG,1,5,,,FIFA World Cup qualification,Completed
HIST_QAT_UZB_20010928,OTHER_HIST,2001-09-28,QAT,UZB,2,2,,,FIFA World Cup qualification,Completed
HIST_JPN_SEN_20011004,FRIENDLY,2001-10-04,JPN,SEN,0,2,,,Friendly,Completed
HIST_EGY_TUN_20020125,OTHER_HIST,2002-01-25,EGY,TUN,1,0,,,African Cup of Nations,Completed
HIST_GER_USA_20020327,FRIENDLY,2002-03-27,GER,USA,4,2,,,Friendly,Completed
HIST_ENG_SWE_20020602,WC02,2002-06-02,ENG,SWE,1,1,,,World Cup Knockout,Completed
HIST_CRO_MEX_20020603,WC02,2002-06-03,CRO,MEX,0,1,,,World Cup Knockout,Completed
HIST_MEX_USA_20020617,WC02,2002-06-17,MEX,USA,0,2,,,World Cup Knockout,Completed
HIST_KOR_GER_20020625,WC02,2002-06-25,KOR,GER,0,1,,,World Cup Knockout,Completed
HIST_JOR_IRN_20020830,OTHER_HIST,2002-08-30,JOR,IRN,1,0,,,WAFF Championship,Completed
HIST_USA_CAN_20030118,FRIENDLY,2003-01-18,USA,CAN,4,0,,,Friendly,Completed
HIST_FRA_CZE_20030212,FRIENDLY,2003-02-12,FRA,CZE,0,2,,,Friendly,Completed
HIST_MEX_COL_20030212,FRIENDLY,2003-02-12,MEX,COL,0,0,,,Friendly,Completed
HIST_SUI_ITA_20030430,FRIENDLY,2003-04-30,SUI,ITA,1,2,,,Friendly,Completed
HIST_BRA_TUR_20030623,OTHER_HIST,2003-06-23,BRA,TUR,2,2,,,Confederations Cup,Completed
HIST_CZE_CAN_20031115,FRIENDLY,2003-11-15,CZE,CAN,5,1,,,Friendly,Completed
HIST_EGY_RSA_20031115,FRIENDLY,2003-11-15,EGY,RSA,2,1,,,Friendly,Completed
HIST_SCO_NED_20031115,EURO2003,2003-11-15,SCO,NED,1,0,,,UEFA Euro,Completed
HIST_SEN_CIV_20031115,FRIENDLY,2003-11-15,SEN,CIV,1,0,,,Friendly,Completed
HIST_CRO_GER_20040218,FRIENDLY,2004-02-18,CRO,GER,1,2,,,Friendly,Completed
HIST_ARG_ECU_20040330,OTHER_HIST,2004-03-30,ARG,ECU,1,0,,,FIFA World Cup qualification,Completed
HIST_POR_ITA_20040331,FRIENDLY,2004-03-31,POR,ITA,1,2,,,Friendly,Completed
HIST_AUS_TUR_20040521,FRIENDLY,2004-05-21,AUS,TUR,1,3,,,Friendly,Completed
HIST_HAI_JAM_20040612,OTHER_HIST,2004-06-12,HAI,JAM,1,1,,,FIFA World Cup qualification,Completed
HIST_FRA_ENG_20040613,EURO2004,2004-06-13,FRA,ENG,2,1,,,UEFA Euro,Completed
HIST_GER_NED_20040615,EURO2004,2004-06-15,GER,NED,1,1,,,UEFA Euro,Completed
HIST_ITA_SWE_20040618,EURO2004,2004-06-18,ITA,SWE,1,1,,,UEFA Euro,Completed
HIST_KOR_IRN_20040731,OTHER_HIST,2004-07-31,KOR,IRN,3,4,,,AFC Asian Cup,Completed
HIST_SWE_NED_20040818,FRIENDLY,2004-08-18,SWE,NED,2,2,,,Friendly,Completed
HIST_ESP_ENG_20041117,FRIENDLY,2004-11-17,ESP,ENG,1,0,,,Friendly,Completed
HIST_MEX_COL_20050223,FRIENDLY,2005-02-23,MEX,COL,1,1,,,Friendly,Completed
HIST_IRN_JPN_20050325,OTHER_HIST,2005-03-25,IRN,JPN,2,1,,,FIFA World Cup qualification,Completed
HIST_COL_ECU_20050608,OTHER_HIST,2005-06-08,COL,ECU,3,0,,,FIFA World Cup qualification,Completed
HIST_CIV_EGY_20050619,OTHER_HIST,2005-06-19,CIV,EGY,2,0,,,FIFA World Cup qualification,Completed
HIST_POR_EGY_20050817,FRIENDLY,2005-08-17,POR,EGY,2,0,,,Friendly,Completed
HIST_CZE_NOR_20051116,OTHER_HIST,2005-11-16,CZE,NOR,1,0,,,FIFA World Cup qualification,Completed
HIST_EGY_RSA_20060114,FRIENDLY,2006-01-14,EGY,RSA,1,2,,,Friendly,Completed
HIST_KSA_SWE_20060118,FRIENDLY,2006-01-18,KSA,SWE,1,1,,,Friendly,Completed
HIST_ARG_CRO_20060301,FRIENDLY,2006-03-01,ARG,CRO,2,3,,,Friendly,Completed
HIST_BEL_TUR_20060524,FRIENDLY,2006-05-24,BEL,TUR,3,3,,,Friendly,Completed
HIST_NOR_PAR_20060524,FRIENDLY,2006-05-24,NOR,PAR,2,2,,,Friendly,Completed
HIST_CRO_AUS_20060622,WC06,2006-06-22,CRO,AUS,2,2,,,World Cup Knockout,Completed
HIST_POR_FRA_20060705,WC06,2006-07-05,POR,FRA,0,1,,,World Cup Knockout,Completed
HIST_TUR_NOR_20070328,EURO2007,2007-03-28,TUR,NOR,2,2,,,UEFA Euro,Completed
HIST_USA_PAN_20070616,OTHER_HIST,2007-06-16,USA,PAN,2,1,,,Gold Cup,Completed
HIST_JPN_AUS_20070721,OTHER_HIST,2007-07-21,JPN,AUS,1,1,4,3,AFC Asian Cup,Completed
HIST_NOR_ARG_20070822,FRIENDLY,2007-08-22,NOR,ARG,2,1,,,Friendly,Completed
HIST_AUS_QAT_20080206,OTHER_HIST,2008-02-06,AUS,QAT,3,0,,,FIFA World Cup qualification,Completed
HIST_CIV_PAR_20080522,OTHER_HIST,2008-05-22,CIV,PAR,1,1,,,Kirin Cup,Completed
HIST_ITA_BEL_20080530,FRIENDLY,2008-05-30,ITA,BEL,3,1,,,Friendly,Completed
HIST_SUI_CZE_20080607,EURO2008,2008-06-07,SUI,CZE,0,1,,,UEFA Euro,Completed
HIST_ITA_AUT_20080820,FRIENDLY,2008-08-20,ITA,AUT,2,2,,,Friendly,Completed
HIST_CAN_MEX_20081015,OTHER_HIST,2008-10-15,CAN,MEX,2,2,,,FIFA World Cup qualification,Completed
HIST_RSA_GHA_20081015,FRIENDLY,2008-10-15,RSA,GHA,2,1,,,Friendly,Completed
HIST_COL_HAI_20090211,FRIENDLY,2009-02-11,COL,HAI,2,0,,,Friendly,Completed
HIST_IRN_KOR_20090211,OTHER_HIST,2009-02-11,IRN,KOR,1,1,,,FIFA World Cup qualification,Completed
HIST_MAR_CZE_20090211,FRIENDLY,2009-02-11,MAR,CZE,0,0,,,Friendly,Completed
HIST_IRN_KSA_20090328,OTHER_HIST,2009-03-28,IRN,KSA,1,2,,,FIFA World Cup qualification,Completed
HIST_ARG_PAN_20090520,FRIENDLY,2009-05-20,ARG,PAN,3,1,,,Friendly,Completed
HIST_QAT_IRQ_20090531,FRIENDLY,2009-05-31,QAT,IRQ,1,0,,,Friendly,Completed
HIST_QAT_AUS_20090606,OTHER_HIST,2009-06-06,QAT,AUS,0,0,,,FIFA World Cup qualification,Completed
HIST_ITA_SWE_20091118,FRIENDLY,2009-11-18,ITA,SWE,1,0,,,Friendly,Completed
HIST_AUS_NZL_20100524,FRIENDLY,2010-05-24,AUS,NZL,2,1,,,Friendly,Completed
HIST_GER_AUS_20100613,WC10,2010-06-13,GER,AUS,4,0,,,World Cup Knockout,Completed
HIST_ARG_KOR_20100617,WC10,2010-06-17,ARG,KOR,4,1,,,World Cup Knockout,Completed
HIST_MEX_ECU_20100904,FRIENDLY,2010-09-04,MEX,ECU,1,2,,,Friendly,Completed
HIST_EGY_AUS_20101117,FRIENDLY,2010-11-17,EGY,AUS,3,0,,,Friendly,Completed
HIST_JOR_UZB_20110102,FRIENDLY,2011-01-02,JOR,UZB,2,2,,,Friendly,Completed
HIST_JPN_KOR_20110125,OTHER_HIST,2011-01-25,JPN,KOR,2,2,4,3,AFC Asian Cup,Completed
HIST_ESP_COL_20110209,FRIENDLY,2011-02-09,ESP,COL,1,0,,,Friendly,Completed
HIST_MAR_ALG_20110604,OTHER_HIST,2011-06-04,MAR,ALG,4,0,,,African Cup of Nations qualification,Completed
HIST_AUS_NZL_20110605,FRIENDLY,2011-06-05,AUS,NZL,3,0,,,Friendly,Completed
HIST_KOR_GHA_20110607,FRIENDLY,2011-06-07,KOR,GHA,2,1,,,Friendly,Completed
HIST_GER_AUT_20110902,EURO2011,2011-09-02,GER,AUT,6,2,,,UEFA Euro,Completed
HIST_FRA_USA_20111111,FRIENDLY,2011-11-11,FRA,USA,1,0,,,Friendly,Completed
HIST_PAR_ECU_20111111,OTHER_HIST,2011-11-11,PAR,ECU,2,1,,,FIFA World Cup qualification,Completed
HIST_ALG_TUN_20111112,FRIENDLY,2011-11-12,ALG,TUN,1,0,,,Friendly,Completed
HIST_PAN_USA_20120125,FRIENDLY,2012-01-25,PAN,USA,0,1,,,Friendly,Completed
HIST_ESP_ITA_20120701,EURO2012,2012-07-01,ESP,ITA,4,0,,,UEFA Euro,Completed
HIST_AUT_TUR_20120815,FRIENDLY,2012-08-15,AUT,TUR,2,0,,,Friendly,Completed
HIST_IRQ_TUN_20121230,FRIENDLY,2012-12-30,IRQ,TUN,1,2,,,Friendly,Completed
HIST_USA_GER_20130602,FRIENDLY,2013-06-02,USA,GER,4,3,,,Friendly,Completed
HIST_ECU_ESP_20130814,FRIENDLY,2013-08-14,ECU,ESP,0,2,,,Friendly,Completed
HIST_GER_PAR_20130814,FRIENDLY,2013-08-14,GER,PAR,3,3,,,Friendly,Completed
HIST_ITA_ARG_20130814,FRIENDLY,2013-08-14,ITA,ARG,1,2,,,Friendly,Completed
HIST_JOR_UZB_20130906,OTHER_HIST,2013-09-06,JOR,UZB,1,1,,,FIFA World Cup qualification,Completed
HIST_SWE_GER_20131015,OTHER_HIST,2013-10-15,SWE,GER,3,5,,,FIFA World Cup qualification,Completed
HIST_NZL_MEX_20131120,OTHER_HIST,2013-11-20,NZL,MEX,2,4,,,FIFA World Cup qualification,Completed
HIST_QAT_JOR_20140107,OTHER_HIST,2014-01-07,QAT,JOR,2,0,,,WAFF Championship,Completed
HIST_COL_JOR_20140606,FRIENDLY,2014-06-06,COL,JOR,3,0,,,Friendly,Completed
HIST_AUS_KSA_20140908,FRIENDLY,2014-09-08,AUS,KSA,3,2,,,Friendly,Completed
HIST_UZB_NZL_20140908,FRIENDLY,2014-09-08,UZB,NZL,3,1,,,Friendly,Completed
HIST_ARG_BRA_20141011,OTHER_HIST,2014-10-11,ARG,BRA,0,2,,,Superclásico de las Américas,Completed
HIST_UZB_IRQ_20141225,FRIENDLY,2014-12-25,UZB,IRQ,1,0,,,Friendly,Completed
HIST_UZB_KSA_20150118,OTHER_HIST,2015-01-18,UZB,KSA,3,1,,,AFC Asian Cup,Completed
HIST_ECU_PAN_20150606,FRIENDLY,2015-06-06,ECU,PAN,4,0,,,Friendly,Completed
HIST_BRA_COL_20150617,CA2015,2015-06-17,BRA,COL,0,1,,,Copa America,Completed
HIST_HAI_JAM_20150718,OTHER_HIST,2015-07-18,HAI,JAM,0,1,,,Gold Cup,Completed
HIST_CPV_MAR_20160326,OTHER_HIST,2016-03-26,CPV,MAR,0,1,,,African Cup of Nations qualification,Completed
HIST_PAR_BRA_20160329,OTHER_HIST,2016-03-29,PAR,BRA,2,2,,,FIFA World Cup qualification,Completed
HIST_POR_BEL_20160329,FRIENDLY,2016-03-29,POR,BEL,2,1,,,Friendly,Completed
HIST_MEX_PAR_20160528,FRIENDLY,2016-05-28,MEX,PAR,1,0,,,Friendly,Completed
HIST_CAN_UZB_20160607,FRIENDLY,2016-06-07,CAN,UZB,2,1,,,Friendly,Completed
HIST_BEL_ITA_20160613,EURO2016,2016-06-13,BEL,ITA,0,2,,,UEFA Euro,Completed
HIST_POR_AUT_20160618,EURO2016,2016-06-18,POR,AUT,0,0,,,UEFA Euro,Completed
HIST_FRA_POR_20160710,EURO2016,2016-07-10,FRA,POR,0,1,,,UEFA Euro,Completed
HIST_KOR_QAT_20161006,OTHER_HIST,2016-10-06,KOR,QAT,3,2,,,FIFA World Cup qualification,Completed
HIST_KSA_AUS_20161006,OTHER_HIST,2016-10-06,KSA,AUS,2,2,,,FIFA World Cup qualification,Completed
HIST_GER_CZE_20161008,OTHER_HIST,2016-10-08,GER,CZE,3,0,,,FIFA World Cup qualification,Completed
HIST_AUS_JPN_20161011,OTHER_HIST,2016-10-11,AUS,JPN,1,1,,,FIFA World Cup qualification,Completed
HIST_ENG_SCO_20161111,OTHER_HIST,2016-11-11,ENG,SCO,3,0,,,FIFA World Cup qualification,Completed
HIST_MAR_CIV_20161112,OTHER_HIST,2016-11-12,MAR,CIV,0,0,,,FIFA World Cup qualification,Completed
HIST_ENG_ESP_20161115,FRIENDLY,2016-11-15,ENG,ESP,2,2,,,Friendly,Completed
HIST_POR_MEX_20170702,OTHER_HIST,2017-07-02,POR,MEX,2,1,,,Confederations Cup,Completed
HIST_KSA_JAM_20171007,FRIENDLY,2017-10-07,KSA,JAM,5,2,,,Friendly,Completed
HIST_IRQ_QAT_20180321,FRIENDLY,2018-03-21,IRQ,QAT,2,3,,,Friendly,Completed
HIST_CZE_AUS_20180601,FRIENDLY,2018-06-01,CZE,AUS,0,4,,,Friendly,Completed
HIST_BEL_PAN_20180618,WC18,2018-06-18,BEL,PAN,3,0,,,World Cup Knockout,Completed
HIST_FRA_CRO_20180715,WC18,2018-07-15,FRA,CRO,4,2,,,World Cup Knockout,Completed
HIST_USA_BRA_20180907,FRIENDLY,2018-09-07,USA,BRA,0,2,,,Friendly,Completed
HIST_ENG_ESP_20180908,OTHER_HIST,2018-09-08,ENG,ESP,1,2,,,UEFA Nations League,Completed
HIST_USA_COL_20181011,FRIENDLY,2018-10-11,USA,COL,2,4,,,Friendly,Completed
HIST_KOR_UZB_20181120,FRIENDLY,2018-11-20,KOR,UZB,4,0,,,Friendly,Completed
HIST_USA_JAM_20190605,FRIENDLY,2019-06-05,USA,JAM,0,1,,,Friendly,Completed
HIST_ENG_NED_20190606,OTHER_HIST,2019-06-06,ENG,NED,1,3,,,UEFA Nations League,Completed
HIST_TUN_IRQ_20190607,FRIENDLY,2019-06-07,TUN,IRQ,2,0,,,Friendly,Completed
HIST_URU_PAN_20190607,FRIENDLY,2019-06-07,URU,PAN,3,0,,,Friendly,Completed
HIST_PAR_QAT_20190616,CA2019,2019-06-16,PAR,QAT,2,2,,,Copa America,Completed
HIST_COL_PAR_20190623,CA2019,2019-06-23,COL,PAR,1,0,,,Copa America,Completed
HIST_QAT_ARG_20190623,CA2019,2019-06-23,QAT,ARG,0,2,,,Copa America,Completed
HIST_ECU_JPN_20190624,CA2019,2019-06-24,ECU,JPN,1,1,,,Copa America,Completed
HIST_ECU_COL_20191119,FRIENDLY,2019-11-19,ECU,COL,0,1,,,Friendly,Completed
HIST_GER_TUR_20201007,FRIENDLY,2020-10-07,GER,TUR,3,3,,,Friendly,Completed
HIST_ESP_SUI_20201010,OTHER_HIST,2020-10-10,ESP,SUI,1,0,,,UEFA Nations League,Completed
HIST_TUR_CRO_20201111,FRIENDLY,2020-11-11,TUR,CRO,3,3,,,Friendly,Completed
HIST_POR_FRA_20201114,OTHER_HIST,2020-11-14,POR,FRA,0,1,,,UEFA Nations League,Completed
HIST_ECU_COL_20201117,OTHER_HIST,2020-11-17,ECU,COL,6,1,,,FIFA World Cup qualification,Completed
HIST_URU_PAR_20210628,CA2021,2021-06-28,URU,PAR,1,0,,,Copa America,Completed
HIST_HAI_JOR_20210904,FRIENDLY,2021-09-04,HAI,JOR,2,0,,,Friendly,Completed
HIST_PAR_COL_20210905,OTHER_HIST,2021-09-05,PAR,COL,1,1,,,FIFA World Cup qualification,Completed
HIST_JPN_AUS_20211012,OTHER_HIST,2021-10-12,JPN,AUS,2,1,,,FIFA World Cup qualification,Completed
HIST_CAN_PAN_20211013,OTHER_HIST,2021-10-13,CAN,PAN,4,1,,,FIFA World Cup qualification,Completed
HIST_QAT_EGY_20211218,OTHER_HIST,2021-12-18,QAT,EGY,0,0,4,3,Arab Cup,Completed
HIST_SWE_CZE_20220324,OTHER_HIST,2022-03-24,SWE,CZE,1,0,,,FIFA World Cup qualification,Completed
HIST_TUR_ITA_20220329,FRIENDLY,2022-03-29,TUR,ITA,2,3,,,Friendly,Completed
HIST_SUI_ESP_20220609,OTHER_HIST,2022-06-09,SUI,ESP,0,1,,,UEFA Nations League,Completed
HIST_JAM_MEX_20220614,OTHER_HIST,2022-06-14,JAM,MEX,1,1,,,CONCACAF Nations League,Completed
HIST_JPN_TUN_20220614,OTHER_HIST,2022-06-14,JPN,TUN,0,3,,,Kirin Cup,Completed
HIST_NZL_AUS_20220925,FRIENDLY,2022-09-25,NZL,AUS,0,2,,,Friendly,Completed
HIST_POR_ESP_20220927,OTHER_HIST,2022-09-27,POR,ESP,0,1,,,UEFA Nations League,Completed
HIST_QAT_PAN_20221107,FRIENDLY,2022-11-07,QAT,PAN,2,1,,,Friendly,Completed
HIST_KSA_PAN_20221110,FRIENDLY,2022-11-10,KSA,PAN,1,1,,,Friendly,Completed
HIST_AUT_ITA_20221120,FRIENDLY,2022-11-20,AUT,ITA,2,0,,,Friendly,Completed
HIST_ARG_KSA_20221122,WC22,2022-11-22,ARG,KSA,1,2,,,World Cup Knockout,Completed
HIST_TUN_AUS_20221126,WC22,2022-11-26,TUN,AUS,0,1,,,World Cup Knockout,Completed
HIST_CRO_BEL_20221201,WC22,2022-12-01,CRO,BEL,0,0,,,World Cup Knockout,Completed
HIST_ENG_SEN_20221204,WC22,2022-12-04,ENG,SEN,3,0,,,World Cup Knockout,Completed
HIST_NED_ARG_20221209,WC22,2022-12-09,NED,ARG,2,2,3,4,World Cup Knockout,Completed
HIST_SWE_NZL_20230616,FRIENDLY,2023-06-16,SWE,NZL,4,1,,,Friendly,Completed
HIST_USA_CAN_20230618,OTHER_HIST,2023-06-18,USA,CAN,2,0,,,CONCACAF Nations League,Completed
HIST_CRO_ESP_20230618,OTHER_HIST,2023-06-18,CRO,ESP,0,0,3,4,UEFA Nations League,Completed
HIST_GER_COL_20230620,FRIENDLY,2023-06-20,GER,COL,0,2,,,Friendly,Completed
HIST_JAM_MEX_20230712,OTHER_HIST,2023-07-12,JAM,MEX,0,3,,,Gold Cup,Completed
HIST_SCO_ENG_20230912,FRIENDLY,2023-09-12,SCO,ENG,1,3,,,Friendly,Completed
HIST_MEX_GER_20231017,FRIENDLY,2023-10-17,MEX,GER,2,2,,,Friendly,Completed
HIST_EGY_GHA_20240118,OTHER_HIST,2024-01-18,EGY,GHA,2,2,,,African Cup of Nations,Completed
HIST_MAR_RSA_20240130,OTHER_HIST,2024-01-30,MAR,RSA,0,2,,,African Cup of Nations,Completed
HIST_IRN_JPN_20240203,OTHER_HIST,2024-02-03,IRN,JPN,2,1,,,AFC Asian Cup,Completed
HIST_QAT_IRN_20240207,OTHER_HIST,2024-02-07,QAT,IRN,3,2,,,AFC Asian Cup,Completed
HIST_ARG_ECU_20240609,FRIENDLY,2024-06-09,ARG,ECU,1,0,,,Friendly,Completed
HIST_CAN_URU_20240713,CA2024,2024-07-13,CAN,URU,2,2,3,4,Copa America,Completed
HIST_FRA_ITA_20240906,OTHER_HIST,2024-09-06,FRA,ITA,1,3,,,UEFA Nations League,Completed
HIST_IRQ_KOR_20250605,OTHER_HIST,2025-06-05,IRQ,KOR,0,2,,,FIFA World Cup qualification,Completed
HIST_CAN_CIV_20250610,OTHER_HIST,2025-06-10,CAN,CIV,0,0,,,Canadian Shield,Completed
HIST_USA_KSA_20250619,OTHER_HIST,2025-06-19,USA,KSA,1,0,,,Gold Cup,Completed
HIST_USA_KOR_20250906,FRIENDLY,2025-09-06,USA,KOR,0,2,,,Friendly,Completed
HIST_UZB_EGY_20251114,OTHER_HIST,2025-11-14,UZB,EGY,2,0,,,Al Ain International Cup,Completed
HIST_USA_URU_20251118,FRIENDLY,2025-11-18,USA,URU,5,1,,,Friendly,Completed
HIST_EGY_RSA_20251226,OTHER_HIST,2025-12-26,EGY,RSA,1,0,,,African Cup of Nations,Completed
HIST_KSA_EGY_20260327,FRIENDLY,2026-03-27,KSA,EGY,0,4,,,Friendly,Completed
HIST_ECU_KSA_20260530,FRIENDLY,2026-05-30,ECU,KSA,2,1,,,Friendly,Completed
HIST_NOR_SWE_20260601,FRIENDLY,2026-06-01,NOR,SWE,3,1,,,Friendly,Completed
HIST_JPN_MEX_20000205,OTHER_HIST,2000-02-05,JPN,MEX,0,1,,,Lunar New Year Cup,Completed
HIST_JAM_PAN_20000514,FRIENDLY,2000-05-14,JAM,PAN,0,1,,,Friendly,Completed
HIST_TUR_POR_20000624,EURO2000,2000-06-24,TUR,POR,0,2,,,UEFA Euro,Completed
HIST_COL_ARG_20000629,OTHER_HIST,2000-06-29,COL,ARG,1,3,,,FIFA World Cup qualification,Completed
HIST_SCO_BEL_20010324,OTHER_HIST,2001-03-24,SCO,BEL,2,2,,,FIFA World Cup qualification,Completed
HIST_FRA_POR_20010425,FRIENDLY,2001-04-25,FRA,POR,4,0,,,Friendly,Completed
HIST_AUS_BRA_20010609,OTHER_HIST,2001-06-09,AUS,BRA,1,0,,,Confederations Cup,Completed
HIST_AUS_NZL_20010624,OTHER_HIST,2001-06-24,AUS,NZL,4,1,,,FIFA World Cup qualification,Completed
HIST_BRA_MEX_20010712,CA2001,2001-07-12,BRA,MEX,0,1,,,Copa America,Completed
HIST_ENG_NED_20010815,FRIENDLY,2001-08-15,ENG,NED,0,2,,,Friendly,Completed
HIST_KSA_IRQ_20010831,OTHER_HIST,2001-08-31,KSA,IRQ,1,0,,,FIFA World Cup qualification,Completed
HIST_USA_JAM_20011007,OTHER_HIST,2001-10-07,USA,JAM,2,1,,,FIFA World Cup qualification,Completed
HIST_JPN_ITA_20011107,FRIENDLY,2001-11-07,JPN,ITA,1,1,,,Friendly,Completed
HIST_USA_KOR_20020119,OTHER_HIST,2002-01-19,USA,KOR,2,1,,,Gold Cup,Completed
HIST_TUN_KOR_20020313,FRIENDLY,2002-03-13,TUN,KOR,0,0,,,Friendly,Completed
HIST_FRA_SCO_20020327,FRIENDLY,2002-03-27,FRA,SCO,5,0,,,Friendly,Completed
HIST_USA_URU_20020512,FRIENDLY,2002-05-12,USA,URU,2,1,,,Friendly,Completed
HIST_FRA_BEL_20020518,FRIENDLY,2002-05-18,FRA,BEL,1,2,,,Friendly,Completed
HIST_BRA_PAR_20020821,FRIENDLY,2002-08-21,BRA,PAR,0,1,,,Friendly,Completed
HIST_AUT_NED_20021016,EURO2002,2002-10-16,AUT,NED,0,3,,,UEFA Euro,Completed
HIST_SWE_POR_20021016,FRIENDLY,2002-10-16,SWE,POR,2,3,,,Friendly,Completed
HIST_KOR_BRA_20021120,FRIENDLY,2002-11-20,KOR,BRA,2,3,,,Friendly,Completed
HIST_JAM_COL_20030713,OTHER_HIST,2003-07-13,JAM,COL,0,1,,,Gold Cup,Completed
HIST_COL_BRA_20030907,OTHER_HIST,2003-09-07,COL,BRA,1,2,,,FIFA World Cup qualification,Completed
HIST_PAR_ECU_20031115,OTHER_HIST,2003-11-15,PAR,ECU,2,1,,,FIFA World Cup qualification,Completed
HIST_NED_SCO_20031119,EURO2003,2003-11-19,NED,SCO,6,0,,,UEFA Euro,Completed
HIST_POR_ENG_20040218,FRIENDLY,2004-02-18,POR,ENG,1,1,,,Friendly,Completed
HIST_MEX_ECU_20040310,FRIENDLY,2004-03-10,MEX,ECU,2,1,,,Friendly,Completed
HIST_BEL_TUR_20040428,FRIENDLY,2004-04-28,BEL,TUR,2,3,,,Friendly,Completed
HIST_IRN_IRQ_20040623,OTHER_HIST,2004-06-23,IRN,IRQ,2,1,,,WAFF Championship,Completed
HIST_JAM_USA_20040818,OTHER_HIST,2004-08-18,JAM,USA,1,1,,,FIFA World Cup qualification,Completed
HIST_AUT_ENG_20040904,OTHER_HIST,2004-09-04,AUT,ENG,2,2,,,FIFA World Cup qualification,Completed
HIST_SWE_CRO_20040908,OTHER_HIST,2004-09-08,SWE,CRO,0,1,,,FIFA World Cup qualification,Completed
HIST_URU_BRA_20050330,OTHER_HIST,2005-03-30,URU,BRA,1,1,,,FIFA World Cup qualification,Completed
HIST_USA_ENG_20050528,FRIENDLY,2005-05-28,USA,ENG,1,2,,,Friendly,Completed
HIST_COL_ENG_20050531,FRIENDLY,2005-05-31,COL,ENG,2,3,,,Friendly,Completed
HIST_GER_BRA_20050625,OTHER_HIST,2005-06-25,GER,BRA,2,3,,,Confederations Cup,Completed
HIST_BRA_ARG_20050629,OTHER_HIST,2005-06-29,BRA,ARG,4,1,,,Confederations Cup,Completed
HIST_SEN_GHA_20050817,FRIENDLY,2005-08-17,SEN,GHA,0,0,,,Friendly,Completed
HIST_KOR_SWE_20051112,FRIENDLY,2005-11-12,KOR,SWE,2,2,,,Friendly,Completed
HIST_NED_ITA_20051112,FRIENDLY,2005-11-12,NED,ITA,1,3,,,Friendly,Completed
HIST_NOR_CZE_20051112,OTHER_HIST,2005-11-12,NOR,CZE,0,1,,,FIFA World Cup qualification,Completed
HIST_SUI_TUR_20051112,OTHER_HIST,2005-11-12,SUI,TUR,2,0,,,FIFA World Cup qualification,Completed
HIST_NED_ECU_20060301,FRIENDLY,2006-03-01,NED,ECU,1,0,,,Friendly,Completed
HIST_KOR_SEN_20060523,FRIENDLY,2006-05-23,KOR,SEN,1,1,,,Friendly,Completed
HIST_GHA_KOR_20060604,FRIENDLY,2006-06-04,GHA,KOR,3,1,,,Friendly,Completed
HIST_POR_NED_20060625,WC06,2006-06-25,POR,NED,1,0,,,World Cup Knockout,Completed
HIST_EGY_URU_20060816,FRIENDLY,2006-08-16,EGY,URU,0,2,,,Friendly,Completed
HIST_ITA_TUR_20061115,FRIENDLY,2006-11-15,ITA,TUR,1,1,,,Friendly,Completed
HIST_SUI_BRA_20061115,FRIENDLY,2006-11-15,SUI,BRA,1,2,,,Friendly,Completed
HIST_JOR_IRQ_20070608,FRIENDLY,2007-06-08,JOR,IRQ,1,1,,,Friendly,Completed
HIST_JOR_IRQ_20070612,FRIENDLY,2007-06-12,JOR,IRQ,0,0,,,Friendly,Completed
HIST_IRN_JAM_20070702,FRIENDLY,2007-07-02,IRN,JAM,8,1,,,Friendly,Completed
HIST_BRA_ECU_20071017,OTHER_HIST,2007-10-17,BRA,ECU,5,0,,,FIFA World Cup qualification,Completed
HIST_SCO_ITA_20071117,EURO2007,2007-11-17,SCO,ITA,1,2,,,UEFA Euro,Completed
HIST_QAT_JOR_20080316,FRIENDLY,2008-03-16,QAT,JOR,2,1,,,Friendly,Completed
HIST_UZB_KSA_20080326,OTHER_HIST,2008-03-26,UZB,KSA,3,0,,,FIFA World Cup qualification,Completed
HIST_KOR_JOR_20080531,OTHER_HIST,2008-05-31,KOR,JOR,2,2,,,FIFA World Cup qualification,Completed
HIST_JPN_UZB_20081015,OTHER_HIST,2008-10-15,JPN,UZB,1,1,,,FIFA World Cup qualification,Completed
HIST_NOR_NED_20081015,OTHER_HIST,2008-10-15,NOR,NED,0,1,,,FIFA World Cup qualification,Completed
HIST_SCO_ARG_20081119,FRIENDLY,2008-11-19,SCO,ARG,0,1,,,Friendly,Completed
HIST_MEX_SWE_20090128,FRIENDLY,2009-01-28,MEX,SWE,0,1,,,Friendly,Completed
HIST_JAM_PAN_20090607,FRIENDLY,2009-06-07,JAM,PAN,3,2,,,Friendly,Completed
HIST_CAN_JAM_20090703,OTHER_HIST,2009-07-03,CAN,JAM,1,0,,,Gold Cup,Completed
HIST_CZE_BEL_20090812,FRIENDLY,2009-08-12,CZE,BEL,3,1,,,Friendly,Completed
HIST_TUN_CIV_20090812,FRIENDLY,2009-08-12,TUN,CIV,0,0,,,Friendly,Completed
HIST_NED_JPN_20090905,FRIENDLY,2009-09-05,NED,JPN,3,0,,,Friendly,Completed
HIST_NOR_RSA_20091010,FRIENDLY,2009-10-10,NOR,RSA,1,0,,,Friendly,Completed
HIST_BRA_ENG_20091114,FRIENDLY,2009-11-14,BRA,ENG,1,0,,,Friendly,Completed
HIST_MEX_NZL_20100303,FRIENDLY,2010-03-03,MEX,NZL,2,0,,,Friendly,Completed
HIST_ARG_HAI_20100505,FRIENDLY,2010-05-05,ARG,HAI,4,0,,,Friendly,Completed
HIST_URU_FRA_20100611,WC10,2010-06-11,URU,FRA,0,0,,,World Cup Knockout,Completed
HIST_ITA_NZL_20100620,WC10,2010-06-20,ITA,NZL,1,1,,,World Cup Knockout,Completed
HIST_GHA_GER_20100623,WC10,2010-06-23,GHA,GER,0,1,,,World Cup Knockout,Completed
HIST_GER_ESP_20100707,WC10,2010-07-07,GER,ESP,0,1,,,World Cup Knockout,Completed
HIST_KOR_IRN_20100907,FRIENDLY,2010-09-07,KOR,IRN,0,1,,,Friendly,Completed
HIST_GER_TUR_20101008,EURO2010,2010-10-08,GER,TUR,3,0,,,UEFA Euro,Completed
HIST_QAT_HAI_20101118,FRIENDLY,2010-11-18,QAT,HAI,0,1,,,Friendly,Completed
HIST_USA_MEX_20110625,OTHER_HIST,2011-06-25,USA,MEX,2,4,,,Gold Cup,Completed
HIST_ARG_URU_20110716,CA2011,2011-07-16,ARG,URU,1,1,3,4,Copa America,Completed
HIST_NED_SUI_20111111,FRIENDLY,2011-11-11,NED,SUI,0,0,,,Friendly,Completed
HIST_UZB_IRN_20120603,OTHER_HIST,2012-06-03,UZB,IRN,0,1,,,FIFA World Cup qualification,Completed
HIST_MAR_CIV_20120609,OTHER_HIST,2012-06-09,MAR,CIV,2,2,,,FIFA World Cup qualification,Completed
HIST_ESP_KSA_20120907,FRIENDLY,2012-09-07,ESP,KSA,5,0,,,Friendly,Completed
HIST_ARG_URU_20121012,OTHER_HIST,2012-10-12,ARG,URU,3,0,,,FIFA World Cup qualification,Completed
HIST_FRA_JPN_20121012,FRIENDLY,2012-10-12,FRA,JPN,0,1,,,Friendly,Completed
HIST_QAT_UZB_20121016,OTHER_HIST,2012-10-16,QAT,UZB,0,1,,,FIFA World Cup qualification,Completed
HIST_MAR_CPV_20130123,OTHER_HIST,2013-01-23,MAR,CPV,1,1,,,African Cup of Nations,Completed
HIST_BRA_MEX_20130619,OTHER_HIST,2013-06-19,BRA,MEX,2,0,,,Confederations Cup,Completed
HIST_PAN_MEX_20130724,OTHER_HIST,2013-07-24,PAN,MEX,2,1,,,Gold Cup,Completed
HIST_USA_MEX_20130910,OTHER_HIST,2013-09-10,USA,MEX,2,0,,,FIFA World Cup qualification,Completed
HIST_TUR_NED_20131015,OTHER_HIST,2013-10-15,TUR,NED,0,2,,,FIFA World Cup qualification,Completed
HIST_QAT_KSA_20131231,OTHER_HIST,2013-12-31,QAT,KSA,4,1,,,WAFF Championship,Completed
HIST_MEX_KOR_20140129,FRIENDLY,2014-01-29,MEX,KOR,4,0,,,Friendly,Completed
HIST_FRA_NED_20140305,FRIENDLY,2014-03-05,FRA,NED,2,0,,,Friendly,Completed
HIST_FRA_JAM_20140608,FRIENDLY,2014-06-08,FRA,JAM,8,0,,,Friendly,Completed
HIST_ARG_IRN_20140621,WC14,2014-06-21,ARG,IRN,1,0,,,World Cup Knockout,Completed
HIST_AUS_ESP_20140623,WC14,2014-06-23,AUS,ESP,0,3,,,World Cup Knockout,Completed
HIST_CZE_USA_20140903,FRIENDLY,2014-09-03,CZE,USA,0,1,,,Friendly,Completed
HIST_JPN_BRA_20141014,FRIENDLY,2014-10-14,JPN,BRA,0,4,,,Friendly,Completed
HIST_KOR_IRQ_20150126,OTHER_HIST,2015-01-26,KOR,IRQ,2,0,,,AFC Asian Cup,Completed
HIST_RSA_GHA_20150127,OTHER_HIST,2015-01-27,RSA,GHA,1,2,,,African Cup of Nations,Completed
HIST_AUS_KOR_20150131,OTHER_HIST,2015-01-31,AUS,KOR,2,1,,,AFC Asian Cup,Completed
HIST_NED_TUR_20150328,EURO2015,2015-03-28,NED,TUR,1,1,,,UEFA Euro,Completed
HIST_GER_USA_20150610,FRIENDLY,2015-06-10,GER,USA,1,2,,,Friendly,Completed
HIST_MEX_ARG_20150908,FRIENDLY,2015-09-08,MEX,ARG,2,2,,,Friendly,Completed
HIST_EGY_JOR_20160127,FRIENDLY,2016-01-27,EGY,JOR,0,1,,,Friendly,Completed
HIST_ECU_PAR_20160324,OTHER_HIST,2016-03-24,ECU,PAR,2,2,,,FIFA World Cup qualification,Completed
HIST_MEX_CAN_20160329,OTHER_HIST,2016-03-29,MEX,CAN,2,0,,,FIFA World Cup qualification,Completed
HIST_ESP_KOR_20160601,FRIENDLY,2016-06-01,ESP,KOR,6,1,,,Friendly,Completed
HIST_QAT_IRQ_20160808,FRIENDLY,2016-08-08,QAT,IRQ,2,1,,,Friendly,Completed
HIST_RSA_EGY_20160906,FRIENDLY,2016-09-06,RSA,EGY,1,0,,,Friendly,Completed
HIST_MEX_NZL_20161008,FRIENDLY,2016-10-08,MEX,NZL,2,1,,,Friendly,Completed
HIST_BRA_ARG_20161110,OTHER_HIST,2016-11-10,BRA,ARG,3,0,,,FIFA World Cup qualification,Completed
HIST_ECU_COL_20170328,OTHER_HIST,2017-03-28,ECU,COL,0,2,,,FIFA World Cup qualification,Completed
HIST_BEL_CZE_20170605,FRIENDLY,2017-06-05,BEL,CZE,2,1,,,Friendly,Completed
HIST_ESP_COL_20170607,FRIENDLY,2017-06-07,ESP,COL,2,2,,,Friendly,Completed
HIST_QAT_KOR_20170613,OTHER_HIST,2017-06-13,QAT,KOR,3,2,,,FIFA World Cup qualification,Completed
HIST_SUI_PAN_20180327,FRIENDLY,2018-03-27,SUI,PAN,6,0,,,Friendly,Completed
HIST_TUR_IRN_20180528,FRIENDLY,2018-05-28,TUR,IRN,2,1,,,Friendly,Completed
HIST_ARG_HAI_20180529,FRIENDLY,2018-05-29,ARG,HAI,4,0,,,Friendly,Completed
HIST_ALG_CPV_20180601,FRIENDLY,2018-06-01,ALG,CPV,2,3,,,Friendly,Completed
HIST_MEX_SCO_20180602,FRIENDLY,2018-06-02,MEX,SCO,1,0,,,Friendly,Completed
HIST_SWE_KOR_20180618,WC18,2018-06-18,SWE,KOR,1,0,,,World Cup Knockout,Completed
HIST_URU_KSA_20180620,WC18,2018-06-20,URU,KSA,1,0,,,World Cup Knockout,Completed
HIST_ARG_CRO_20180621,WC18,2018-06-21,ARG,CRO,0,3,,,World Cup Knockout,Completed
HIST_SWE_ENG_20180707,WC18,2018-07-07,SWE,ENG,0,2,,,World Cup Knockout,Completed
HIST_SCO_BEL_20180907,FRIENDLY,2018-09-07,SCO,BEL,0,4,,,Friendly,Completed
HIST_BEL_NED_20181016,FRIENDLY,2018-10-16,BEL,NED,1,1,,,Friendly,Completed
HIST_SUI_QAT_20181114,FRIENDLY,2018-11-14,SUI,QAT,0,1,,,Friendly,Completed
HIST_CRO_ESP_20181115,OTHER_HIST,2018-11-15,CRO,ESP,3,2,,,UEFA Nations League,Completed
HIST_GER_NED_20181119,OTHER_HIST,2018-11-19,GER,NED,2,2,,,UEFA Nations League,Completed
HIST_FRA_URU_20181120,FRIENDLY,2018-11-20,FRA,URU,1,0,,,Friendly,Completed
HIST_JPN_COL_20190322,OTHER_HIST,2019-03-22,JPN,COL,0,1,,,Kirin Challenge Cup,Completed
HIST_ALG_TUN_20190326,FRIENDLY,2019-03-26,ALG,TUN,1,0,,,Friendly,Completed
HIST_SUI_ENG_20190609,OTHER_HIST,2019-06-09,SUI,ENG,0,0,3,4,UEFA Nations League,Completed
HIST_POR_NED_20190609,OTHER_HIST,2019-06-09,POR,NED,1,0,,,UEFA Nations League,Completed
HIST_JOR_KSA_20190810,OTHER_HIST,2019-08-10,JOR,KSA,3,0,,,WAFF Championship,Completed
HIST_USA_MEX_20190906,FRIENDLY,2019-09-06,USA,MEX,0,3,,,Friendly,Completed
HIST_CZE_SCO_20200907,OTHER_HIST,2020-09-07,CZE,SCO,1,2,,,UEFA Nations League,Completed
HIST_ITA_NED_20201014,OTHER_HIST,2020-10-14,ITA,NED,1,1,,,UEFA Nations League,Completed
HIST_COL_URU_20201113,OTHER_HIST,2020-11-13,COL,URU,0,3,,,FIFA World Cup qualification,Completed
HIST_USA_PAN_20201116,FRIENDLY,2020-11-16,USA,PAN,6,2,,,Friendly,Completed
HIST_CRO_POR_20201117,OTHER_HIST,2020-11-17,CRO,POR,2,3,,,UEFA Nations League,Completed
HIST_HAI_CAN_20210612,OTHER_HIST,2021-06-12,HAI,CAN,0,1,,,FIFA World Cup qualification,Completed
HIST_CUW_PAN_20210615,OTHER_HIST,2021-06-15,CUW,PAN,0,0,,,FIFA World Cup qualification,Completed
HIST_CRO_ESP_20210628,EURO2021,2021-06-28,CRO,ESP,3,5,,,UEFA Euro,Completed
HIST_URU_COL_20210703,CA2021,2021-07-03,URU,COL,0,0,3,4,Copa America,Completed
HIST_ARG_COL_20210706,CA2021,2021-07-06,ARG,COL,1,1,4,3,Copa America,Completed
HIST_SWE_ESP_20210902,OTHER_HIST,2021-09-02,SWE,ESP,2,1,,,FIFA World Cup qualification,Completed
HIST_COL_BRA_20211010,OTHER_HIST,2021-10-10,COL,BRA,0,0,,,FIFA World Cup qualification,Completed
HIST_ESP_FRA_20211010,OTHER_HIST,2021-10-10,ESP,FRA,1,2,,,UEFA Nations League,Completed
HIST_COL_ECU_20211014,OTHER_HIST,2021-10-14,COL,ECU,0,0,,,FIFA World Cup qualification,Completed
HIST_KSA_JOR_20211201,OTHER_HIST,2021-12-01,KSA,JOR,0,1,,,Arab Cup,Completed
HIST_JPN_PAR_20220602,FRIENDLY,2022-06-02,JPN,PAR,4,1,,,Friendly,Completed
HIST_JPN_BRA_20220606,FRIENDLY,2022-06-06,JPN,BRA,0,1,,,Friendly,Completed
HIST_SUI_POR_20220612,OTHER_HIST,2022-06-12,SUI,POR,1,0,,,UEFA Nations League,Completed
HIST_NED_BEL_20220925,OTHER_HIST,2022-09-25,NED,BEL,1,0,,,UEFA Nations League,Completed
HIST_MEX_IRQ_20221109,FRIENDLY,2022-11-09,MEX,IRQ,4,0,,,Friendly,Completed
HIST_KSA_CRO_20221116,FRIENDLY,2022-11-16,KSA,CRO,0,1,,,Friendly,Completed
HIST_JOR_ESP_20221117,FRIENDLY,2022-11-17,JOR,ESP,1,3,,,Friendly,Completed
HIST_QAT_SEN_20221125,WC22,2022-11-25,QAT,SEN,1,3,,,World Cup Knockout,Completed
HIST_QAT_NED_20221129,WC22,2022-11-29,QAT,NED,0,2,,,World Cup Knockout,Completed
HIST_KOR_POR_20221202,WC22,2022-12-02,KOR,POR,2,1,,,World Cup Knockout,Completed
HIST_JPN_CRO_20221205,WC22,2022-12-05,JPN,CRO,1,1,3,4,World Cup Knockout,Completed
HIST_USA_MEX_20230419,FRIENDLY,2023-04-19,USA,MEX,1,1,,,Friendly,Completed
HIST_NED_CRO_20230614,OTHER_HIST,2023-06-14,NED,CRO,2,4,,,UEFA Nations League,Completed
HIST_JAM_QAT_20230615,FRIENDLY,2023-06-15,JAM,QAT,1,2,,,Friendly,Completed
HIST_BEL_AUT_20230617,EURO2023,2023-06-17,BEL,AUT,1,1,,,UEFA Euro,Completed
HIST_UZB_IRN_20230620,OTHER_HIST,2023-06-20,UZB,IRN,0,1,,,CAFA Nations Cup,Completed
HIST_GER_JPN_20230909,FRIENDLY,2023-09-09,GER,JPN,1,4,,,Friendly,Completed
HIST_MEX_GHA_20231014,FRIENDLY,2023-10-14,MEX,GHA,2,0,,,Friendly,Completed
HIST_EGY_NZL_20240322,OTHER_HIST,2024-03-22,EGY,NZL,1,0,,,FIFA Series,Completed
HIST_JAM_PAN_20240324,OTHER_HIST,2024-03-24,JAM,PAN,1,0,,,CONCACAF Nations League,Completed
HIST_USA_MEX_20240324,OTHER_HIST,2024-03-24,USA,MEX,2,0,,,CONCACAF Nations League,Completed
HIST_MEX_BRA_20240608,FRIENDLY,2024-06-08,MEX,BRA,2,3,,,Friendly,Completed
HIST_TUR_POR_20240622,EURO2024,2024-06-22,TUR,POR,0,3,,,UEFA Euro,Completed
HIST_URU_PAN_20240623,CA2024,2024-06-23,URU,PAN,3,1,,,Copa America,Completed
HIST_ENG_SUI_20240706,EURO2024,2024-07-06,ENG,SUI,1,1,4,3,UEFA Euro,Completed
HIST_NOR_AUT_20240909,OTHER_HIST,2024-09-09,NOR,AUT,2,1,,,UEFA Nations League,Completed
HIST_JOR_KOR_20241010,OTHER_HIST,2024-10-10,JOR,KOR,0,2,,,FIFA World Cup qualification,Completed
HIST_CRO_SCO_20241012,OTHER_HIST,2024-10-12,CRO,SCO,2,1,,,UEFA Nations League,Completed
HIST_KOR_IRQ_20241015,OTHER_HIST,2024-10-15,KOR,IRQ,3,2,,,FIFA World Cup qualification,Completed
HIST_CAN_MEX_20250320,OTHER_HIST,2025-03-20,CAN,MEX,0,2,,,CONCACAF Nations League,Completed
HIST_URU_ARG_20250321,OTHER_HIST,2025-03-21,URU,ARG,0,1,,,FIFA World Cup qualification,Completed
HIST_QAT_IRN_20250605,OTHER_HIST,2025-06-05,QAT,IRN,1,0,,,FIFA World Cup qualification,Completed
HIST_MEX_KSA_20250628,OTHER_HIST,2025-06-28,MEX,KSA,2,0,,,Gold Cup,Completed
HIST_TUR_ESP_20250907,OTHER_HIST,2025-09-07,TUR,ESP,0,6,,,FIFA World Cup qualification,Completed
HIST_KOR_BRA_20251010,FRIENDLY,2025-10-10,KOR,BRA,0,5,,,Friendly,Completed
HIST_UZB_URU_20251013,FRIENDLY,2025-10-13,UZB,URU,1,2,,,Friendly,Completed
HIST_NOR_NZL_20251014,FRIENDLY,2025-10-14,NOR,NZL,1,1,,,Friendly,Completed
HIST_AUS_CUW_20260331,OTHER_HIST,2026-03-31,AUS,CUW,5,1,,,FIFA Series,Completed
HIST_AUT_TUN_20260601,FRIENDLY,2026-06-01,AUT,TUN,1,0,,,Friendly,Completed
HIST_GHA_RSA_20000206,OTHER_HIST,2000-02-06,GHA,RSA,0,1,,,African Cup of Nations,Completed
HIST_USA_COL_20000219,OTHER_HIST,2000-02-19,USA,COL,2,2,3,4,Gold Cup,Completed
HIST_ITA_SWE_20000223,FRIENDLY,2000-02-23,ITA,SWE,1,0,,,Friendly,Completed
HIST_NED_SCO_20000426,FRIENDLY,2000-04-26,NED,SCO,0,0,,,Friendly,Completed
HIST_GER_CZE_20000603,FRIENDLY,2000-06-03,GER,CZE,3,2,,,Friendly,Completed
HIST_TUN_SEN_20000611,FRIENDLY,2000-06-11,TUN,SEN,4,1,,,Friendly,Completed
HIST_ALG_SEN_20000616,OTHER_HIST,2000-06-16,ALG,SEN,1,1,,,FIFA World Cup qualification,Completed
HIST_FRA_ITA_20000702,EURO2000,2000-07-02,FRA,ITA,2,1,,,UEFA Euro,Completed
HIST_QAT_IRN_20000927,FRIENDLY,2000-09-27,QAT,IRN,1,2,,,Friendly,Completed
HIST_ITA_ENG_20001115,FRIENDLY,2000-11-15,ITA,ENG,1,0,,,Friendly,Completed
HIST_TUR_FRA_20001115,FRIENDLY,2000-11-15,TUR,FRA,0,4,,,Friendly,Completed
HIST_KOR_PAR_20010127,OTHER_HIST,2001-01-27,KOR,PAR,1,1,4,3,Lunar New Year Cup,Completed
HIST_NED_TUR_20010228,FRIENDLY,2001-02-28,NED,TUR,0,0,,,Friendly,Completed
HIST_SCO_CRO_20010901,OTHER_HIST,2001-09-01,SCO,CRO,0,0,,,FIFA World Cup qualification,Completed
HIST_JAM_MEX_20010902,OTHER_HIST,2001-09-02,JAM,MEX,1,2,,,FIFA World Cup qualification,Completed
HIST_TUR_SWE_20010905,OTHER_HIST,2001-09-05,TUR,SWE,1,2,,,FIFA World Cup qualification,Completed
HIST_ECU_URU_20011107,OTHER_HIST,2001-11-07,ECU,URU,1,1,,,FIFA World Cup qualification,Completed
HIST_BEL_CZE_20011110,OTHER_HIST,2001-11-10,BEL,CZE,1,0,,,FIFA World Cup qualification,Completed
HIST_AUS_FRA_20011111,FRIENDLY,2001-11-11,AUS,FRA,1,1,,,Friendly,Completed
HIST_RSA_MAR_20020130,OTHER_HIST,2002-01-30,RSA,MAR,3,1,,,African Cup of Nations,Completed
HIST_GER_AUT_20020518,FRIENDLY,2002-05-18,GER,AUT,6,2,,,Friendly,Completed
HIST_KOR_USA_20020610,WC02,2002-06-10,KOR,USA,1,1,,,World Cup Knockout,Completed
HIST_GER_PAR_20020615,WC02,2002-06-15,GER,PAR,1,0,,,World Cup Knockout,Completed
HIST_JPN_TUR_20020618,WC02,2002-06-18,JPN,TUR,0,1,,,World Cup Knockout,Completed
HIST_ESP_GER_20030212,FRIENDLY,2003-02-12,ESP,GER,3,1,,,Friendly,Completed
HIST_SWE_CRO_20030430,FRIENDLY,2003-04-30,SWE,CRO,1,2,,,Friendly,Completed
HIST_POR_PAR_20030606,FRIENDLY,2003-06-06,POR,PAR,0,0,,,Friendly,Completed
HIST_COL_ECU_20030608,FRIENDLY,2003-06-08,COL,ECU,0,0,,,Friendly,Completed
HIST_KOR_ARG_20030611,FRIENDLY,2003-06-11,KOR,ARG,0,1,,,Friendly,Completed
HIST_FRA_COL_20030618,OTHER_HIST,2003-06-18,FRA,COL,1,0,,,Confederations Cup,Completed
HIST_NOR_SCO_20030820,FRIENDLY,2003-08-20,NOR,SCO,0,0,,,Friendly,Completed
HIST_BRA_URU_20031119,OTHER_HIST,2003-11-19,BRA,URU,3,3,,,FIFA World Cup qualification,Completed
HIST_KSA_QAT_20031229,OTHER_HIST,2003-12-29,KSA,QAT,0,0,,,Gulf Cup,Completed
HIST_ALG_EGY_20040129,OTHER_HIST,2004-01-29,ALG,EGY,2,1,,,African Cup of Nations,Completed
HIST_JPN_IRQ_20040212,FRIENDLY,2004-02-12,JPN,IRQ,2,0,,,Friendly,Completed
HIST_UZB_IRQ_20040218,OTHER_HIST,2004-02-18,UZB,IRQ,1,1,,,FIFA World Cup qualification,Completed
HIST_POR_ESP_20040620,EURO2004,2004-06-20,POR,ESP,1,0,,,UEFA Euro,Completed
HIST_SUI_FRA_20040621,EURO2004,2004-06-21,SUI,FRA,1,3,,,UEFA Euro,Completed
HIST_KSA_IRQ_20040726,OTHER_HIST,2004-07-26,KSA,IRQ,1,2,,,AFC Asian Cup,Completed
HIST_AUT_GER_20040818,FRIENDLY,2004-08-18,AUT,GER,1,3,,,Friendly,Completed
HIST_HAI_BRA_20040818,FRIENDLY,2004-08-18,HAI,BRA,0,6,,,Friendly,Completed
HIST_JAM_HAI_20041128,OTHER_HIST,2004-11-28,JAM,HAI,3,1,,,CFU Caribbean Cup qualification,Completed
HIST_JPN_GER_20041216,FRIENDLY,2004-12-16,JPN,GER,0,3,,,Friendly,Completed
HIST_ECU_PAN_20050129,FRIENDLY,2005-01-29,ECU,PAN,2,0,,,Friendly,Completed
HIST_ARG_TUN_20050615,OTHER_HIST,2005-06-15,ARG,TUN,2,1,,,Confederations Cup,Completed
HIST_USA_JAM_20050716,OTHER_HIST,2005-07-16,USA,JAM,3,1,,,Gold Cup,Completed
HIST_FRA_CIV_20050817,FRIENDLY,2005-08-17,FRA,CIV,3,0,,,Friendly,Completed
HIST_CPV_GHA_20051008,OTHER_HIST,2005-10-08,CPV,GHA,0,4,,,FIFA World Cup qualification,Completed
HIST_POR_CRO_20051112,FRIENDLY,2005-11-12,POR,CRO,2,0,,,Friendly,Completed
HIST_TUR_SUI_20051116,OTHER_HIST,2005-11-16,TUR,SUI,4,2,,,FIFA World Cup qualification,Completed
HIST_IRQ_KSA_20051208,FRIENDLY,2005-12-08,IRQ,KSA,2,0,,,Friendly,Completed
HIST_EGY_CIV_20060210,OTHER_HIST,2006-02-10,EGY,CIV,0,0,4,3,African Cup of Nations,Completed
HIST_CZE_KSA_20060526,FRIENDLY,2006-05-26,CZE,KSA,2,0,,,Friendly,Completed
HIST_KSA_TUR_20060531,FRIENDLY,2006-05-31,KSA,TUR,0,1,,,Friendly,Completed
HIST_SUI_ITA_20060531,FRIENDLY,2006-05-31,SUI,ITA,1,1,,,Friendly,Completed
HIST_GER_ITA_20060704,WC06,2006-07-04,GER,ITA,0,2,,,World Cup Knockout,Completed
HIST_ITA_CRO_20060816,FRIENDLY,2006-08-16,ITA,CRO,0,2,,,Friendly,Completed
HIST_AUS_PAR_20061007,FRIENDLY,2006-10-07,AUS,PAR,1,1,,,Friendly,Completed
HIST_NED_ENG_20061115,FRIENDLY,2006-11-15,NED,ENG,1,1,,,Friendly,Completed
HIST_ENG_ESP_20070207,FRIENDLY,2007-02-07,ENG,ESP,0,1,,,Friendly,Completed
HIST_FRA_ARG_20070207,FRIENDLY,2007-02-07,FRA,ARG,0,1,,,Friendly,Completed
HIST_USA_ECU_20070325,FRIENDLY,2007-03-25,USA,ECU,3,1,,,Friendly,Completed
HIST_CPV_ALG_20070602,OTHER_HIST,2007-06-02,CPV,ALG,2,2,,,African Cup of Nations qualification,Completed
HIST_ARG_USA_20070628,CA2007,2007-06-28,ARG,USA,4,1,,,Copa America,Completed
HIST_ARG_PAR_20070705,CA2007,2007-07-05,ARG,PAR,1,0,,,Copa America,Completed
HIST_KOR_KSA_20070711,OTHER_HIST,2007-07-11,KOR,KSA,1,1,,,AFC Asian Cup,Completed
HIST_ENG_GER_20070822,FRIENDLY,2007-08-22,ENG,GER,1,2,,,Friendly,Completed
HIST_MEX_COL_20070822,FRIENDLY,2007-08-22,MEX,COL,0,1,,,Friendly,Completed
HIST_SUI_AUT_20071013,FRIENDLY,2007-10-13,SUI,AUT,3,1,,,Friendly,Completed
HIST_GER_CZE_20071017,EURO2007,2007-10-17,GER,CZE,0,3,,,UEFA Euro,Completed
HIST_ENG_CRO_20071121,EURO2007,2007-11-21,ENG,CRO,2,3,,,UEFA Euro,Completed
HIST_TUN_RSA_20080127,OTHER_HIST,2008-01-27,TUN,RSA,3,1,,,African Cup of Nations,Completed
HIST_ITA_POR_20080206,FRIENDLY,2008-02-06,ITA,POR,3,1,,,Friendly,Completed
HIST_CIV_EGY_20080207,OTHER_HIST,2008-02-07,CIV,EGY,1,4,,,African Cup of Nations,Completed
HIST_RSA_PAR_20080326,FRIENDLY,2008-03-26,RSA,PAR,3,0,,,Friendly,Completed
HIST_ENG_USA_20080528,FRIENDLY,2008-05-28,ENG,USA,2,0,,,Friendly,Completed
HIST_ARG_ECU_20080615,OTHER_HIST,2008-06-15,ARG,ECU,1,1,,,FIFA World Cup qualification,Completed
HIST_TUR_BEL_20080910,OTHER_HIST,2008-09-10,TUR,BEL,1,1,,,FIFA World Cup qualification,Completed
HIST_BRA_COL_20081015,OTHER_HIST,2008-10-15,BRA,COL,0,0,,,FIFA World Cup qualification,Completed
HIST_AUT_TUR_20081119,FRIENDLY,2008-11-19,AUT,TUR,2,4,,,Friendly,Completed
HIST_TUR_CIV_20090211,FRIENDLY,2009-02-11,TUR,CIV,1,1,,,Friendly,Completed
HIST_RSA_NOR_20090328,FRIENDLY,2009-03-28,RSA,NOR,2,1,,,Friendly,Completed
HIST_POR_RSA_20090331,FRIENDLY,2009-03-31,POR,RSA,2,0,,,Friendly,Completed
HIST_KOR_PAR_20090812,FRIENDLY,2009-08-12,KOR,PAR,1,0,,,Friendly,Completed
HIST_JOR_NZL_20090909,FRIENDLY,2009-09-09,JOR,NZL,1,3,,,Friendly,Completed
HIST_IRN_JOR_20091114,OTHER_HIST,2009-11-14,IRN,JOR,1,0,,,AFC Asian Cup qualification,Completed
HIST_ESP_ARG_20091114,FRIENDLY,2009-11-14,ESP,ARG,2,1,,,Friendly,Completed
HIST_CIV_GHA_20100115,OTHER_HIST,2010-01-15,CIV,GHA,3,1,,,African Cup of Nations,Completed
HIST_ARG_JAM_20100210,FRIENDLY,2010-02-10,ARG,JAM,2,1,,,Friendly,Completed
HIST_ESP_KOR_20100603,FRIENDLY,2010-06-03,ESP,KOR,1,0,,,Friendly,Completed
HIST_CIV_POR_20100615,WC10,2010-06-15,CIV,POR,0,0,,,World Cup Knockout,Completed
HIST_PAR_ESP_20100703,WC10,2010-07-03,PAR,ESP,0,1,,,World Cup Knockout,Completed
HIST_URU_NED_20100706,WC10,2010-07-06,URU,NED,2,3,,,World Cup Knockout,Completed
HIST_SWE_SCO_20100811,FRIENDLY,2010-08-11,SWE,SCO,3,0,,,Friendly,Completed
HIST_BEL_GER_20100903,EURO2010,2010-09-03,BEL,GER,0,1,,,UEFA Euro,Completed
HIST_JOR_IRQ_20100916,FRIENDLY,2010-09-16,JOR,IRQ,4,1,,,Friendly,Completed
HIST_JPN_ARG_20101008,FRIENDLY,2010-10-08,JPN,ARG,1,0,,,Friendly,Completed
HIST_NED_SWE_20101012,EURO2010,2010-10-12,NED,SWE,4,1,,,UEFA Euro,Completed
HIST_NZL_PAR_20101012,FRIENDLY,2010-10-12,NZL,PAR,0,2,,,Friendly,Completed
HIST_KSA_IRQ_20101228,FRIENDLY,2010-12-28,KSA,IRQ,0,1,,,Friendly,Completed
HIST_QAT_UZB_20110107,OTHER_HIST,2011-01-07,QAT,UZB,0,2,,,AFC Asian Cup,Completed
HIST_FRA_BRA_20110209,FRIENDLY,2011-02-09,FRA,BRA,1,0,,,Friendly,Completed
HIST_GER_ITA_20110209,FRIENDLY,2011-02-09,GER,ITA,1,1,,,Friendly,Completed
HIST_MEX_PAR_20110326,FRIENDLY,2011-03-26,MEX,PAR,3,1,,,Friendly,Completed
HIST_ARG_ECU_20110420,FRIENDLY,2011-04-20,ARG,ECU,2,2,,,Friendly,Completed
HIST_AUT_GER_20110603,EURO2011,2011-06-03,AUT,GER,1,2,,,UEFA Euro,Completed
HIST_JPN_CZE_20110607,OTHER_HIST,2011-06-07,JPN,CZE,0,0,,,Kirin Cup,Completed
HIST_JOR_IRQ_20110716,FRIENDLY,2011-07-16,JOR,IRQ,1,1,,,Friendly,Completed
HIST_BEL_USA_20110906,FRIENDLY,2011-09-06,BEL,USA,1,0,,,Friendly,Completed
HIST_ENG_SWE_20111115,FRIENDLY,2011-11-15,ENG,SWE,1,0,,,Friendly,Completed
HIST_GHA_TUN_20120205,OTHER_HIST,2012-02-05,GHA,TUN,2,1,,,African Cup of Nations,Completed
HIST_AUS_KSA_20120229,OTHER_HIST,2012-02-29,AUS,KSA,4,2,,,FIFA World Cup qualification,Completed
HIST_ENG_NED_20120229,FRIENDLY,2012-02-29,ENG,NED,2,3,,,Friendly,Completed
HIST_SWE_FRA_20120619,EURO2012,2012-06-19,SWE,FRA,2,0,,,UEFA Euro,Completed
HIST_SEN_CIV_20121013,OTHER_HIST,2012-10-13,SEN,CIV,0,2,,,African Cup of Nations qualification,Completed
HIST_CIV_TUN_20130126,OTHER_HIST,2013-01-26,CIV,TUN,3,0,,,African Cup of Nations,Completed
HIST_HAI_ESP_20130608,FRIENDLY,2013-06-08,HAI,ESP,1,2,,,Friendly,Completed
HIST_IRQ_JPN_20130611,OTHER_HIST,2013-06-11,IRQ,JPN,0,1,,,FIFA World Cup qualification,Completed
HIST_ESP_URU_20130616,OTHER_HIST,2013-06-16,ESP,URU,2,1,,,Confederations Cup,Completed
HIST_PAN_CAN_20130714,OTHER_HIST,2013-07-14,PAN,CAN,0,0,,,Gold Cup,Completed
HIST_ENG_SCO_20130814,FRIENDLY,2013-08-14,ENG,SCO,3,2,,,Friendly,Completed
HIST_MEX_CIV_20130814,FRIENDLY,2013-08-14,MEX,CIV,4,1,,,Friendly,Completed
HIST_KOR_HAI_20130906,FRIENDLY,2013-09-06,KOR,HAI,4,1,,,Friendly,Completed
HIST_MEX_NZL_20131113,OTHER_HIST,2013-11-13,MEX,NZL,5,1,,,FIFA World Cup qualification,Completed
HIST_NOR_SCO_20131119,FRIENDLY,2013-11-19,NOR,SCO,0,1,,,Friendly,Completed
HIST_AUT_URU_20140305,FRIENDLY,2014-03-05,AUT,URU,1,1,,,Friendly,Completed
HIST_ESP_ITA_20140305,FRIENDLY,2014-03-05,ESP,ITA,1,0,,,Friendly,Completed
HIST_SUI_FRA_20140620,WC14,2014-06-20,SUI,FRA,2,5,,,World Cup Knockout,Completed
HIST_BRA_NED_20140712,WC14,2014-07-12,BRA,NED,0,3,,,World Cup Knockout,Completed
HIST_GER_ARG_20140903,FRIENDLY,2014-09-03,GER,ARG,2,4,,,Friendly,Completed
HIST_ITA_NED_20140904,FRIENDLY,2014-09-04,ITA,NED,2,0,,,Friendly,Completed
HIST_JPN_URU_20140905,OTHER_HIST,2014-09-05,JPN,URU,0,2,,,Kirin Challenge Cup,Completed
HIST_SUI_ENG_20140908,EURO2014,2014-09-08,SUI,ENG,0,2,,,UEFA Euro,Completed
HIST_TUR_CZE_20141010,EURO2014,2014-10-10,TUR,CZE,1,2,,,UEFA Euro,Completed
HIST_KSA_QAT_20141113,OTHER_HIST,2014-11-13,KSA,QAT,1,1,,,Gulf Cup,Completed
HIST_JPN_JOR_20150120,OTHER_HIST,2015-01-20,JPN,JOR,2,0,,,AFC Asian Cup,Completed
HIST_JPN_TUN_20150327,OTHER_HIST,2015-03-27,JPN,TUN,2,0,,,Kirin Challenge Cup,Completed
HIST_ITA_ENG_20150331,FRIENDLY,2015-03-31,ITA,ENG,1,1,,,Friendly,Completed
HIST_PAN_HAI_20150707,OTHER_HIST,2015-07-07,PAN,HAI,1,1,,,Gold Cup,Completed
HIST_USA_HAI_20150710,OTHER_HIST,2015-07-10,USA,HAI,1,0,,,Gold Cup,Completed
HIST_USA_PAN_20150725,OTHER_HIST,2015-07-25,USA,PAN,1,1,3,4,Gold Cup,Completed
HIST_ALG_SEN_20151013,FRIENDLY,2015-10-13,ALG,SEN,1,0,,,Friendly,Completed
HIST_AUT_TUR_20160329,FRIENDLY,2016-03-29,AUT,TUR,1,2,,,Friendly,Completed
HIST_SUI_POR_20160906,OTHER_HIST,2016-09-06,SUI,POR,2,0,,,FIFA World Cup qualification,Completed
HIST_MAR_CAN_20161011,FRIENDLY,2016-10-11,MAR,CAN,4,0,,,Friendly,Completed
HIST_CIV_SWE_20170108,FRIENDLY,2017-01-08,CIV,SWE,2,1,,,Friendly,Completed
HIST_CAN_CUW_20170613,FRIENDLY,2017-06-13,CAN,CUW,2,1,,,Friendly,Completed
HIST_NOR_SWE_20170613,FRIENDLY,2017-06-13,NOR,SWE,1,1,,,Friendly,Completed
HIST_USA_PAN_20170708,OTHER_HIST,2017-07-08,USA,PAN,1,1,,,Gold Cup,Completed
HIST_KOR_IRN_20170831,OTHER_HIST,2017-08-31,KOR,IRN,0,0,,,FIFA World Cup qualification,Completed
HIST_CZE_GER_20170901,OTHER_HIST,2017-09-01,CZE,GER,1,2,,,FIFA World Cup qualification,Completed
HIST_KOR_COL_20171110,FRIENDLY,2017-11-10,KOR,COL,2,1,,,Friendly,Completed
HIST_URU_CZE_20180323,FRIENDLY,2018-03-23,URU,CZE,2,0,,,Friendly,Completed
HIST_CAN_NZL_20180324,FRIENDLY,2018-03-24,CAN,NZL,1,0,,,Friendly,Completed
HIST_GER_BRA_20180327,FRIENDLY,2018-03-27,GER,BRA,0,1,,,Friendly,Completed
HIST_ITA_NED_20180604,FRIENDLY,2018-06-04,ITA,NED,1,1,,,Friendly,Completed
HIST_SUI_JPN_20180608,FRIENDLY,2018-06-08,SUI,JPN,2,0,,,Friendly,Completed
HIST_TUN_ENG_20180618,WC18,2018-06-18,TUN,ENG,1,2,,,World Cup Knockout,Completed
HIST_COL_ENG_20180703,WC18,2018-07-03,COL,ENG,1,1,3,4,World Cup Knockout,Completed
HIST_ESP_CRO_20180911,OTHER_HIST,2018-09-11,ESP,CRO,6,0,,,UEFA Nations League,Completed
HIST_ENG_SUI_20180911,FRIENDLY,2018-09-11,ENG,SUI,1,0,,,Friendly,Completed
HIST_KOR_PAN_20181016,FRIENDLY,2018-10-16,KOR,PAN,2,2,,,Friendly,Completed
HIST_SUI_BEL_20181118,OTHER_HIST,2018-11-18,SUI,BEL,5,2,,,UEFA Nations League,Completed
HIST_JPN_QAT_20190201,OTHER_HIST,2019-02-01,JPN,QAT,1,3,,,AFC Asian Cup,Completed
HIST_SEN_ALG_20190627,OTHER_HIST,2019-06-27,SEN,ALG,0,1,,,African Cup of Nations,Completed
HIST_IRQ_UZB_20190909,FRIENDLY,2019-09-09,IRQ,UZB,0,0,,,Friendly,Completed
HIST_ECU_ARG_20191013,FRIENDLY,2019-10-13,ECU,ARG,1,6,,,Friendly,Completed
HIST_SWE_ESP_20191015,EURO2019,2019-10-15,SWE,ESP,1,1,,,UEFA Euro,Completed
HIST_IRQ_IRN_20191114,OTHER_HIST,2019-11-14,IRQ,IRN,2,1,,,FIFA World Cup qualification,Completed
HIST_SUI_CRO_20201007,FRIENDLY,2020-10-07,SUI,CRO,1,2,,,Friendly,Completed
HIST_FRA_POR_20201011,OTHER_HIST,2020-10-11,FRA,POR,0,0,,,UEFA Nations League,Completed
HIST_POR_SWE_20201014,OTHER_HIST,2020-10-14,POR,SWE,3,0,,,UEFA Nations League,Completed
HIST_CZE_BEL_20210327,OTHER_HIST,2021-03-27,CZE,BEL,1,1,,,FIFA World Cup qualification,Completed
HIST_TUN_ALG_20210611,FRIENDLY,2021-06-11,TUN,ALG,0,2,,,Friendly,Completed
HIST_FRA_SUI_20210628,EURO2021,2021-06-28,FRA,SUI,3,3,3,4,UEFA Euro,Completed
HIST_ARG_BRA_20211116,OTHER_HIST,2021-11-16,ARG,BRA,0,0,,,FIFA World Cup qualification,Completed
HIST_MAR_KSA_20211207,OTHER_HIST,2021-12-07,MAR,KSA,1,0,,,Arab Cup,Completed
HIST_ALG_GHA_20220105,FRIENDLY,2022-01-05,ALG,GHA,3,0,,,Friendly,Completed
HIST_AUS_JPN_20220324,OTHER_HIST,2022-03-24,AUS,JPN,0,2,,,FIFA World Cup qualification,Completed
HIST_ENG_SUI_20220326,FRIENDLY,2022-03-26,ENG,SUI,2,1,,,Friendly,Completed
HIST_ESP_POR_20220602,OTHER_HIST,2022-06-02,ESP,POR,1,1,,,UEFA Nations League,Completed
HIST_MEX_URU_20220602,FRIENDLY,2022-06-02,MEX,URU,0,3,,,Friendly,Completed
HIST_BEL_NED_20220603,OTHER_HIST,2022-06-03,BEL,NED,1,4,,,UEFA Nations League,Completed
HIST_GER_ENG_20220607,OTHER_HIST,2022-06-07,GER,ENG,1,1,,,UEFA Nations League,Completed
HIST_KSA_ECU_20220923,FRIENDLY,2022-09-23,KSA,ECU,0,0,,,Friendly,Completed
HIST_ESP_SUI_20220924,OTHER_HIST,2022-09-24,ESP,SUI,1,2,,,UEFA Nations League,Completed
HIST_AUT_CRO_20220925,OTHER_HIST,2022-09-25,AUT,CRO,1,3,,,UEFA Nations League,Completed
HIST_ECU_JPN_20220927,OTHER_HIST,2022-09-27,ECU,JPN,0,0,,,Kirin Challenge Cup,Completed
HIST_IRN_TUN_20221116,FRIENDLY,2022-11-16,IRN,TUN,0,2,,,Friendly,Completed
HIST_MEX_SWE_20221116,FRIENDLY,2022-11-16,MEX,SWE,1,2,,,Friendly,Completed
HIST_QAT_ECU_20221120,WC22,2022-11-20,QAT,ECU,0,2,,,World Cup Knockout,Completed
HIST_NED_ECU_20221125,WC22,2022-11-25,NED,ECU,1,1,,,World Cup Knockout,Completed
HIST_ECU_SEN_20221129,WC22,2022-11-29,ECU,SEN,1,2,,,World Cup Knockout,Completed
HIST_CAN_MAR_20221201,WC22,2022-12-01,CAN,MAR,1,2,,,World Cup Knockout,Completed
HIST_MAR_POR_20221210,WC22,2022-12-10,MAR,POR,1,0,,,World Cup Knockout,Completed
HIST_KOR_URU_20230328,FRIENDLY,2023-03-28,KOR,URU,1,2,,,Friendly,Completed
HIST_TUR_CRO_20230328,EURO2023,2023-03-28,TUR,CRO,0,2,,,UEFA Euro,Completed
HIST_AUT_SWE_20230620,EURO2023,2023-06-20,AUT,SWE,2,0,,,UEFA Euro,Completed
HIST_USA_PAN_20230712,OTHER_HIST,2023-07-12,USA,PAN,1,1,3,4,Gold Cup,Completed
HIST_MEX_PAN_20230716,OTHER_HIST,2023-07-16,MEX,PAN,1,0,,,Gold Cup,Completed
HIST_ARG_PAR_20231012,OTHER_HIST,2023-10-12,ARG,PAR,1,0,,,FIFA World Cup qualification,Completed
HIST_USA_GER_20231014,FRIENDLY,2023-10-14,USA,GER,1,3,,,Friendly,Completed
HIST_URU_BRA_20231017,OTHER_HIST,2023-10-17,URU,BRA,2,0,,,FIFA World Cup qualification,Completed
HIST_IRQ_KOR_20240106,FRIENDLY,2024-01-06,IRQ,KOR,0,1,,,Friendly,Completed
HIST_CPV_RSA_20240203,OTHER_HIST,2024-02-03,CPV,RSA,0,0,3,4,African Cup of Nations,Completed
HIST_AUT_TUR_20240326,FRIENDLY,2024-03-26,AUT,TUR,6,1,,,Friendly,Completed
HIST_ENG_BEL_20240326,FRIENDLY,2024-03-26,ENG,BEL,2,2,,,Friendly,Completed
HIST_ESP_CRO_20240615,EURO2024,2024-06-15,ESP,CRO,3,0,,,UEFA Euro,Completed
HIST_AUT_NOR_20241013,OTHER_HIST,2024-10-13,AUT,NOR,5,1,,,UEFA Nations League,Completed
HIST_IRQ_JOR_20241114,OTHER_HIST,2024-11-14,IRQ,JOR,0,0,,,FIFA World Cup qualification,Completed
HIST_USA_TUR_20250607,FRIENDLY,2025-06-07,USA,TUR,1,2,,,Friendly,Completed
HIST_MEX_COL_20251011,FRIENDLY,2025-10-11,MEX,COL,0,4,,,Friendly,Completed
HIST_BRA_SEN_20251115,FRIENDLY,2025-11-15,BRA,SEN,2,0,,,Friendly,Completed
HIST_USA_PAR_20251115,FRIENDLY,2025-11-15,USA,PAR,2,1,,,Friendly,Completed
HIST_COL_CRO_20260326,FRIENDLY,2026-03-26,COL,CRO,1,2,,,Friendly,Completed
HIST_MEX_BEL_20260331,FRIENDLY,2026-03-31,MEX,BEL,1,1,,,Friendly,Completed
HIST_HAI_NZL_20260602,FRIENDLY,2026-06-02,HAI,NZL,4,0,,,Friendly,Completed
HIST_BRA_EGY_20260606,FRIENDLY,2026-06-06,BRA,EGY,2,1,,,Friendly,Completed
HIST_JAM_RSA_20260606,FRIENDLY,2026-06-06,JAM,RSA,0,1,,,Friendly,Completed
HIST_CZE_AUS_20000329,FRIENDLY,2000-03-29,CZE,AUS,3,1,,,Friendly,Completed
HIST_SUI_NOR_20000329,FRIENDLY,2000-03-29,SUI,NOR,2,2,,,Friendly,Completed
HIST_AUT_CRO_20000426,FRIENDLY,2000-04-26,AUT,CRO,1,2,,,Friendly,Completed
HIST_NOR_BEL_20000426,FRIENDLY,2000-04-26,NOR,BEL,0,2,,,Friendly,Completed
HIST_POR_ENG_20000612,EURO2000,2000-06-12,POR,ENG,3,2,,,UEFA Euro,Completed
HIST_AUS_NZL_20000628,OTHER_HIST,2000-06-28,AUS,NZL,2,0,,,Oceania Nations Cup,Completed
HIST_AUS_KOR_20001007,OTHER_HIST,2000-10-07,AUS,KOR,2,4,,,United Arab Emirates Friendship Tournament,Completed
HIST_SWE_TUR_20001007,OTHER_HIST,2000-10-07,SWE,TUR,1,1,,,FIFA World Cup qualification,Completed
HIST_CAN_PAN_20001009,OTHER_HIST,2000-10-09,CAN,PAN,1,0,,,FIFA World Cup qualification,Completed
HIST_IRN_KOR_20001023,OTHER_HIST,2000-10-23,IRN,KOR,1,2,,,AFC Asian Cup,Completed
HIST_JPN_KOR_20001220,FRIENDLY,2000-12-20,JPN,KOR,1,1,,,Friendly,Completed
HIST_ENG_ESP_20010228,FRIENDLY,2001-02-28,ENG,ESP,3,0,,,Friendly,Completed
HIST_MAR_TUN_20010324,OTHER_HIST,2001-03-24,MAR,TUN,2,0,,,African Cup of Nations qualification,Completed
HIST_EGY_KOR_20010426,FRIENDLY,2001-04-26,EGY,KOR,1,2,,,Friendly,Completed
HIST_EGY_SEN_20010506,OTHER_HIST,2001-05-06,EGY,SEN,1,0,,,FIFA World Cup qualification,Completed
HIST_ENG_MEX_20010525,FRIENDLY,2001-05-25,ENG,MEX,4,0,,,Friendly,Completed
HIST_JPN_PAR_20010701,OTHER_HIST,2001-07-01,JPN,PAR,2,0,,,Kirin Cup,Completed
HIST_IRN_KSA_20010824,OTHER_HIST,2001-08-24,IRN,KSA,2,0,,,FIFA World Cup qualification,Completed
HIST_RSA_EGY_20011110,FRIENDLY,2001-11-10,RSA,EGY,1,0,,,Friendly,Completed
HIST_ESP_MEX_20011114,FRIENDLY,2001-11-14,ESP,MEX,1,0,,,Friendly,Completed
HIST_TUR_ECU_20020212,FRIENDLY,2002-02-12,TUR,ECU,0,1,,,Friendly,Completed
HIST_TUN_NOR_20020327,FRIENDLY,2002-03-27,TUN,NOR,0,0,,,Friendly,Completed
HIST_FRA_SEN_20020531,WC02,2002-05-31,FRA,SEN,0,1,,,World Cup Knockout,Completed
HIST_PAR_RSA_20020602,WC02,2002-06-02,PAR,RSA,2,2,,,World Cup Knockout,Completed
HIST_JOR_IRQ_20020907,OTHER_HIST,2002-09-07,JOR,IRQ,2,3,,,WAFF Championship,Completed
HIST_ENG_AUS_20030212,FRIENDLY,2003-02-12,ENG,AUS,1,3,,,Friendly,Completed
HIST_JAM_HAI_20030330,OTHER_HIST,2003-03-30,JAM,HAI,3,0,,,Gold Cup qualification,Completed
HIST_CZE_TUR_20030430,FRIENDLY,2003-04-30,CZE,TUR,4,0,,,Friendly,Completed
HIST_MEX_BRA_20030430,FRIENDLY,2003-04-30,MEX,BRA,0,0,,,Friendly,Completed
HIST_MAR_CIV_20030430,FRIENDLY,2003-04-30,MAR,CIV,0,1,,,Friendly,Completed
HIST_KOR_URU_20030608,FRIENDLY,2003-06-08,KOR,URU,0,2,,,Friendly,Completed
HIST_USA_NZL_20030608,FRIENDLY,2003-06-08,USA,NZL,2,1,,,Friendly,Completed
HIST_JAM_PAR_20030709,FRIENDLY,2003-07-09,JAM,PAR,2,0,,,Friendly,Completed
HIST_GER_SCO_20030910,EURO2003,2003-09-10,GER,SCO,2,1,,,UEFA Euro,Completed
HIST_EGY_SWE_20031118,FRIENDLY,2003-11-18,EGY,SWE,1,0,,,Friendly,Completed
HIST_NOR_ESP_20031119,EURO2003,2003-11-19,NOR,ESP,0,3,,,UEFA Euro,Completed
HIST_JOR_QAT_20040331,OTHER_HIST,2004-03-31,JOR,QAT,1,0,,,FIFA World Cup qualification,Completed
HIST_KOR_TUR_20040602,FRIENDLY,2004-06-02,KOR,TUR,0,1,,,Friendly,Completed
HIST_KOR_TUR_20040605,FRIENDLY,2004-06-05,KOR,TUR,2,1,,,Friendly,Completed
HIST_ARG_URU_20040713,CA2004,2004-07-13,ARG,URU,4,2,,,Copa America,Completed
HIST_ESP_SCO_20040903,FRIENDLY,2004-09-03,ESP,SCO,1,1,,,Friendly,Completed
HIST_NED_CZE_20040908,OTHER_HIST,2004-09-08,NED,CZE,2,0,,,FIFA World Cup qualification,Completed
HIST_IRN_PAN_20041218,FRIENDLY,2004-12-18,IRN,PAN,1,0,,,Friendly,Completed
HIST_ARG_BRA_20050608,OTHER_HIST,2005-06-08,ARG,BRA,3,1,,,FIFA World Cup qualification,Completed
HIST_SWE_NOR_20050608,FRIENDLY,2005-06-08,SWE,NOR,2,3,,,Friendly,Completed
HIST_AUS_TUN_20050621,OTHER_HIST,2005-06-21,AUS,TUN,0,2,,,Confederations Cup,Completed
HIST_USA_PAN_20051012,OTHER_HIST,2005-10-12,USA,PAN,2,0,,,FIFA World Cup qualification,Completed
HIST_RSA_SEN_20051112,FRIENDLY,2005-11-12,RSA,SEN,2,3,,,Friendly,Completed
HIST_USA_CAN_20060122,FRIENDLY,2006-01-22,USA,CAN,0,0,,,Friendly,Completed
HIST_MEX_PAR_20060329,FRIENDLY,2006-03-29,MEX,PAR,2,1,,,Friendly,Completed
HIST_JPN_SCO_20060513,OTHER_HIST,2006-05-13,JPN,SCO,0,0,,,Kirin Cup,Completed
HIST_FRA_MEX_20060527,FRIENDLY,2006-05-27,FRA,MEX,1,0,,,Friendly,Completed
HIST_MEX_IRN_20060611,WC06,2006-06-11,MEX,IRN,3,1,,,World Cup Knockout,Completed
HIST_ARG_MEX_20060624,WC06,2006-06-24,ARG,MEX,2,1,,,World Cup Knockout,Completed
HIST_ESP_FRA_20060627,WC06,2006-06-27,ESP,FRA,1,3,,,World Cup Knockout,Completed
HIST_ARG_BRA_20060903,FRIENDLY,2006-09-03,ARG,BRA,0,3,,,Friendly,Completed
HIST_QAT_IRN_20070324,FRIENDLY,2007-03-24,QAT,IRN,0,1,,,Friendly,Completed
HIST_AUS_URU_20070602,FRIENDLY,2007-06-02,AUS,URU,1,2,,,Friendly,Completed
HIST_MAR_GHA_20070908,FRIENDLY,2007-09-08,MAR,GHA,0,2,,,Friendly,Completed
HIST_AUT_CIV_20071017,FRIENDLY,2007-10-17,AUT,CIV,3,2,,,Friendly,Completed
HIST_FRA_MAR_20071116,FRIENDLY,2007-11-16,FRA,MAR,2,2,,,Friendly,Completed
HIST_PAR_ECU_20071117,OTHER_HIST,2007-11-17,PAR,ECU,5,1,,,FIFA World Cup qualification,Completed
HIST_AUT_NED_20080326,FRIENDLY,2008-03-26,AUT,NED,3,4,,,Friendly,Completed
HIST_CIV_TUN_20080326,FRIENDLY,2008-03-26,CIV,TUN,0,2,,,Friendly,Completed
HIST_SUI_GER_20080326,FRIENDLY,2008-03-26,SUI,GER,0,4,,,Friendly,Completed
HIST_SEN_ALG_20080531,OTHER_HIST,2008-05-31,SEN,ALG,1,0,,,FIFA World Cup qualification,Completed
HIST_POR_GER_20080619,EURO2008,2008-06-19,POR,GER,2,3,,,UEFA Euro,Completed
HIST_KSA_PAR_20080820,FRIENDLY,2008-08-20,KSA,PAR,1,1,,,Friendly,Completed
HIST_CRO_ENG_20080910,OTHER_HIST,2008-09-10,CRO,ENG,1,4,,,FIFA World Cup qualification,Completed
HIST_JAM_MEX_20081011,OTHER_HIST,2008-10-11,JAM,MEX,1,0,,,FIFA World Cup qualification,Completed
HIST_EGY_GHA_20090211,FRIENDLY,2009-02-11,EGY,GHA,2,2,,,Friendly,Completed
HIST_JPN_AUS_20090211,OTHER_HIST,2009-02-11,JPN,AUS,0,0,,,FIFA World Cup qualification,Completed
HIST_QAT_KSA_20090526,FRIENDLY,2009-05-26,QAT,KSA,2,1,,,Friendly,Completed
HIST_JPN_BEL_20090531,OTHER_HIST,2009-05-31,JPN,BEL,4,0,,,Kirin Cup,Completed
HIST_RSA_IRQ_20090614,OTHER_HIST,2009-06-14,RSA,IRQ,0,0,,,Confederations Cup,Completed
HIST_USA_BRA_20090618,OTHER_HIST,2009-06-18,USA,BRA,0,3,,,Confederations Cup,Completed
HIST_PAR_QAT_20091113,FRIENDLY,2009-11-13,PAR,QAT,0,2,,,Friendly,Completed
HIST_NED_PAR_20091118,FRIENDLY,2009-11-18,NED,PAR,0,0,,,Friendly,Completed
HIST_JPN_KOR_20100214,OTHER_HIST,2010-02-14,JPN,KOR,1,3,,,EAFF Championship,Completed
HIST_NED_GHA_20100601,FRIENDLY,2010-06-01,NED,GHA,4,1,,,Friendly,Completed
HIST_ENG_ALG_20100618,WC10,2010-06-18,ENG,ALG,0,0,,,World Cup Knockout,Completed
HIST_MEX_ESP_20100811,FRIENDLY,2010-08-11,MEX,ESP,1,1,,,Friendly,Completed
HIST_ARG_ESP_20100907,FRIENDLY,2010-09-07,ARG,ESP,4,1,,,Friendly,Completed
HIST_CZE_SCO_20101008,EURO2010,2010-10-08,CZE,SCO,1,0,,,UEFA Euro,Completed
HIST_QAT_IRQ_20101012,FRIENDLY,2010-10-12,QAT,IRQ,1,2,,,Friendly,Completed
HIST_POR_ESP_20101117,FRIENDLY,2010-11-17,POR,ESP,4,0,,,Friendly,Completed
HIST_ARG_PAR_20110525,FRIENDLY,2011-05-25,ARG,PAR,4,2,,,Friendly,Completed
HIST_ECU_JAM_20110902,FRIENDLY,2011-09-02,ECU,JAM,5,2,,,Friendly,Completed
HIST_SCO_CZE_20110903,EURO2011,2011-09-03,SCO,CZE,2,2,,,UEFA Euro,Completed
HIST_ITA_URU_20111115,FRIENDLY,2011-11-15,ITA,URU,0,1,,,Friendly,Completed
HIST_TUN_CIV_20120113,FRIENDLY,2012-01-13,TUN,CIV,0,2,,,Friendly,Completed
HIST_MAR_TUN_20120123,OTHER_HIST,2012-01-23,MAR,TUN,1,2,,,African Cup of Nations,Completed
HIST_EGY_IRQ_20120417,FRIENDLY,2012-04-17,EGY,IRQ,0,0,,,Friendly,Completed
HIST_ENG_BEL_20120602,FRIENDLY,2012-06-02,ENG,BEL,1,0,,,Friendly,Completed
HIST_NOR_CRO_20120602,FRIENDLY,2012-06-02,NOR,CRO,1,1,,,Friendly,Completed
HIST_POR_TUR_20120602,FRIENDLY,2012-06-02,POR,TUR,1,3,,,Friendly,Completed
HIST_KSA_IRQ_20120705,OTHER_HIST,2012-07-05,KSA,IRQ,0,1,,,Arab Cup,Completed
HIST_GER_ARG_20120815,FRIENDLY,2012-08-15,GER,ARG,1,3,,,Friendly,Completed
HIST_JOR_UZB_20120815,FRIENDLY,2012-08-15,JOR,UZB,2,0,,,Friendly,Completed
HIST_JOR_IRN_20120905,FRIENDLY,2012-09-05,JOR,IRN,0,0,,,Friendly,Completed
HIST_CIV_SEN_20120908,OTHER_HIST,2012-09-08,CIV,SEN,4,2,,,African Cup of Nations qualification,Completed
HIST_BRA_ARG_20120919,OTHER_HIST,2012-09-19,BRA,ARG,2,1,,,Superclásico de las Américas,Completed
HIST_GER_SWE_20121016,OTHER_HIST,2012-10-16,GER,SWE,4,4,,,FIFA World Cup qualification,Completed
HIST_IRN_UZB_20121114,OTHER_HIST,2012-11-14,IRN,UZB,0,1,,,FIFA World Cup qualification,Completed
HIST_RSA_CPV_20130119,OTHER_HIST,2013-01-19,RSA,CPV,0,0,,,African Cup of Nations,Completed
HIST_RSA_MAR_20130127,OTHER_HIST,2013-01-27,RSA,MAR,2,2,,,African Cup of Nations,Completed
HIST_MEX_JAM_20130206,OTHER_HIST,2013-02-06,MEX,JAM,0,0,,,FIFA World Cup qualification,Completed
HIST_JPN_AUS_20130604,OTHER_HIST,2013-06-04,JPN,AUS,1,1,,,FIFA World Cup qualification,Completed
HIST_GHA_CIV_20130612,FRIENDLY,2013-06-12,GHA,CIV,2,1,,,Friendly,Completed
HIST_GHA_CIV_20130614,FRIENDLY,2013-06-14,GHA,CIV,1,1,,,Friendly,Completed
HIST_BRA_ITA_20130622,OTHER_HIST,2013-06-22,BRA,ITA,4,2,,,Confederations Cup,Completed
HIST_KSA_NZL_20130905,OTHER_HIST,2013-09-05,KSA,NZL,0,1,,,OSN Cup,Completed
HIST_TUN_CPV_20130907,OTHER_HIST,2013-09-07,TUN,CPV,3,0,,,FIFA World Cup qualification,Completed
HIST_URU_COL_20130910,OTHER_HIST,2013-09-10,URU,COL,2,0,,,FIFA World Cup qualification,Completed
HIST_UZB_JOR_20130910,OTHER_HIST,2013-09-10,UZB,JOR,1,1,,,FIFA World Cup qualification,Completed
HIST_ECU_URU_20131011,OTHER_HIST,2013-10-11,ECU,URU,1,0,,,FIFA World Cup qualification,Completed
HIST_KOR_SUI_20131115,FRIENDLY,2013-11-15,KOR,SUI,2,1,,,Friendly,Completed
HIST_SCO_USA_20131115,FRIENDLY,2013-11-15,SCO,USA,0,0,,,Friendly,Completed
HIST_KOR_TUN_20140528,FRIENDLY,2014-05-28,KOR,TUN,0,1,,,Friendly,Completed
HIST_SWE_BEL_20140601,FRIENDLY,2014-06-01,SWE,BEL,0,2,,,Friendly,Completed
HIST_GER_POR_20140616,WC14,2014-06-16,GER,POR,4,0,,,World Cup Knockout,Completed
HIST_JPN_COL_20140624,WC14,2014-06-24,JPN,COL,1,4,,,World Cup Knockout,Completed
HIST_FRA_GER_20140704,WC14,2014-07-04,FRA,GER,0,1,,,World Cup Knockout,Completed
HIST_ENG_NOR_20140903,FRIENDLY,2014-09-03,ENG,NOR,1,0,,,Friendly,Completed
HIST_BEL_AUS_20140904,FRIENDLY,2014-09-04,BEL,AUS,2,0,,,Friendly,Completed
HIST_KSA_QAT_20141126,OTHER_HIST,2014-11-26,KSA,QAT,1,2,,,Gulf Cup,Completed
HIST_KOR_UZB_20150327,FRIENDLY,2015-03-27,KOR,UZB,1,1,,,Friendly,Completed
HIST_PAR_JAM_20150616,CA2015,2015-06-16,PAR,JAM,1,0,,,Copa America,Completed
HIST_BRA_PAR_20150627,CA2015,2015-06-27,BRA,PAR,1,1,3,4,Copa America,Completed
HIST_USA_JAM_20150722,OTHER_HIST,2015-07-22,USA,JAM,1,2,,,Gold Cup,Completed
HIST_AUT_SUI_20151117,FRIENDLY,2015-11-17,AUT,SUI,1,2,,,Friendly,Completed
HIST_SWE_CZE_20160329,FRIENDLY,2016-03-29,SWE,CZE,1,1,,,Friendly,Completed
HIST_FRA_SCO_20160604,FRIENDLY,2016-06-04,FRA,SCO,3,0,,,Friendly,Completed
HIST_BEL_NOR_20160605,FRIENDLY,2016-06-05,BEL,NOR,3,2,,,Friendly,Completed
HIST_PAR_COL_20161006,OTHER_HIST,2016-10-06,PAR,COL,0,1,,,FIFA World Cup qualification,Completed
HIST_ITA_GER_20161115,FRIENDLY,2016-11-15,ITA,GER,0,0,,,Friendly,Completed
HIST_QAT_IRN_20170323,OTHER_HIST,2017-03-23,QAT,IRN,0,1,,,FIFA World Cup qualification,Completed
HIST_ARG_BRA_20170609,OTHER_HIST,2017-06-09,ARG,BRA,1,0,,,Superclásico de las Américas,Completed
HIST_FRA_NED_20170831,OTHER_HIST,2017-08-31,FRA,NED,4,0,,,FIFA World Cup qualification,Completed
HIST_KOR_MAR_20171010,FRIENDLY,2017-10-10,KOR,MAR,1,3,,,Friendly,Completed
HIST_ENG_BRA_20171114,FRIENDLY,2017-11-14,ENG,BRA,0,0,,,Friendly,Completed
HIST_SEN_RSA_20171114,OTHER_HIST,2017-11-14,SEN,RSA,2,1,,,FIFA World Cup qualification,Completed
HIST_USA_PAR_20180327,FRIENDLY,2018-03-27,USA,PAR,1,0,,,Friendly,Completed
HIST_FRA_ITA_20180601,FRIENDLY,2018-06-01,FRA,ITA,3,1,,,Friendly,Completed
HIST_AUT_GER_20180602,FRIENDLY,2018-06-02,AUT,GER,2,1,,,Friendly,Completed
HIST_CRO_BRA_20180603,FRIENDLY,2018-06-03,CRO,BRA,0,2,,,Friendly,Completed
HIST_URU_UZB_20180607,FRIENDLY,2018-06-07,URU,UZB,3,0,,,Friendly,Completed
HIST_COL_JPN_20180619,WC18,2018-06-19,COL,JPN,1,2,,,World Cup Knockout,Completed
HIST_IRN_ESP_20180620,WC18,2018-06-20,IRN,ESP,0,1,,,World Cup Knockout,Completed
HIST_GER_FRA_20180906,OTHER_HIST,2018-09-06,GER,FRA,0,0,,,UEFA Nations League,Completed
HIST_USA_MEX_20180911,FRIENDLY,2018-09-11,USA,MEX,1,0,,,Friendly,Completed
HIST_CRO_ENG_20181012,OTHER_HIST,2018-10-12,CRO,ENG,0,0,,,UEFA Nations League,Completed
HIST_JPN_PAN_20181012,OTHER_HIST,2018-10-12,JPN,PAN,3,0,,,Kirin Challenge Cup,Completed
HIST_KSA_BRA_20181012,FRIENDLY,2018-10-12,KSA,BRA,0,2,,,Friendly,Completed
HIST_KOR_KSA_20181231,FRIENDLY,2018-12-31,KOR,KSA,0,0,,,Friendly,Completed
HIST_GHA_RSA_20190615,FRIENDLY,2019-06-15,GHA,RSA,0,0,,,Friendly,Completed
HIST_ARG_PAR_20190619,CA2019,2019-06-19,ARG,PAR,1,1,,,Copa America,Completed
HIST_MEX_CAN_20190619,OTHER_HIST,2019-06-19,MEX,CAN,3,1,,,Gold Cup,Completed
HIST_USA_PAN_20190626,OTHER_HIST,2019-06-26,USA,PAN,1,0,,,Gold Cup,Completed
HIST_BRA_COL_20190906,FRIENDLY,2019-09-06,BRA,COL,2,2,,,Friendly,Completed
HIST_SCO_BEL_20190909,EURO2019,2019-09-09,SCO,BEL,0,4,,,UEFA Euro,Completed
HIST_SWE_POR_20200908,OTHER_HIST,2020-09-08,SWE,POR,0,2,,,UEFA Nations League,Completed
HIST_GER_SUI_20201013,OTHER_HIST,2020-10-13,GER,SUI,3,3,,,UEFA Nations League,Completed
HIST_KSA_JAM_20201117,FRIENDLY,2020-11-17,KSA,JAM,1,2,,,Friendly,Completed
HIST_SUI_USA_20210530,FRIENDLY,2021-05-30,SUI,USA,2,1,,,Friendly,Completed
HIST_ITA_CZE_20210604,FRIENDLY,2021-06-04,ITA,CZE,4,0,,,Friendly,Completed
HIST_ITA_TUR_20210611,EURO2021,2021-06-11,ITA,TUR,3,0,,,UEFA Euro,Completed
HIST_ENG_CRO_20210613,EURO2021,2021-06-13,ENG,CRO,1,0,,,UEFA Euro,Completed
HIST_BRA_COL_20210623,CA2021,2021-06-23,BRA,COL,2,1,,,Copa America,Completed
HIST_ARG_ECU_20210703,CA2021,2021-07-03,ARG,ECU,3,0,,,Copa America,Completed
HIST_NOR_NED_20210901,OTHER_HIST,2021-09-01,NOR,NED,1,1,,,FIFA World Cup qualification,Completed
HIST_SUI_ITA_20210905,OTHER_HIST,2021-09-05,SUI,ITA,0,0,,,FIFA World Cup qualification,Completed
HIST_RSA_GHA_20210906,OTHER_HIST,2021-09-06,RSA,GHA,1,0,,,FIFA World Cup qualification,Completed
HIST_AUT_SCO_20210907,OTHER_HIST,2021-09-07,AUT,SCO,0,1,,,FIFA World Cup qualification,Completed
HIST_ITA_BEL_20211010,OTHER_HIST,2021-10-10,ITA,BEL,2,1,,,UEFA Nations League,Completed
HIST_AUS_KSA_20211111,OTHER_HIST,2021-11-11,AUS,KSA,0,0,,,FIFA World Cup qualification,Completed
HIST_GHA_RSA_20211114,OTHER_HIST,2021-11-14,GHA,RSA,1,0,,,FIFA World Cup qualification,Completed
HIST_JOR_MAR_20211204,OTHER_HIST,2021-12-04,JOR,MAR,0,4,,,Arab Cup,Completed
HIST_ALG_EGY_20211207,OTHER_HIST,2021-12-07,ALG,EGY,1,1,,,Arab Cup,Completed
HIST_BRA_PAR_20220201,OTHER_HIST,2022-02-01,BRA,PAR,4,0,,,FIFA World Cup qualification,Completed
HIST_PAR_ECU_20220324,OTHER_HIST,2022-03-24,PAR,ECU,3,1,,,FIFA World Cup qualification,Completed
HIST_AUT_SCO_20220329,FRIENDLY,2022-03-29,AUT,SCO,2,2,,,Friendly,Completed
HIST_CZE_ESP_20220605,OTHER_HIST,2022-06-05,CZE,ESP,2,2,,,UEFA Nations League,Completed
HIST_CAN_CUW_20220609,OTHER_HIST,2022-06-09,CAN,CUW,4,0,,,CONCACAF Nations League,Completed
HIST_GER_ITA_20220614,OTHER_HIST,2022-06-14,GER,ITA,5,2,,,UEFA Nations League,Completed
HIST_KOR_EGY_20220614,FRIENDLY,2022-06-14,KOR,EGY,4,1,,,Friendly,Completed
HIST_FRA_AUT_20220922,OTHER_HIST,2022-09-22,FRA,AUT,2,0,,,UEFA Nations League,Completed
HIST_CAN_URU_20220927,FRIENDLY,2022-09-27,CAN,URU,0,2,,,Friendly,Completed
HIST_JPN_COL_20230328,FRIENDLY,2023-03-28,JPN,COL,1,2,,,Friendly,Completed
HIST_JPN_TUR_20230912,FRIENDLY,2023-09-12,JPN,TUR,4,2,,,Friendly,Completed
HIST_SWE_AUT_20230912,EURO2023,2023-09-12,SWE,AUT,1,3,,,UEFA Euro,Completed
HIST_JPN_CAN_20231013,FRIENDLY,2023-10-13,JPN,CAN,4,1,,,Friendly,Completed
HIST_NOR_ESP_20231015,EURO2023,2023-10-15,NOR,ESP,0,1,,,UEFA Euro,Completed
HIST_CIV_SEN_20240129,OTHER_HIST,2024-01-29,CIV,SEN,1,1,4,3,African Cup of Nations,Completed
HIST_ALG_RSA_20240326,OTHER_HIST,2024-03-26,ALG,RSA,3,3,,,FIFA Series,Completed
HIST_ITA_TUR_20240604,FRIENDLY,2024-06-04,ITA,TUR,0,0,,,Friendly,Completed
HIST_MEX_URU_20240605,FRIENDLY,2024-06-05,MEX,URU,0,4,,,Friendly,Completed
HIST_FRA_CAN_20240609,FRIENDLY,2024-06-09,FRA,CAN,0,0,,,Friendly,Completed
HIST_PAN_PAR_20240616,FRIENDLY,2024-06-16,PAN,PAR,0,1,,,Friendly,Completed
HIST_ESP_ITA_20240620,EURO2024,2024-06-20,ESP,ITA,1,0,,,UEFA Euro,Completed
HIST_ARG_CAN_20240620,CA2024,2024-06-20,ARG,CAN,2,0,,,Copa America,Completed
HIST_CRO_ITA_20240624,EURO2024,2024-06-24,CRO,ITA,1,1,,,UEFA Euro,Completed
HIST_COL_ARG_20240910,OTHER_HIST,2024-09-10,COL,ARG,2,1,,,FIFA World Cup qualification,Completed
HIST_PAR_ARG_20241114,OTHER_HIST,2024-11-14,PAR,ARG,2,1,,,FIFA World Cup qualification,Completed
HIST_BRA_COL_20250320,OTHER_HIST,2025-03-20,BRA,COL,2,1,,,FIFA World Cup qualification,Completed
HIST_GER_POR_20250604,OTHER_HIST,2025-06-04,GER,POR,1,2,,,UEFA Nations League,Completed
HIST_USA_HAI_20250622,OTHER_HIST,2025-06-22,USA,HAI,2,1,,,Gold Cup,Completed
HIST_USA_MEX_20250706,OTHER_HIST,2025-07-06,USA,MEX,1,2,,,Gold Cup,Completed
HIST_ECU_ARG_20250909,OTHER_HIST,2025-09-09,ECU,ARG,1,0,,,FIFA World Cup qualification,Completed
HIST_IRN_CPV_20251113,OTHER_HIST,2025-11-13,IRN,CPV,0,0,4,3,Al Ain International Cup,Completed
HIST_JPN_GHA_20251114,OTHER_HIST,2025-11-14,JPN,GHA,2,0,,,Kirin Cup,Completed
HIST_SUI_SWE_20251115,OTHER_HIST,2025-11-15,SUI,SWE,4,1,,,FIFA World Cup qualification,Completed
HIST_COL_AUS_20251118,FRIENDLY,2025-11-18,COL,AUS,3,0,,,Friendly,Completed
HIST_MEX_PAR_20251118,FRIENDLY,2025-11-18,MEX,PAR,1,2,,,Friendly,Completed
HIST_ESP_TUR_20251118,OTHER_HIST,2025-11-18,ESP,TUR,2,2,,,FIFA World Cup qualification,Completed
HIST_IRN_UZB_20251118,OTHER_HIST,2025-11-18,IRN,UZB,0,0,3,4,Al Ain International Cup,Completed
HIST_MAR_KSA_20251208,OTHER_HIST,2025-12-08,MAR,KSA,1,0,,,Arab Cup,Completed
HIST_JOR_MAR_20251218,OTHER_HIST,2025-12-18,JOR,MAR,2,3,,,Arab Cup,Completed
HIST_BRA_FRA_20260326,FRIENDLY,2026-03-26,BRA,FRA,1,2,,,Friendly,Completed
HIST_ENG_URU_20260327,FRIENDLY,2026-03-27,ENG,URU,1,1,,,Friendly,Completed
HIST_MEX_GHA_20260522,FRIENDLY,2026-05-22,MEX,GHA,2,0,,,Friendly,Completed
HIST_SUI_JOR_20260531,FRIENDLY,2026-05-31,SUI,JOR,4,1,,,Friendly,Completed
HIST_NED_ALG_20260603,FRIENDLY,2026-06-03,NED,ALG,0,1,,,Friendly,Completed
HIST_CRO_ESP_20000223,FRIENDLY,2000-02-23,CRO,ESP,0,0,,,Friendly,Completed
HIST_CAN_COL_20000227,OTHER_HIST,2000-02-27,CAN,COL,2,0,,,Gold Cup,Completed
HIST_ENG_BRA_20000527,FRIENDLY,2000-05-27,ENG,BRA,1,1,,,Friendly,Completed
HIST_MAR_ALG_20000709,OTHER_HIST,2000-07-09,MAR,ALG,2,1,,,FIFA World Cup qualification,Completed
HIST_PAN_ECU_20000811,FRIENDLY,2000-08-11,PAN,ECU,0,0,,,Friendly,Completed
HIST_AUT_IRN_20000901,FRIENDLY,2000-09-01,AUT,IRN,5,1,,,Friendly,Completed
HIST_ENG_GER_20001007,OTHER_HIST,2000-10-07,ENG,GER,0,1,,,FIFA World Cup qualification,Completed
HIST_AUT_ESP_20001011,OTHER_HIST,2000-10-11,AUT,ESP,1,1,,,FIFA World Cup qualification,Completed
HIST_QAT_UZB_20001014,OTHER_HIST,2000-10-14,QAT,UZB,1,1,,,AFC Asian Cup,Completed
HIST_CAN_MEX_20001115,OTHER_HIST,2000-11-15,CAN,MEX,0,0,,,FIFA World Cup qualification,Completed
HIST_MEX_BRA_20010307,FRIENDLY,2001-03-07,MEX,BRA,3,3,,,Friendly,Completed
HIST_PAN_HAI_20010424,FRIENDLY,2001-04-24,PAN,HAI,2,0,,,Friendly,Completed
HIST_JPN_CAN_20010531,OTHER_HIST,2001-05-31,JPN,CAN,3,0,,,Confederations Cup,Completed
HIST_NZL_AUS_20010620,OTHER_HIST,2001-06-20,NZL,AUS,0,2,,,FIFA World Cup qualification,Completed
HIST_BRA_PAR_20010718,CA2001,2001-07-18,BRA,PAR,3,1,,,Copa America,Completed
HIST_KOR_SEN_20011108,FRIENDLY,2001-11-08,KOR,SEN,0,1,,,Friendly,Completed
HIST_AUS_URU_20011120,OTHER_HIST,2001-11-20,AUS,URU,1,0,,,FIFA World Cup qualification,Completed
HIST_EGY_GHA_20020104,FRIENDLY,2002-01-04,EGY,GHA,2,0,,,Friendly,Completed
HIST_MAR_GHA_20020121,OTHER_HIST,2002-01-21,MAR,GHA,0,0,,,African Cup of Nations,Completed
HIST_CAN_KOR_20020202,OTHER_HIST,2002-02-02,CAN,KOR,2,1,,,Gold Cup,Completed
HIST_ENG_ITA_20020327,FRIENDLY,2002-03-27,ENG,ITA,1,2,,,Friendly,Completed
HIST_ECU_SEN_20020523,FRIENDLY,2002-05-23,ECU,SEN,0,1,,,Friendly,Completed
HIST_JPN_SWE_20020525,FRIENDLY,2002-05-25,JPN,SWE,1,1,,,Friendly,Completed
HIST_KOR_TUR_20020629,WC02,2002-06-29,KOR,TUR,2,3,,,World Cup Knockout,Completed
HIST_GER_BRA_20020630,WC02,2002-06-30,GER,BRA,0,2,,,World Cup Knockout,Completed
HIST_JPN_ARG_20021120,FRIENDLY,2002-11-20,JPN,ARG,0,2,,,Friendly,Completed
HIST_RSA_JAM_20030430,FRIENDLY,2003-04-30,RSA,JAM,0,0,,,Friendly,Completed
HIST_SCO_NZL_20030527,FRIENDLY,2003-05-27,SCO,NZL,1,1,,,Friendly,Completed
HIST_POR_ESP_20030906,FRIENDLY,2003-09-06,POR,ESP,0,3,,,Friendly,Completed
HIST_BEL_CRO_20030910,EURO2003,2003-09-10,BEL,CRO,2,1,,,UEFA Euro,Completed
HIST_TUN_MAR_20031011,FRIENDLY,2003-10-11,TUN,MAR,0,0,,,Friendly,Completed
HIST_MEX_URU_20031015,FRIENDLY,2003-10-15,MEX,URU,0,2,,,Friendly,Completed
HIST_TUN_SEN_20040207,OTHER_HIST,2004-02-07,TUN,SEN,1,0,,,African Cup of Nations,Completed
HIST_RSA_CPV_20040605,OTHER_HIST,2004-06-05,RSA,CPV,2,1,,,FIFA World Cup qualification,Completed
HIST_CRO_ENG_20040621,EURO2004,2004-06-21,CRO,ENG,2,4,,,UEFA Euro,Completed
HIST_ARG_MEX_20040710,CA2004,2004-07-10,ARG,MEX,0,1,,,Copa America,Completed
HIST_PAN_JAM_20041009,OTHER_HIST,2004-10-09,PAN,JAM,1,1,,,FIFA World Cup qualification,Completed
HIST_ESP_BEL_20041009,OTHER_HIST,2004-10-09,ESP,BEL,2,0,,,FIFA World Cup qualification,Completed
HIST_USA_PAN_20041013,OTHER_HIST,2004-10-13,USA,PAN,6,0,,,FIFA World Cup qualification,Completed
HIST_ECU_BRA_20041117,OTHER_HIST,2004-11-17,ECU,BRA,1,0,,,FIFA World Cup qualification,Completed
HIST_USA_JAM_20041117,OTHER_HIST,2004-11-17,USA,JAM,1,1,,,FIFA World Cup qualification,Completed
HIST_QAT_IRQ_20041213,OTHER_HIST,2004-12-13,QAT,IRQ,3,3,,,Gulf Cup,Completed
HIST_EGY_BEL_20050209,FRIENDLY,2005-02-09,EGY,BEL,4,0,,,Friendly,Completed
HIST_ARG_COL_20050330,OTHER_HIST,2005-03-30,ARG,COL,1,0,,,FIFA World Cup qualification,Completed
HIST_GER_AUS_20050615,OTHER_HIST,2005-06-15,GER,AUS,4,3,,,Confederations Cup,Completed
HIST_RSA_MEX_20050708,OTHER_HIST,2005-07-08,RSA,MEX,2,1,,,Gold Cup,Completed
HIST_COL_PAN_20050721,OTHER_HIST,2005-07-21,COL,PAN,2,3,,,Gold Cup,Completed
HIST_CRO_SWE_20051008,OTHER_HIST,2005-10-08,CRO,SWE,1,0,,,FIFA World Cup qualification,Completed
HIST_ENG_ARG_20051112,FRIENDLY,2005-11-12,ENG,ARG,3,2,,,Friendly,Completed
HIST_IRQ_KSA_20051205,FRIENDLY,2005-12-05,IRQ,KSA,5,1,,,Friendly,Completed
HIST_ECU_SEN_20051227,FRIENDLY,2005-12-27,ECU,SEN,1,2,,,Friendly,Completed
HIST_AUT_CRO_20060523,FRIENDLY,2006-05-23,AUT,CRO,1,4,,,Friendly,Completed
HIST_COL_ECU_20060524,FRIENDLY,2006-05-24,COL,ECU,1,1,,,Friendly,Completed
HIST_NED_MEX_20060601,FRIENDLY,2006-06-01,NED,MEX,2,1,,,Friendly,Completed
HIST_COL_MAR_20060604,FRIENDLY,2006-06-04,COL,MAR,2,0,,,Friendly,Completed
HIST_TUN_KSA_20060614,WC06,2006-06-14,TUN,KSA,2,2,,,World Cup Knockout,Completed
HIST_EGY_SWE_20070207,FRIENDLY,2007-02-07,EGY,SWE,2,0,,,Friendly,Completed
HIST_JAM_SUI_20070322,FRIENDLY,2007-03-22,JAM,SUI,0,2,,,Friendly,Completed
HIST_MEX_IRN_20070602,FRIENDLY,2007-06-02,MEX,IRN,4,0,,,Friendly,Completed
HIST_MEX_PAR_20070605,FRIENDLY,2007-06-05,MEX,PAR,0,1,,,Friendly,Completed
HIST_BRA_ECU_20070704,CA2007,2007-07-04,BRA,ECU,1,0,,,Copa America,Completed
HIST_COL_USA_20070705,CA2007,2007-07-05,COL,USA,1,0,,,Copa America,Completed
HIST_IRN_UZB_20070711,OTHER_HIST,2007-07-11,IRN,UZB,2,1,,,AFC Asian Cup,Completed
HIST_KSA_GHA_20070911,FRIENDLY,2007-09-11,KSA,GHA,5,0,,,Friendly,Completed
HIST_COL_PAR_20070912,FRIENDLY,2007-09-12,COL,PAR,1,0,,,Friendly,Completed
HIST_NOR_TUR_20071117,EURO2007,2007-11-17,NOR,TUR,1,2,,,UEFA Euro,Completed
HIST_RSA_USA_20071117,FRIENDLY,2007-11-17,RSA,USA,0,1,,,Friendly,Completed
HIST_MAR_SEN_20071121,FRIENDLY,2007-11-21,MAR,SEN,3,0,,,Friendly,Completed
HIST_AUS_GHA_20080523,FRIENDLY,2008-05-23,AUS,GHA,1,0,,,Friendly,Completed
HIST_MEX_ARG_20080604,FRIENDLY,2008-06-04,MEX,ARG,1,4,,,Friendly,Completed
HIST_PAN_CAN_20080604,FRIENDLY,2008-06-04,PAN,CAN,2,2,,,Friendly,Completed
HIST_CAN_JAM_20080820,OTHER_HIST,2008-08-20,CAN,JAM,1,1,,,FIFA World Cup qualification,Completed
HIST_KOR_JOR_20080905,FRIENDLY,2008-09-05,KOR,JOR,1,0,,,Friendly,Completed
HIST_MEX_CAN_20080910,OTHER_HIST,2008-09-10,MEX,CAN,2,1,,,FIFA World Cup qualification,Completed
HIST_FRA_ARG_20090211,FRIENDLY,2009-02-11,FRA,ARG,0,2,,,Friendly,Completed
HIST_USA_MEX_20090211,OTHER_HIST,2009-02-11,USA,MEX,2,0,,,FIFA World Cup qualification,Completed
HIST_URU_PAR_20090328,OTHER_HIST,2009-03-28,URU,PAR,2,0,,,FIFA World Cup qualification,Completed
HIST_ECU_PAR_20090401,OTHER_HIST,2009-04-01,ECU,PAR,1,1,,,FIFA World Cup qualification,Completed
HIST_BRA_EGY_20090615,OTHER_HIST,2009-06-15,BRA,EGY,4,3,,,Confederations Cup,Completed
HIST_ESP_IRQ_20090617,OTHER_HIST,2009-06-17,ESP,IRQ,1,0,,,Confederations Cup,Completed
HIST_AUS_NED_20091010,FRIENDLY,2009-10-10,AUS,NED,0,0,,,Friendly,Completed
HIST_SUI_ITA_20100605,FRIENDLY,2010-06-05,SUI,ITA,1,1,,,Friendly,Completed
HIST_NED_JPN_20100619,WC10,2010-06-19,NED,JPN,1,0,,,World Cup Knockout,Completed
HIST_RSA_FRA_20100622,WC10,2010-06-22,RSA,FRA,2,1,,,World Cup Knockout,Completed
HIST_URU_GER_20100710,WC10,2010-07-10,URU,GER,2,3,,,World Cup Knockout,Completed
HIST_ITA_CIV_20100810,FRIENDLY,2010-08-10,ITA,CIV,0,1,,,Friendly,Completed
HIST_NOR_FRA_20100811,FRIENDLY,2010-08-11,NOR,FRA,2,1,,,Friendly,Completed
HIST_NOR_POR_20100907,EURO2010,2010-09-07,NOR,POR,1,0,,,UEFA Euro,Completed
HIST_SWE_GER_20101117,FRIENDLY,2010-11-17,SWE,GER,0,0,,,Friendly,Completed
HIST_NED_AUT_20110209,FRIENDLY,2011-02-09,NED,AUT,3,1,,,Friendly,Completed
HIST_AUT_BEL_20110325,EURO2011,2011-03-25,AUT,BEL,0,2,,,UEFA Euro,Completed
HIST_ALG_MAR_20110327,OTHER_HIST,2011-03-27,ALG,MAR,1,0,,,African Cup of Nations qualification,Completed
HIST_USA_PAR_20110329,FRIENDLY,2011-03-29,USA,PAR,0,1,,,Friendly,Completed
HIST_USA_ESP_20110604,FRIENDLY,2011-06-04,USA,ESP,0,4,,,Friendly,Completed
HIST_SEN_MAR_20110810,FRIENDLY,2011-08-10,SEN,MAR,0,2,,,Friendly,Completed
HIST_QAT_IRQ_20110819,FRIENDLY,2011-08-19,QAT,IRQ,0,1,,,Friendly,Completed
HIST_FRA_BEL_20111115,FRIENDLY,2011-11-15,FRA,BEL,0,0,,,Friendly,Completed
HIST_JOR_IRQ_20111115,OTHER_HIST,2011-11-15,JOR,IRQ,1,3,,,FIFA World Cup qualification,Completed
HIST_MEX_COL_20120229,FRIENDLY,2012-02-29,MEX,COL,0,2,,,Friendly,Completed
HIST_SUI_ARG_20120229,FRIENDLY,2012-02-29,SUI,ARG,1,3,,,Friendly,Completed
HIST_JAM_PAN_20120527,FRIENDLY,2012-05-27,JAM,PAN,0,1,,,Friendly,Completed
HIST_ITA_CRO_20120614,EURO2012,2012-06-14,ITA,CRO,1,1,,,UEFA Euro,Completed
HIST_JOR_UZB_20120813,FRIENDLY,2012-08-13,JOR,UZB,0,1,,,Friendly,Completed
HIST_IRN_KOR_20121016,OTHER_HIST,2012-10-16,IRN,KOR,1,0,,,FIFA World Cup qualification,Completed
HIST_ESP_FRA_20121016,OTHER_HIST,2012-10-16,ESP,FRA,1,1,,,FIFA World Cup qualification,Completed
HIST_GHA_EGY_20130110,FRIENDLY,2013-01-10,GHA,EGY,3,0,,,Friendly,Completed
HIST_QAT_EGY_20130307,FRIENDLY,2013-03-07,QAT,EGY,3,1,,,Friendly,Completed
HIST_FRA_ESP_20130326,OTHER_HIST,2013-03-26,FRA,ESP,0,1,,,FIFA World Cup qualification,Completed
HIST_BRA_ENG_20130602,FRIENDLY,2013-06-02,BRA,ENG,2,2,,,Friendly,Completed
HIST_CZE_ITA_20130607,OTHER_HIST,2013-06-07,CZE,ITA,0,0,,,FIFA World Cup qualification,Completed
HIST_MEX_ITA_20130616,OTHER_HIST,2013-06-16,MEX,ITA,1,2,,,Confederations Cup,Completed
HIST_GER_AUT_20130906,OTHER_HIST,2013-09-06,GER,AUT,3,0,,,FIFA World Cup qualification,Completed
HIST_CIV_MAR_20130907,OTHER_HIST,2013-09-07,CIV,MAR,1,1,,,FIFA World Cup qualification,Completed
HIST_BEL_COL_20131114,FRIENDLY,2013-11-14,BEL,COL,0,2,,,Friendly,Completed
HIST_COL_SEN_20140531,FRIENDLY,2014-05-31,COL,SEN,2,2,,,Friendly,Completed
HIST_GHA_KOR_20140609,FRIENDLY,2014-06-09,GHA,KOR,4,0,,,Friendly,Completed
HIST_BEL_USA_20140701,WC14,2014-07-01,BEL,USA,2,1,,,World Cup Knockout,Completed
HIST_EGY_TUN_20140910,OTHER_HIST,2014-09-10,EGY,TUN,0,1,,,African Cup of Nations qualification,Completed
HIST_JPN_JAM_20141010,FRIENDLY,2014-10-10,JPN,JAM,1,0,,,Friendly,Completed
HIST_FRA_BEL_20150607,FRIENDLY,2015-06-07,FRA,BEL,3,4,,,Friendly,Completed
HIST_JPN_KOR_20150805,OTHER_HIST,2015-08-05,JPN,KOR,1,1,,,EAFF Championship,Completed
HIST_ENG_FRA_20151117,FRIENDLY,2015-11-17,ENG,FRA,2,0,,,Friendly,Completed
HIST_BRA_URU_20160325,OTHER_HIST,2016-03-25,BRA,URU,2,2,,,FIFA World Cup qualification,Completed
HIST_CAN_MEX_20160325,OTHER_HIST,2016-03-25,CAN,MEX,0,3,,,FIFA World Cup qualification,Completed
HIST_NED_FRA_20160325,FRIENDLY,2016-03-25,NED,FRA,2,3,,,Friendly,Completed
HIST_ENG_AUS_20160527,FRIENDLY,2016-05-27,ENG,AUS,2,1,,,Friendly,Completed
HIST_USA_COL_20160603,CA2016,2016-06-03,USA,COL,0,2,,,Copa America,Completed
HIST_FRA_SUI_20160619,EURO2016,2016-06-19,FRA,SUI,0,0,,,UEFA Euro,Completed
HIST_CRO_TUR_20160905,OTHER_HIST,2016-09-05,CRO,TUR,1,1,,,FIFA World Cup qualification,Completed
HIST_URU_ECU_20161110,OTHER_HIST,2016-11-10,URU,ECU,2,1,,,FIFA World Cup qualification,Completed
HIST_EGY_GHA_20170125,OTHER_HIST,2017-01-25,EGY,GHA,1,0,,,African Cup of Nations,Completed
HIST_MAR_TUN_20170328,FRIENDLY,2017-03-28,MAR,TUN,1,0,,,Friendly,Completed
HIST_TUN_EGY_20170611,OTHER_HIST,2017-06-11,TUN,EGY,1,0,,,African Cup of Nations qualification,Completed
HIST_CUW_JAM_20170709,OTHER_HIST,2017-07-09,CUW,JAM,0,2,,,Gold Cup,Completed
HIST_USA_JAM_20170726,OTHER_HIST,2017-07-26,USA,JAM,2,1,,,Gold Cup,Completed
HIST_ESP_ITA_20170902,OTHER_HIST,2017-09-02,ESP,ITA,3,0,,,FIFA World Cup qualification,Completed
HIST_CPV_SEN_20171007,OTHER_HIST,2017-10-07,CPV,SEN,0,2,,,FIFA World Cup qualification,Completed
HIST_ECU_ARG_20171010,OTHER_HIST,2017-10-10,ECU,ARG,1,3,,,FIFA World Cup qualification,Completed
HIST_IRQ_KSA_20180228,FRIENDLY,2018-02-28,IRQ,KSA,4,1,,,Friendly,Completed
HIST_NOR_AUS_20180323,FRIENDLY,2018-03-23,NOR,AUS,4,1,,,Friendly,Completed
HIST_FRA_USA_20180609,FRIENDLY,2018-06-09,FRA,USA,1,1,,,Friendly,Completed
HIST_MAR_IRN_20180615,WC18,2018-06-15,MAR,IRN,0,1,,,World Cup Knockout,Completed
HIST_BRA_SUI_20180617,WC18,2018-06-17,BRA,SUI,1,1,,,World Cup Knockout,Completed
HIST_IRN_POR_20180625,WC18,2018-06-25,IRN,POR,1,1,,,World Cup Knockout,Completed
HIST_SEN_COL_20180628,WC18,2018-06-28,SEN,COL,0,1,,,World Cup Knockout,Completed
HIST_FRA_ARG_20180630,WC18,2018-06-30,FRA,ARG,4,3,,,World Cup Knockout,Completed
HIST_SWE_TUR_20180910,OTHER_HIST,2018-09-10,SWE,TUR,2,3,,,UEFA Nations League,Completed
HIST_UZB_IRN_20180911,FRIENDLY,2018-09-11,UZB,IRN,0,1,,,Friendly,Completed
HIST_QAT_ALG_20181227,FRIENDLY,2018-12-27,QAT,ALG,0,1,,,Friendly,Completed
HIST_AUS_UZB_20190121,OTHER_HIST,2019-01-21,AUS,UZB,0,0,4,3,AFC Asian Cup,Completed
HIST_JPN_KSA_20190121,OTHER_HIST,2019-01-21,JPN,KSA,1,0,,,AFC Asian Cup,Completed
HIST_BRA_QAT_20190605,FRIENDLY,2019-06-05,BRA,QAT,2,0,,,Friendly,Completed
HIST_POR_SUI_20190605,OTHER_HIST,2019-06-05,POR,SUI,3,1,,,UEFA Nations League,Completed
HIST_BRA_PAR_20190627,CA2019,2019-06-27,BRA,PAR,0,0,4,3,Copa America,Completed
HIST_GER_NED_20190906,EURO2019,2019-09-06,GER,NED,2,4,,,UEFA Euro,Completed
HIST_BRA_ARG_20191115,OTHER_HIST,2019-11-15,BRA,ARG,0,1,,,Superclásico de las Américas,Completed
HIST_BRA_KOR_20191119,FRIENDLY,2019-11-19,BRA,KOR,3,0,,,Friendly,Completed
HIST_JPN_PAN_20201113,FRIENDLY,2020-11-13,JPN,PAN,1,0,,,Friendly,Completed
HIST_UZB_IRQ_20201117,FRIENDLY,2020-11-17,UZB,IRQ,1,2,,,Friendly,Completed
HIST_RSA_GHA_20210325,OTHER_HIST,2021-03-25,RSA,GHA,1,1,,,African Cup of Nations qualification,Completed
HIST_BRA_ECU_20210604,OTHER_HIST,2021-06-04,BRA,ECU,2,0,,,FIFA World Cup qualification,Completed
HIST_PAN_CUW_20210612,OTHER_HIST,2021-06-12,PAN,CUW,2,1,,,FIFA World Cup qualification,Completed
HIST_SCO_CZE_20210614,EURO2021,2021-06-14,SCO,CZE,0,2,,,UEFA Euro,Completed
HIST_RSA_SEN_20210718,OTHER_HIST,2021-07-18,RSA,SEN,0,0,4,3,COSAFA Cup,Completed
HIST_SWE_UZB_20210905,FRIENDLY,2021-09-05,SWE,UZB,2,1,,,Friendly,Completed
HIST_QAT_IRQ_20211206,OTHER_HIST,2021-12-06,QAT,IRQ,3,0,,,Arab Cup,Completed
HIST_QAT_ALG_20211215,OTHER_HIST,2021-12-15,QAT,ALG,1,2,,,Arab Cup,Completed
HIST_CIV_ALG_20220120,OTHER_HIST,2022-01-20,CIV,ALG,3,1,,,African Cup of Nations,Completed
HIST_JOR_NZL_20220128,FRIENDLY,2022-01-28,JOR,NZL,3,1,,,Friendly,Completed
HIST_SEN_EGY_20220206,OTHER_HIST,2022-02-06,SEN,EGY,0,0,4,3,African Cup of Nations,Completed
HIST_EGY_SEN_20220325,OTHER_HIST,2022-03-25,EGY,SEN,1,0,,,FIFA World Cup qualification,Completed
HIST_FRA_CIV_20220325,FRIENDLY,2022-03-25,FRA,CIV,2,1,,,Friendly,Completed
HIST_KSA_AUS_20220329,OTHER_HIST,2022-03-29,KSA,AUS,1,0,,,FIFA World Cup qualification,Completed
HIST_CRO_FRA_20220606,OTHER_HIST,2022-06-06,CRO,FRA,1,1,,,UEFA Nations League,Completed
HIST_KOR_PAR_20220610,FRIENDLY,2022-06-10,KOR,PAR,2,2,,,Friendly,Completed
HIST_URU_PAN_20220611,FRIENDLY,2022-06-11,URU,PAN,5,0,,,Friendly,Completed
HIST_CZE_POR_20220924,OTHER_HIST,2022-09-24,CZE,POR,0,4,,,UEFA Nations League,Completed
HIST_MEX_COL_20220927,FRIENDLY,2022-09-27,MEX,COL,2,3,,,Friendly,Completed
HIST_ARG_CRO_20221213,WC22,2022-12-13,ARG,CRO,3,0,,,World Cup Knockout,Completed
HIST_IRQ_KSA_20230109,OTHER_HIST,2023-01-09,IRQ,KSA,2,0,,,Gulf Cup,Completed
HIST_AUS_ECU_20230328,FRIENDLY,2023-03-28,AUS,ECU,1,2,,,Friendly,Completed
HIST_RSA_MAR_20230617,OTHER_HIST,2023-06-17,RSA,MAR,2,1,,,African Cup of Nations qualification,Completed
HIST_ARG_ECU_20230907,OTHER_HIST,2023-09-07,ARG,ECU,1,0,,,FIFA World Cup qualification,Completed
HIST_USA_UZB_20230909,FRIENDLY,2023-09-09,USA,UZB,3,0,,,Friendly,Completed
HIST_AUS_UZB_20240123,OTHER_HIST,2024-01-23,AUS,UZB,1,1,,,AFC Asian Cup,Completed
HIST_USA_JAM_20240321,OTHER_HIST,2024-03-21,USA,JAM,3,1,,,CONCACAF Nations League,Completed
HIST_NZL_TUN_20240326,OTHER_HIST,2024-03-26,NZL,TUN,0,0,3,4,FIFA Series,Completed
HIST_ECU_JAM_20240626,CA2024,2024-06-26,ECU,JAM,3,1,,,Copa America,Completed
HIST_URU_BRA_20240706,CA2024,2024-07-06,URU,BRA,0,0,4,3,Copa America,Completed
HIST_BRA_ECU_20240906,OTHER_HIST,2024-09-06,BRA,ECU,1,0,,,FIFA World Cup qualification,Completed
HIST_USA_CAN_20240907,FRIENDLY,2024-09-07,USA,CAN,1,2,,,Friendly,Completed
HIST_JAM_USA_20241114,OTHER_HIST,2024-11-14,JAM,USA,0,1,,,CONCACAF Nations League,Completed
HIST_NED_ESP_20250320,OTHER_HIST,2025-03-20,NED,ESP,2,2,,,UEFA Nations League,Completed
HIST_MAR_TUN_20250606,FRIENDLY,2025-06-06,MAR,TUN,2,0,,,Friendly,Completed
HIST_BRA_PAR_20250610,OTHER_HIST,2025-06-10,BRA,PAR,1,0,,,FIFA World Cup qualification,Completed
HIST_HAI_KSA_20250615,OTHER_HIST,2025-06-15,HAI,KSA,0,1,,,Gold Cup,Completed
HIST_USA_ECU_20251010,FRIENDLY,2025-10-10,USA,ECU,1,1,,,Friendly,Completed
HIST_CUW_JAM_20251010,OTHER_HIST,2025-10-10,CUW,JAM,2,0,,,FIFA World Cup qualification,Completed
HIST_ALG_IRQ_20251209,OTHER_HIST,2025-12-09,ALG,IRQ,2,0,,,Arab Cup,Completed
HIST_SEN_EGY_20260114,OTHER_HIST,2026-01-14,SEN,EGY,1,0,,,African Cup of Nations,Completed
HIST_MAR_SEN_20260118,OTHER_HIST,2026-01-18,MAR,SEN,3,0,,,African Cup of Nations,Completed
HIST_MEX_POR_20260328,FRIENDLY,2026-03-28,MEX,POR,0,0,,,Friendly,Completed
HIST_COL_FRA_20260329,FRIENDLY,2026-03-29,COL,FRA,1,3,,,Friendly,Completed
HIST_USA_POR_20260331,FRIENDLY,2026-03-31,USA,POR,0,2,,,Friendly,Completed
HIST_SCO_CUW_20260530,FRIENDLY,2026-05-30,SCO,CUW,4,1,,,Friendly,Completed
HIST_KSA_SEN_20260609,FRIENDLY,2026-06-09,KSA,SEN,0,0,,,Friendly,Completed
HIST_NOR_SWE_20000204,OTHER_HIST,2000-02-04,NOR,SWE,1,1,,,Nordic Championship,Completed
HIST_CAN_KOR_20000215,OTHER_HIST,2000-02-15,CAN,KOR,0,0,,,Gold Cup,Completed
HIST_QAT_JOR_20000408,OTHER_HIST,2000-04-08,QAT,JOR,2,2,,,AFC Asian Cup qualification,Completed
HIST_JOR_IRN_20000531,OTHER_HIST,2000-05-31,JOR,IRN,0,1,,,WAFF Championship,Completed
HIST_JOR_IRQ_20000602,OTHER_HIST,2000-06-02,JOR,IRQ,1,4,,,WAFF Championship,Completed
HIST_ENG_GER_20000617,EURO2000,2000-06-17,ENG,GER,1,0,,,UEFA Euro,Completed
HIST_MEX_CAN_20000815,OTHER_HIST,2000-08-15,MEX,CAN,2,0,,,FIFA World Cup qualification,Completed
HIST_ARG_PAR_20000816,OTHER_HIST,2000-08-16,ARG,PAR,1,1,,,FIFA World Cup qualification,Completed
HIST_GER_ESP_20000816,FRIENDLY,2000-08-16,GER,ESP,4,1,,,Friendly,Completed
HIST_MEX_ARG_20001220,FRIENDLY,2000-12-20,MEX,ARG,0,2,,,Friendly,Completed
HIST_HAI_PAN_20010405,FRIENDLY,2001-04-05,HAI,PAN,1,1,,,Friendly,Completed
HIST_ECU_PAR_20010424,OTHER_HIST,2001-04-24,ECU,PAR,2,1,,,FIFA World Cup qualification,Completed
HIST_KOR_FRA_20010530,OTHER_HIST,2001-05-30,KOR,FRA,0,5,,,Confederations Cup,Completed
HIST_QAT_EGY_20011230,FRIENDLY,2001-12-30,QAT,EGY,2,2,,,Friendly,Completed
HIST_QAT_IRQ_20020113,FRIENDLY,2002-01-13,QAT,IRQ,1,3,,,Friendly,Completed
HIST_KSA_BRA_20020206,FRIENDLY,2002-02-06,KSA,BRA,0,1,,,Friendly,Completed
HIST_USA_ECU_20020310,FRIENDLY,2002-03-10,USA,ECU,1,0,,,Friendly,Completed
HIST_NED_ESP_20020327,FRIENDLY,2002-03-27,NED,ESP,1,0,,,Friendly,Completed
HIST_USA_JAM_20020516,FRIENDLY,2002-05-16,USA,JAM,5,0,,,Friendly,Completed
HIST_IRQ_IRN_20020905,OTHER_HIST,2002-09-05,IRQ,IRN,0,0,4,3,WAFF Championship,Completed
HIST_IRN_PAR_20020919,FRIENDLY,2002-09-19,IRN,PAR,1,1,4,3,Friendly,Completed
HIST_ITA_TUR_20021120,FRIENDLY,2002-11-20,ITA,TUR,1,1,,,Friendly,Completed
HIST_JPN_URU_20030328,FRIENDLY,2003-03-28,JPN,URU,2,2,,,Friendly,Completed
HIST_FRA_EGY_20030430,FRIENDLY,2003-04-30,FRA,EGY,5,0,,,Friendly,Completed
HIST_JPN_ARG_20030608,OTHER_HIST,2003-06-08,JPN,ARG,1,4,,,Kirin Cup,Completed
HIST_NED_FRA_20040331,FRIENDLY,2004-03-31,NED,FRA,0,0,,,Friendly,Completed
HIST_KOR_PAR_20040428,FRIENDLY,2004-04-28,KOR,PAR,0,0,,,Friendly,Completed
HIST_CPV_SEN_20040613,FRIENDLY,2004-06-13,CPV,SEN,1,3,,,Friendly,Completed
HIST_ENG_SUI_20040617,EURO2004,2004-06-17,ENG,SUI,3,0,,,UEFA Euro,Completed
HIST_NED_CZE_20040619,EURO2004,2004-06-19,NED,CZE,2,3,,,UEFA Euro,Completed
HIST_MEX_BRA_20040718,CA2004,2004-07-18,MEX,BRA,0,4,,,Copa America,Completed
HIST_KOR_JOR_20040719,OTHER_HIST,2004-07-19,KOR,JOR,0,0,,,AFC Asian Cup,Completed
HIST_SCO_NOR_20041009,OTHER_HIST,2004-10-09,SCO,NOR,0,1,,,FIFA World Cup qualification,Completed
HIST_SCO_SWE_20041117,FRIENDLY,2004-11-17,SCO,SWE,1,4,,,Friendly,Completed
HIST_COL_KOR_20050115,FRIENDLY,2005-01-15,COL,KOR,2,1,,,Friendly,Completed
HIST_RSA_AUS_20050209,FRIENDLY,2005-02-09,RSA,AUS,1,1,,,Friendly,Completed
HIST_USA_COL_20050309,FRIENDLY,2005-03-09,USA,COL,3,0,,,Friendly,Completed
HIST_MEX_USA_20050327,OTHER_HIST,2005-03-27,MEX,USA,2,1,,,FIFA World Cup qualification,Completed
HIST_KOR_UZB_20050330,OTHER_HIST,2005-03-30,KOR,UZB,2,1,,,FIFA World Cup qualification,Completed
HIST_PAN_MEX_20050330,OTHER_HIST,2005-03-30,PAN,MEX,1,1,,,FIFA World Cup qualification,Completed
HIST_CPV_RSA_20050604,OTHER_HIST,2005-06-04,CPV,RSA,1,2,,,FIFA World Cup qualification,Completed
HIST_AUS_ARG_20050618,OTHER_HIST,2005-06-18,AUS,ARG,2,4,,,Confederations Cup,Completed
HIST_MEX_BRA_20050619,OTHER_HIST,2005-06-19,MEX,BRA,1,0,,,Confederations Cup,Completed
HIST_NOR_SUI_20050817,FRIENDLY,2005-08-17,NOR,SUI,0,2,,,Friendly,Completed
HIST_PAR_ARG_20050903,OTHER_HIST,2005-09-03,PAR,ARG,1,0,,,FIFA World Cup qualification,Completed
HIST_USA_MEX_20050903,OTHER_HIST,2005-09-03,USA,MEX,2,0,,,FIFA World Cup qualification,Completed
HIST_SUI_FRA_20051008,OTHER_HIST,2005-10-08,SUI,FRA,1,1,,,FIFA World Cup qualification,Completed
HIST_SCO_SUI_20060301,FRIENDLY,2006-03-01,SCO,SUI,1,3,,,Friendly,Completed
HIST_SEN_NOR_20060301,FRIENDLY,2006-03-01,SEN,NOR,2,1,,,Friendly,Completed
HIST_BEL_KSA_20060511,FRIENDLY,2006-05-11,BEL,KSA,2,1,,,Friendly,Completed
HIST_BRA_NZL_20060604,FRIENDLY,2006-06-04,BRA,NZL,4,0,,,Friendly,Completed
HIST_ARG_CIV_20060610,WC06,2006-06-10,ARG,CIV,2,1,,,World Cup Knockout,Completed
HIST_ITA_GHA_20060612,WC06,2006-06-12,ITA,GHA,2,0,,,World Cup Knockout,Completed
HIST_SWE_PAR_20060615,WC06,2006-06-15,SWE,PAR,1,0,,,World Cup Knockout,Completed
HIST_ESP_TUN_20060619,WC06,2006-06-19,ESP,TUN,3,1,,,World Cup Knockout,Completed
HIST_CZE_ITA_20060622,WC06,2006-06-22,CZE,ITA,0,2,,,World Cup Knockout,Completed
HIST_CIV_SEN_20060816,FRIENDLY,2006-08-16,CIV,SEN,0,1,,,Friendly,Completed
HIST_KSA_JPN_20060903,OTHER_HIST,2006-09-03,KSA,JPN,1,0,,,AFC Asian Cup qualification,Completed
HIST_IRN_KOR_20061115,OTHER_HIST,2006-11-15,IRN,KOR,2,0,,,AFC Asian Cup qualification,Completed
HIST_JPN_KSA_20061115,OTHER_HIST,2006-11-15,JPN,KSA,3,1,,,AFC Asian Cup qualification,Completed
HIST_MAR_TUN_20070207,FRIENDLY,2007-02-07,MAR,TUN,1,1,,,Friendly,Completed
HIST_COL_SUI_20070325,FRIENDLY,2007-03-25,COL,SUI,3,1,,,Friendly,Completed
HIST_COL_PAR_20070328,FRIENDLY,2007-03-28,COL,PAR,2,0,,,Friendly,Completed
HIST_JPN_QAT_20070709,OTHER_HIST,2007-07-09,JPN,QAT,1,1,,,AFC Asian Cup,Completed
HIST_ITA_FRA_20070908,EURO2007,2007-09-08,ITA,FRA,0,0,,,UEFA Euro,Completed
HIST_AUS_ARG_20070911,FRIENDLY,2007-09-11,AUS,ARG,0,1,,,Friendly,Completed
HIST_FRA_SCO_20070912,EURO2007,2007-09-12,FRA,SCO,0,1,,,UEFA Euro,Completed
HIST_IRQ_JOR_20080124,FRIENDLY,2008-01-24,IRQ,JOR,1,1,,,Friendly,Completed
HIST_URU_COL_20080206,FRIENDLY,2008-02-06,URU,COL,2,2,,,Friendly,Completed
HIST_FRA_ENG_20080326,FRIENDLY,2008-03-26,FRA,ENG,1,0,,,Friendly,Completed
HIST_JOR_KOR_20080607,OTHER_HIST,2008-06-07,JOR,KOR,0,1,,,FIFA World Cup qualification,Completed
HIST_CZE_POR_20080611,EURO2008,2008-06-11,CZE,POR,1,3,,,UEFA Euro,Completed
HIST_QAT_AUS_20080614,OTHER_HIST,2008-06-14,QAT,AUS,1,3,,,FIFA World Cup qualification,Completed
HIST_TUR_CZE_20080615,EURO2008,2008-06-15,TUR,CZE,3,2,,,UEFA Euro,Completed
HIST_AUT_GER_20080616,EURO2008,2008-06-16,AUT,GER,0,1,,,UEFA Euro,Completed
HIST_JOR_QAT_20080813,OTHER_HIST,2008-08-13,JOR,QAT,3,0,,,WAFF Championship,Completed
HIST_URU_ECU_20080910,OTHER_HIST,2008-09-10,URU,ECU,0,0,,,FIFA World Cup qualification,Completed
HIST_FRA_URU_20081119,FRIENDLY,2008-11-19,FRA,URU,0,0,,,Friendly,Completed
HIST_GER_ENG_20081119,FRIENDLY,2008-11-19,GER,ENG,1,2,,,Friendly,Completed
HIST_AUT_SWE_20090211,FRIENDLY,2009-02-11,AUT,SWE,0,2,,,Friendly,Completed
HIST_NED_SCO_20090328,OTHER_HIST,2009-03-28,NED,SCO,3,0,,,FIFA World Cup qualification,Completed
HIST_PAN_HAI_20090331,FRIENDLY,2009-03-31,PAN,HAI,4,0,,,Friendly,Completed
HIST_TUR_ESP_20090401,OTHER_HIST,2009-04-01,TUR,ESP,1,2,,,FIFA World Cup qualification,Completed
HIST_FRA_TUR_20090605,FRIENDLY,2009-06-05,FRA,TUR,1,0,,,Friendly,Completed
HIST_ALG_EGY_20090607,OTHER_HIST,2009-06-07,ALG,EGY,3,1,,,FIFA World Cup qualification,Completed
HIST_USA_ITA_20090615,OTHER_HIST,2009-06-15,USA,ITA,1,3,,,Confederations Cup,Completed
HIST_HAI_PAN_20090619,FRIENDLY,2009-06-19,HAI,PAN,1,1,,,Friendly,Completed
HIST_ARG_BRA_20090905,OTHER_HIST,2009-09-05,ARG,BRA,1,3,,,FIFA World Cup qualification,Completed
HIST_RSA_JAM_20091117,FRIENDLY,2009-11-17,RSA,JAM,0,0,,,Friendly,Completed
HIST_BEL_CRO_20100303,FRIENDLY,2010-03-03,BEL,CRO,0,1,,,Friendly,Completed
HIST_ENG_EGY_20100303,FRIENDLY,2010-03-03,ENG,EGY,3,1,,,Friendly,Completed
HIST_NED_USA_20100303,FRIENDLY,2010-03-03,NED,USA,2,1,,,Friendly,Completed
HIST_SUI_URU_20100303,FRIENDLY,2010-03-03,SUI,URU,1,3,,,Friendly,Completed
HIST_JPN_KOR_20100524,FRIENDLY,2010-05-24,JPN,KOR,0,2,,,Friendly,Completed
HIST_RSA_COL_20100527,FRIENDLY,2010-05-27,RSA,COL,2,1,,,Friendly,Completed
HIST_ENG_USA_20100612,WC10,2010-06-12,ENG,USA,1,1,,,World Cup Knockout,Completed
HIST_ITA_PAR_20100614,WC10,2010-06-14,ITA,PAR,1,1,,,World Cup Knockout,Completed
HIST_FRA_MEX_20100617,WC10,2010-06-17,FRA,MEX,0,2,,,World Cup Knockout,Completed
HIST_MEX_URU_20100622,WC10,2010-06-22,MEX,URU,0,1,,,World Cup Knockout,Completed
HIST_PAR_JPN_20100629,WC10,2010-06-29,PAR,JPN,0,0,4,3,World Cup Knockout,Completed
HIST_IRN_BRA_20101007,FRIENDLY,2010-10-07,IRN,BRA,0,3,,,Friendly,Completed
HIST_AUS_PAR_20101009,FRIENDLY,2010-10-09,AUS,PAR,1,0,,,Friendly,Completed
HIST_CRO_NOR_20101012,FRIENDLY,2010-10-12,CRO,NOR,2,1,,,Friendly,Completed
HIST_QAT_JPN_20110121,OTHER_HIST,2011-01-21,QAT,JPN,2,3,,,AFC Asian Cup,Completed
HIST_IRN_KOR_20110122,OTHER_HIST,2011-01-22,IRN,KOR,0,1,,,AFC Asian Cup,Completed
HIST_TUR_KOR_20110209,FRIENDLY,2011-02-09,TUR,KOR,0,0,,,Friendly,Completed
HIST_USA_ARG_20110326,FRIENDLY,2011-03-26,USA,ARG,1,1,,,Friendly,Completed
HIST_EGY_RSA_20110605,OTHER_HIST,2011-06-05,EGY,RSA,0,0,,,African Cup of Nations qualification,Completed
HIST_BRA_ECU_20110713,CA2011,2011-07-13,BRA,ECU,4,2,,,Copa America,Completed
HIST_BRA_PAR_20110717,CA2011,2011-07-17,BRA,PAR,0,0,3,4,Copa America,Completed
HIST_JPN_KOR_20110810,FRIENDLY,2011-08-10,JPN,KOR,3,0,,,Friendly,Completed
HIST_BRA_ARG_20110928,OTHER_HIST,2011-09-28,BRA,ARG,2,0,,,Superclásico de las Américas,Completed
HIST_RSA_CIV_20111112,FRIENDLY,2011-11-12,RSA,CIV,1,1,,,Friendly,Completed
HIST_KOR_UZB_20120225,FRIENDLY,2012-02-25,KOR,UZB,4,2,,,Friendly,Completed
HIST_MEX_BRA_20120603,FRIENDLY,2012-06-03,MEX,BRA,2,0,,,Friendly,Completed
HIST_GER_POR_20120609,EURO2012,2012-06-09,GER,POR,1,0,,,UEFA Euro,Completed
HIST_POR_ESP_20120627,EURO2012,2012-06-27,POR,ESP,0,0,3,4,UEFA Euro,Completed
HIST_CRO_SUI_20120815,FRIENDLY,2012-08-15,CRO,SUI,2,4,,,Friendly,Completed
HIST_ARG_PAR_20120907,OTHER_HIST,2012-09-07,ARG,PAR,3,1,,,FIFA World Cup qualification,Completed
HIST_CAN_PAN_20120907,OTHER_HIST,2012-09-07,CAN,PAN,1,0,,,FIFA World Cup qualification,Completed
HIST_JPN_IRQ_20120911,OTHER_HIST,2012-09-11,JPN,IRQ,1,0,,,FIFA World Cup qualification,Completed
HIST_BEL_SCO_20121016,OTHER_HIST,2012-10-16,BEL,SCO,2,0,,,FIFA World Cup qualification,Completed
HIST_KSA_ARG_20121114,FRIENDLY,2012-11-14,KSA,ARG,0,0,,,Friendly,Completed
HIST_TUN_ALG_20130122,OTHER_HIST,2013-01-22,TUN,ALG,1,0,,,African Cup of Nations,Completed
HIST_SWE_ARG_20130206,FRIENDLY,2013-02-06,SWE,ARG,2,3,,,Friendly,Completed
HIST_KOR_QAT_20130326,OTHER_HIST,2013-03-26,KOR,QAT,2,1,,,FIFA World Cup qualification,Completed
HIST_USA_BEL_20130529,FRIENDLY,2013-05-29,USA,BEL,2,4,,,Friendly,Completed
HIST_QAT_IRN_20130604,OTHER_HIST,2013-06-04,QAT,IRN,0,1,,,FIFA World Cup qualification,Completed
HIST_JPN_MEX_20130622,OTHER_HIST,2013-06-22,JPN,MEX,1,2,,,Confederations Cup,Completed
HIST_TUR_GHA_20130814,FRIENDLY,2013-08-14,TUR,GHA,2,2,,,Friendly,Completed
HIST_BRA_AUS_20130907,FRIENDLY,2013-09-07,BRA,AUS,6,0,,,Friendly,Completed
HIST_ITA_CZE_20130910,OTHER_HIST,2013-09-10,ITA,CZE,2,1,,,FIFA World Cup qualification,Completed
HIST_NOR_SUI_20130910,OTHER_HIST,2013-09-10,NOR,SUI,0,2,,,FIFA World Cup qualification,Completed
HIST_FRA_AUS_20131011,FRIENDLY,2013-10-11,FRA,AUS,6,0,,,Friendly,Completed
HIST_SWE_AUT_20131011,OTHER_HIST,2013-10-11,SWE,AUT,2,1,,,FIFA World Cup qualification,Completed
HIST_PAR_COL_20131015,OTHER_HIST,2013-10-15,PAR,COL,1,2,,,FIFA World Cup qualification,Completed
HIST_COL_TUN_20140305,FRIENDLY,2014-03-05,COL,TUN,1,1,,,Friendly,Completed
HIST_RSA_BRA_20140305,FRIENDLY,2014-03-05,RSA,BRA,0,5,,,Friendly,Completed
HIST_TUR_SWE_20140305,FRIENDLY,2014-03-05,TUR,SWE,2,1,,,Friendly,Completed
HIST_MEX_ECU_20140531,FRIENDLY,2014-05-31,MEX,ECU,3,1,,,Friendly,Completed
HIST_BRA_MEX_20140617,WC14,2014-06-17,BRA,MEX,0,0,,,World Cup Knockout,Completed
HIST_ECU_FRA_20140625,WC14,2014-06-25,ECU,FRA,0,0,,,World Cup Knockout,Completed
HIST_KSA_URU_20141010,FRIENDLY,2014-10-10,KSA,URU,1,1,,,Friendly,Completed
HIST_FRA_POR_20141011,FRIENDLY,2014-10-11,FRA,POR,2,1,,,Friendly,Completed
HIST_QAT_AUS_20141014,FRIENDLY,2014-10-14,QAT,AUS,1,0,,,Friendly,Completed
HIST_ARG_CRO_20141112,FRIENDLY,2014-11-12,ARG,CRO,2,1,,,Friendly,Completed
HIST_FRA_SWE_20141118,FRIENDLY,2014-11-18,FRA,SWE,1,0,,,Friendly,Completed
HIST_QAT_ALG_20150326,FRIENDLY,2015-03-26,QAT,ALG,1,0,,,Friendly,Completed
HIST_NOR_SWE_20150608,FRIENDLY,2015-06-08,NOR,SWE,0,0,,,Friendly,Completed
HIST_BEL_ITA_20151113,FRIENDLY,2015-11-13,BEL,ITA,3,1,,,Friendly,Completed
HIST_ESP_ENG_20151113,FRIENDLY,2015-11-13,ESP,ENG,2,0,,,Friendly,Completed
HIST_JAM_PAN_20151113,OTHER_HIST,2015-11-13,JAM,PAN,0,2,,,FIFA World Cup qualification,Completed
HIST_ESP_CZE_20160613,EURO2016,2016-06-13,ESP,CZE,1,0,,,UEFA Euro,Completed
HIST_AUS_IRQ_20160901,OTHER_HIST,2016-09-01,AUS,IRQ,2,0,,,FIFA World Cup qualification,Completed
HIST_ITA_FRA_20160901,FRIENDLY,2016-09-01,ITA,FRA,1,3,,,Friendly,Completed
HIST_NED_BEL_20161109,FRIENDLY,2016-11-09,NED,BEL,1,1,,,Friendly,Completed
HIST_FRA_SWE_20161111,OTHER_HIST,2016-11-11,FRA,SWE,2,1,,,FIFA World Cup qualification,Completed
HIST_ARG_COL_20161115,OTHER_HIST,2016-11-15,ARG,COL,3,0,,,FIFA World Cup qualification,Completed
HIST_FRA_CIV_20161115,FRIENDLY,2016-11-15,FRA,CIV,0,0,,,Friendly,Completed
HIST_BRA_COL_20170126,FRIENDLY,2017-01-26,BRA,COL,1,0,,,Friendly,Completed
HIST_PAN_USA_20170328,OTHER_HIST,2017-03-28,PAN,USA,1,1,,,FIFA World Cup qualification,Completed
HIST_FRA_PAR_20170602,FRIENDLY,2017-06-02,FRA,PAR,5,0,,,Friendly,Completed
HIST_SWE_FRA_20170609,OTHER_HIST,2017-06-09,SWE,FRA,2,1,,,FIFA World Cup qualification,Completed
HIST_MEX_USA_20170611,OTHER_HIST,2017-06-11,MEX,USA,1,1,,,FIFA World Cup qualification,Completed
HIST_MEX_PAR_20170701,FRIENDLY,2017-07-01,MEX,PAR,2,1,,,Friendly,Completed
HIST_KSA_JPN_20170905,OTHER_HIST,2017-09-05,KSA,JPN,1,0,,,FIFA World Cup qualification,Completed
HIST_NED_SWE_20171010,OTHER_HIST,2017-10-10,NED,SWE,2,0,,,FIFA World Cup qualification,Completed
HIST_POR_SUI_20171010,OTHER_HIST,2017-10-10,POR,SUI,2,0,,,FIFA World Cup qualification,Completed
HIST_JPN_BRA_20171110,FRIENDLY,2017-11-10,JPN,BRA,1,3,,,Friendly,Completed
HIST_RSA_SEN_20171110,OTHER_HIST,2017-11-10,RSA,SEN,0,2,,,FIFA World Cup qualification,Completed
HIST_BEL_JPN_20171114,FRIENDLY,2017-11-14,BEL,JPN,1,0,,,Friendly,Completed
HIST_IRQ_QAT_20171226,OTHER_HIST,2017-12-26,IRQ,QAT,2,1,,,Gulf Cup,Completed
HIST_POR_NED_20180326,FRIENDLY,2018-03-26,POR,NED,0,3,,,Friendly,Completed
HIST_ITA_KSA_20180528,FRIENDLY,2018-05-28,ITA,KSA,2,1,,,Friendly,Completed
HIST_POR_ESP_20180615,WC18,2018-06-15,POR,ESP,3,3,,,World Cup Knockout,Completed
HIST_GER_SWE_20180623,WC18,2018-06-23,GER,SWE,2,1,,,World Cup Knockout,Completed
HIST_KOR_GER_20180627,WC18,2018-06-27,KOR,GER,2,0,,,World Cup Knockout,Completed
HIST_JPN_URU_20181016,OTHER_HIST,2018-10-16,JPN,URU,4,3,,,Kirin Challenge Cup,Completed
HIST_JOR_KSA_20181120,FRIENDLY,2018-11-20,JOR,KSA,1,1,,,Friendly,Completed
HIST_TUN_MAR_20181120,FRIENDLY,2018-11-20,TUN,MAR,0,1,,,Friendly,Completed
HIST_KOR_COL_20190326,FRIENDLY,2019-03-26,KOR,COL,2,1,,,Friendly,Completed
HIST_PAR_MEX_20190326,FRIENDLY,2019-03-26,PAR,MEX,2,4,,,Friendly,Completed
HIST_BEL_SCO_20190611,EURO2019,2019-06-11,BEL,SCO,3,0,,,UEFA Euro,Completed
HIST_CIV_TUN_20190910,FRIENDLY,2019-09-10,CIV,TUN,2,1,,,Friendly,Completed
HIST_USA_URU_20190910,FRIENDLY,2019-09-10,USA,URU,1,1,,,Friendly,Completed
HIST_ALG_COL_20191015,FRIENDLY,2019-10-15,ALG,COL,3,0,,,Friendly,Completed
HIST_ARG_URU_20191118,FRIENDLY,2019-11-18,ARG,URU,2,2,,,Friendly,Completed
HIST_QAT_IRQ_20191126,OTHER_HIST,2019-11-26,QAT,IRQ,1,2,,,Gulf Cup,Completed
HIST_NED_ESP_20201111,FRIENDLY,2020-11-11,NED,ESP,1,1,,,Friendly,Completed
HIST_SCO_AUT_20210325,OTHER_HIST,2021-03-25,SCO,AUT,2,2,,,FIFA World Cup qualification,Completed
HIST_ENG_AUT_20210602,FRIENDLY,2021-06-02,ENG,AUT,1,0,,,Friendly,Completed
HIST_URU_PAR_20210603,OTHER_HIST,2021-06-03,URU,PAR,0,0,,,FIFA World Cup qualification,Completed
HIST_GHA_CIV_20210612,FRIENDLY,2021-06-12,GHA,CIV,0,0,,,Friendly,Completed
HIST_ESP_SWE_20210614,EURO2021,2021-06-14,ESP,SWE,0,0,,,UEFA Euro,Completed
HIST_ITA_SUI_20210616,EURO2021,2021-06-16,ITA,SUI,3,0,,,UEFA Euro,Completed
HIST_QAT_PAN_20210713,OTHER_HIST,2021-07-13,QAT,PAN,3,3,,,Gold Cup,Completed
HIST_MEX_JAM_20210902,OTHER_HIST,2021-09-02,MEX,JAM,2,1,,,FIFA World Cup qualification,Completed
HIST_USA_CAN_20210905,OTHER_HIST,2021-09-05,USA,CAN,1,1,,,FIFA World Cup qualification,Completed
HIST_ARG_URU_20211010,OTHER_HIST,2021-10-10,ARG,URU,3,0,,,FIFA World Cup qualification,Completed
HIST_JAM_USA_20211116,OTHER_HIST,2021-11-16,JAM,USA,1,1,,,FIFA World Cup qualification,Completed
HIST_SEN_CPV_20220125,OTHER_HIST,2022-01-25,SEN,CPV,2,0,,,African Cup of Nations,Completed
HIST_PAN_JAM_20220130,OTHER_HIST,2022-01-30,PAN,JAM,3,2,,,FIFA World Cup qualification,Completed
HIST_SEN_EGY_20220329,OTHER_HIST,2022-03-29,SEN,EGY,1,0,4,3,FIFA World Cup qualification,Completed
HIST_ESP_CZE_20220612,OTHER_HIST,2022-06-12,ESP,CZE,2,0,,,UEFA Nations League,Completed
HIST_PAR_MAR_20220927,FRIENDLY,2022-09-27,PAR,MAR,0,0,,,Friendly,Completed
HIST_TUR_CZE_20221119,FRIENDLY,2022-11-19,TUR,CZE,2,1,,,Friendly,Completed
HIST_CRO_CAN_20221127,WC22,2022-11-27,CRO,CAN,4,1,,,World Cup Knockout,Completed
HIST_JPN_ESP_20221201,WC22,2022-12-01,JPN,ESP,2,1,,,World Cup Knockout,Completed
HIST_USA_COL_20230128,FRIENDLY,2023-01-28,USA,COL,0,0,,,Friendly,Completed
HIST_GER_BEL_20230328,FRIENDLY,2023-03-28,GER,BEL,2,3,,,Friendly,Completed
HIST_MEX_AUS_20230909,FRIENDLY,2023-09-09,MEX,AUS,2,2,,,Friendly,Completed
HIST_NED_FRA_20231013,EURO2023,2023-10-13,NED,FRA,1,2,,,UEFA Euro,Completed
HIST_ALG_EGY_20231016,FRIENDLY,2023-10-16,ALG,EGY,1,1,,,Friendly,Completed
HIST_JOR_KSA_20231121,OTHER_HIST,2023-11-21,JOR,KSA,0,2,,,FIFA World Cup qualification,Completed
HIST_AUT_GER_20231121,FRIENDLY,2023-11-21,AUT,GER,2,0,,,Friendly,Completed
HIST_NED_CAN_20240606,FRIENDLY,2024-06-06,NED,CAN,4,0,,,Friendly,Completed
HIST_USA_BRA_20240612,FRIENDLY,2024-06-12,USA,BRA,1,1,,,Friendly,Completed
HIST_POR_CZE_20240618,EURO2024,2024-06-18,POR,CZE,2,1,,,UEFA Euro,Completed
HIST_ESP_FRA_20240709,EURO2024,2024-07-09,ESP,FRA,2,1,,,UEFA Euro,Completed
HIST_POR_CRO_20240905,OTHER_HIST,2024-09-05,POR,CRO,2,1,,,UEFA Nations League,Completed
HIST_KSA_JPN_20241010,OTHER_HIST,2024-10-10,KSA,JPN,0,2,,,FIFA World Cup qualification,Completed
HIST_AUS_NZL_20250905,OTHER_HIST,2025-09-05,AUS,NZL,1,0,,,Soccer Ashes,Completed
HIST_USA_JPN_20250909,FRIENDLY,2025-09-09,USA,JPN,2,0,,,Friendly,Completed
HIST_SWE_SUI_20251010,OTHER_HIST,2025-10-10,SWE,SUI,0,2,,,FIFA World Cup qualification,Completed
HIST_CAN_ECU_20251113,FRIENDLY,2025-11-13,CAN,ECU,0,0,,,Friendly,Completed
HIST_KSA_CIV_20251114,FRIENDLY,2025-11-14,KSA,CIV,1,0,,,Friendly,Completed
HIST_KSA_JOR_20251215,OTHER_HIST,2025-12-15,KSA,JOR,0,1,,,Arab Cup,Completed
HIST_NED_NOR_20260327,FRIENDLY,2026-03-27,NED,NOR,2,1,,,Friendly,Completed
HIST_GER_GHA_20260330,FRIENDLY,2026-03-30,GER,GHA,2,1,,,Friendly,Completed
HIST_MAR_PAR_20260331,FRIENDLY,2026-03-31,MAR,PAR,2,1,,,Friendly,Completed
HIST_ESP_EGY_20260331,FRIENDLY,2026-03-31,ESP,EGY,0,0,,,Friendly,Completed
HIST_AUS_SUI_20260606,FRIENDLY,2026-06-06,AUS,SUI,1,1,,,Friendly,Completed
HIST_EGY_SEN_20000128,OTHER_HIST,2000-01-28,EGY,SEN,1,0,,,African Cup of Nations,Completed
HIST_RSA_TUN_20000212,OTHER_HIST,2000-02-12,RSA,TUN,2,2,4,3,African Cup of Nations,Completed
HIST_AUT_SWE_20000329,FRIENDLY,2000-03-29,AUT,SWE,1,1,,,Friendly,Completed
HIST_BEL_NED_20000329,FRIENDLY,2000-03-29,BEL,NED,2,2,,,Friendly,Completed
HIST_CRO_GER_20000329,FRIENDLY,2000-03-29,CRO,GER,1,1,,,Friendly,Completed
HIST_TUR_ITA_20000611,EURO2000,2000-06-11,TUR,ITA,1,2,,,UEFA Euro,Completed
HIST_BEL_ITA_20000614,EURO2000,2000-06-14,BEL,ITA,0,2,,,UEFA Euro,Completed
HIST_EGY_GHA_20000617,FRIENDLY,2000-06-17,EGY,GHA,2,0,,,Friendly,Completed
HIST_COL_PAR_20001007,OTHER_HIST,2000-10-07,COL,PAR,0,2,,,FIFA World Cup qualification,Completed
HIST_EGY_CAN_20010424,FRIENDLY,2001-04-24,EGY,CAN,3,0,,,Friendly,Completed
HIST_ESP_JPN_20010425,FRIENDLY,2001-04-25,ESP,JPN,1,0,,,Friendly,Completed
HIST_AUS_FRA_20010601,OTHER_HIST,2001-06-01,AUS,FRA,1,0,,,Confederations Cup,Completed
HIST_QAT_IRN_20010801,FRIENDLY,2001-08-01,QAT,IRN,2,1,,,Friendly,Completed
HIST_ITA_MAR_20010905,FRIENDLY,2001-09-05,ITA,MAR,1,0,,,Friendly,Completed
HIST_KSA_IRN_20010928,OTHER_HIST,2001-09-28,KSA,IRN,2,2,,,FIFA World Cup qualification,Completed
HIST_IRQ_KSA_20011005,OTHER_HIST,2001-10-05,IRQ,KSA,1,2,,,FIFA World Cup qualification,Completed
HIST_CZE_BEL_20011114,OTHER_HIST,2001-11-14,CZE,BEL,0,1,,,FIFA World Cup qualification,Completed
HIST_KOR_TUR_20020326,FRIENDLY,2002-03-26,KOR,TUR,0,0,,,Friendly,Completed
HIST_KSA_URU_20020327,FRIENDLY,2002-03-27,KSA,URU,3,2,,,Friendly,Completed
HIST_NOR_JPN_20020514,FRIENDLY,2002-05-14,NOR,JPN,3,0,,,Friendly,Completed
HIST_USA_NED_20020519,FRIENDLY,2002-05-19,USA,NED,0,2,,,Friendly,Completed
HIST_SWE_ARG_20020612,WC02,2002-06-12,SWE,ARG,1,1,,,World Cup Knockout,Completed
HIST_ENG_BRA_20020621,WC02,2002-06-21,ENG,BRA,1,2,,,World Cup Knockout,Completed
HIST_CIV_RSA_20020908,OTHER_HIST,2002-09-08,CIV,RSA,0,0,,,African Cup of Nations qualification,Completed
HIST_RSA_SEN_20021119,FRIENDLY,2002-11-19,RSA,SEN,1,1,3,4,Friendly,Completed
HIST_URU_IRN_20030204,OTHER_HIST,2003-02-04,URU,IRN,1,1,4,3,Lunar New Year Cup,Completed
HIST_QAT_SWE_20030216,OTHER_HIST,2003-02-16,QAT,SWE,2,3,,,King's Cup,Completed
HIST_KOR_COL_20030329,FRIENDLY,2003-03-29,KOR,COL,0,0,,,Friendly,Completed
HIST_KOR_JPN_20030416,FRIENDLY,2003-04-16,KOR,JPN,0,1,,,Friendly,Completed
HIST_JPN_KOR_20030531,FRIENDLY,2003-05-31,JPN,KOR,0,1,,,Friendly,Completed
HIST_GER_CAN_20030601,FRIENDLY,2003-06-01,GER,CAN,4,1,,,Friendly,Completed
HIST_COL_NZL_20030620,OTHER_HIST,2003-06-20,COL,NZL,3,1,,,Confederations Cup,Completed
HIST_BRA_USA_20030621,OTHER_HIST,2003-06-21,BRA,USA,1,0,,,Confederations Cup,Completed
HIST_JPN_COL_20030622,OTHER_HIST,2003-06-22,JPN,COL,0,1,,,Confederations Cup,Completed
HIST_GER_ITA_20030820,FRIENDLY,2003-08-20,GER,ITA,0,1,,,Friendly,Completed
HIST_CZE_NED_20030910,EURO2003,2003-09-10,CZE,NED,3,1,,,UEFA Euro,Completed
HIST_ESP_NOR_20031115,EURO2003,2003-11-15,ESP,NOR,2,1,,,UEFA Euro,Completed
HIST_SWE_NOR_20040122,OTHER_HIST,2004-01-22,SWE,NOR,0,3,,,Lunar New Year Cup,Completed
HIST_PAR_BRA_20040331,OTHER_HIST,2004-03-31,PAR,BRA,0,0,,,FIFA World Cup qualification,Completed
HIST_CZE_JPN_20040428,FRIENDLY,2004-04-28,CZE,JPN,0,1,,,Friendly,Completed
HIST_ALG_JOR_20040530,FRIENDLY,2004-05-30,ALG,JOR,1,1,,,Friendly,Completed
HIST_TUN_ITA_20040530,FRIENDLY,2004-05-30,TUN,ITA,0,4,,,Friendly,Completed
HIST_SUI_GER_20040602,FRIENDLY,2004-06-02,SUI,GER,0,2,,,Friendly,Completed
HIST_EGY_CIV_20040620,OTHER_HIST,2004-06-20,EGY,CIV,1,2,,,FIFA World Cup qualification,Completed
HIST_GHA_RSA_20040620,OTHER_HIST,2004-06-20,GHA,RSA,3,0,,,FIFA World Cup qualification,Completed
HIST_IRQ_JOR_20040625,OTHER_HIST,2004-06-25,IRQ,JOR,1,3,,,WAFF Championship,Completed
HIST_MEX_URU_20040707,CA2004,2004-07-07,MEX,URU,2,2,,,Copa America,Completed
HIST_ITA_NOR_20040904,OTHER_HIST,2004-09-04,ITA,NOR,2,1,,,FIFA World Cup qualification,Completed
HIST_ECU_JOR_20041020,FRIENDLY,2004-10-20,ECU,JOR,0,3,,,Friendly,Completed
HIST_ALG_SEN_20041117,FRIENDLY,2004-11-17,ALG,SEN,1,2,,,Friendly,Completed
HIST_KSA_EGY_20050314,FRIENDLY,2005-03-14,KSA,EGY,0,1,,,Friendly,Completed
HIST_ITA_SCO_20050326,OTHER_HIST,2005-03-26,ITA,SCO,2,0,,,FIFA World Cup qualification,Completed
HIST_JPN_IRN_20050817,OTHER_HIST,2005-08-17,JPN,IRN,2,1,,,FIFA World Cup qualification,Completed
HIST_SCO_ITA_20050903,OTHER_HIST,2005-09-03,SCO,ITA,1,1,,,FIFA World Cup qualification,Completed
HIST_GER_RSA_20050907,FRIENDLY,2005-09-07,GER,RSA,4,2,,,Friendly,Completed
HIST_TUR_GER_20051008,FRIENDLY,2005-10-08,TUR,GER,2,1,,,Friendly,Completed
HIST_AUS_URU_20051116,OTHER_HIST,2005-11-16,AUS,URU,1,0,4,3,FIFA World Cup qualification,Completed
HIST_TUN_GHA_20060115,FRIENDLY,2006-01-15,TUN,GHA,2,0,,,Friendly,Completed
HIST_EGY_MAR_20060124,OTHER_HIST,2006-01-24,EGY,MAR,0,0,,,African Cup of Nations,Completed
HIST_CZE_GHA_20060617,WC06,2006-06-17,CZE,GHA,0,2,,,World Cup Knockout,Completed
HIST_GER_ECU_20060620,WC06,2006-06-20,GER,ECU,3,0,,,World Cup Knockout,Completed
HIST_GER_ARG_20060630,WC06,2006-06-30,GER,ARG,1,1,4,3,World Cup Knockout,Completed
HIST_BRA_GHA_20070327,FRIENDLY,2007-03-27,BRA,GHA,1,0,,,Friendly,Completed
HIST_COL_ECU_20070623,FRIENDLY,2007-06-23,COL,ECU,3,1,,,Friendly,Completed
HIST_IRN_KOR_20070722,OTHER_HIST,2007-07-22,IRN,KOR,0,0,3,4,AFC Asian Cup,Completed
HIST_JPN_KSA_20070725,OTHER_HIST,2007-07-25,JPN,KSA,2,3,,,AFC Asian Cup,Completed
HIST_AUT_CZE_20070822,FRIENDLY,2007-08-22,AUT,CZE,1,1,,,Friendly,Completed
HIST_QAT_IRN_20080110,FRIENDLY,2008-01-10,QAT,IRN,0,0,,,Friendly,Completed
HIST_USA_SWE_20080119,FRIENDLY,2008-01-19,USA,SWE,2,0,,,Friendly,Completed
HIST_UZB_JOR_20080322,FRIENDLY,2008-03-22,UZB,JOR,4,1,,,Friendly,Completed
HIST_GHA_MEX_20080326,FRIENDLY,2008-03-26,GHA,MEX,1,2,,,Friendly,Completed
HIST_BRA_CAN_20080531,FRIENDLY,2008-05-31,BRA,CAN,3,2,,,Friendly,Completed
HIST_AUT_CRO_20080608,EURO2008,2008-06-08,AUT,CRO,0,1,,,UEFA Euro,Completed
HIST_NED_ITA_20080609,EURO2008,2008-06-09,NED,ITA,3,0,,,UEFA Euro,Completed
HIST_BRA_ARG_20080618,OTHER_HIST,2008-06-18,BRA,ARG,0,0,,,FIFA World Cup qualification,Completed
HIST_GER_ESP_20080629,EURO2008,2008-06-29,GER,ESP,0,1,,,UEFA Euro,Completed
HIST_SCO_NOR_20081011,OTHER_HIST,2008-10-11,SCO,NOR,0,0,,,FIFA World Cup qualification,Completed
HIST_BRA_ITA_20090210,FRIENDLY,2009-02-10,BRA,ITA,2,0,,,Friendly,Completed
HIST_IRN_SEN_20090401,FRIENDLY,2009-04-01,IRN,SEN,1,1,,,Friendly,Completed
HIST_UZB_JPN_20090606,OTHER_HIST,2009-06-06,UZB,JPN,0,1,,,FIFA World Cup qualification,Completed
HIST_BRA_PAR_20090610,OTHER_HIST,2009-06-10,BRA,PAR,2,1,,,FIFA World Cup qualification,Completed
HIST_KOR_KSA_20090610,OTHER_HIST,2009-06-10,KOR,KSA,0,0,,,FIFA World Cup qualification,Completed
HIST_ESP_USA_20090624,OTHER_HIST,2009-06-24,ESP,USA,0,2,,,Confederations Cup,Completed
HIST_RSA_BRA_20090625,OTHER_HIST,2009-06-25,RSA,BRA,0,1,,,Confederations Cup,Completed
HIST_SCO_NED_20090909,OTHER_HIST,2009-09-09,SCO,NED,0,1,,,FIFA World Cup qualification,Completed
HIST_BEL_QAT_20091117,FRIENDLY,2009-11-17,BEL,QAT,2,0,,,Friendly,Completed
HIST_GER_ARG_20100303,FRIENDLY,2010-03-03,GER,ARG,0,1,,,Friendly,Completed
HIST_RSA_URU_20100616,WC10,2010-06-16,RSA,URU,0,3,,,World Cup Knockout,Completed
HIST_BRA_CIV_20100620,WC10,2010-06-20,BRA,CIV,3,1,,,World Cup Knockout,Completed
HIST_NED_BRA_20100702,WC10,2010-07-02,NED,BRA,2,1,,,World Cup Knockout,Completed
HIST_SEN_CPV_20100811,FRIENDLY,2010-08-11,SEN,CPV,1,0,,,Friendly,Completed
HIST_SUI_ENG_20100907,EURO2010,2010-09-07,SUI,ENG,1,3,,,UEFA Euro,Completed
HIST_IRQ_IRN_20110111,OTHER_HIST,2011-01-11,IRQ,IRN,1,2,,,AFC Asian Cup,Completed
HIST_ESP_CZE_20110325,EURO2011,2011-03-25,ESP,CZE,2,1,,,UEFA Euro,Completed
HIST_RSA_EGY_20110326,OTHER_HIST,2011-03-26,RSA,EGY,1,0,,,African Cup of Nations qualification,Completed
HIST_UZB_JPN_20110906,OTHER_HIST,2011-09-06,UZB,JPN,1,1,,,FIFA World Cup qualification,Completed
HIST_PAR_URU_20111011,OTHER_HIST,2011-10-11,PAR,URU,1,1,,,FIFA World Cup qualification,Completed
HIST_USA_ECU_20111011,FRIENDLY,2011-10-11,USA,ECU,0,1,,,Friendly,Completed
HIST_CRO_SWE_20120229,FRIENDLY,2012-02-29,CRO,SWE,1,3,,,Friendly,Completed
HIST_GER_FRA_20120229,FRIENDLY,2012-02-29,GER,FRA,1,2,,,Friendly,Completed
HIST_ARG_ECU_20120602,OTHER_HIST,2012-06-02,ARG,ECU,4,0,,,FIFA World Cup qualification,Completed
HIST_QAT_KOR_20120608,OTHER_HIST,2012-06-08,QAT,KOR,1,4,,,FIFA World Cup qualification,Completed
HIST_JOR_AUS_20120911,OTHER_HIST,2012-09-11,JOR,AUS,2,1,,,FIFA World Cup qualification,Completed
HIST_SWE_ENG_20121114,FRIENDLY,2012-11-14,SWE,ENG,4,2,,,Friendly,Completed
HIST_KSA_IRQ_20130106,OTHER_HIST,2013-01-06,KSA,IRQ,0,2,,,Gulf Cup,Completed
HIST_URU_FRA_20130605,FRIENDLY,2013-06-05,URU,FRA,1,0,,,Friendly,Completed
HIST_CRO_POR_20130610,FRIENDLY,2013-06-10,CRO,POR,0,1,,,Friendly,Completed
HIST_AUS_IRQ_20130618,OTHER_HIST,2013-06-18,AUS,IRQ,1,0,,,FIFA World Cup qualification,Completed
HIST_KOR_JPN_20130728,OTHER_HIST,2013-07-28,KOR,JPN,1,2,,,EAFF Championship,Completed
HIST_JPN_URU_20130814,FRIENDLY,2013-08-14,JPN,URU,2,4,,,Friendly,Completed
HIST_POR_NED_20130814,FRIENDLY,2013-08-14,POR,NED,1,1,,,Friendly,Completed
HIST_KOR_CRO_20130910,FRIENDLY,2013-09-10,KOR,CRO,1,2,,,Friendly,Completed
HIST_MAR_RSA_20131011,FRIENDLY,2013-10-11,MAR,RSA,1,1,,,Friendly,Completed
HIST_PAN_USA_20131015,OTHER_HIST,2013-10-15,PAN,USA,2,3,,,FIFA World Cup qualification,Completed
HIST_KSA_IRQ_20131115,OTHER_HIST,2013-11-15,KSA,IRQ,2,1,,,AFC Asian Cup qualification,Completed
HIST_NED_ECU_20140517,FRIENDLY,2014-05-17,NED,ECU,1,1,,,Friendly,Completed
HIST_NZL_RSA_20140530,FRIENDLY,2014-05-30,NZL,RSA,0,0,,,Friendly,Completed
HIST_ECU_ENG_20140604,FRIENDLY,2014-06-04,ECU,ENG,2,2,,,Friendly,Completed
HIST_MEX_POR_20140606,FRIENDLY,2014-06-06,MEX,POR,0,1,,,Friendly,Completed
HIST_BEL_ALG_20140617,WC14,2014-06-17,BEL,ALG,2,1,,,World Cup Knockout,Completed
HIST_ARG_BEL_20140705,WC14,2014-07-05,ARG,BEL,1,0,,,World Cup Knockout,Completed
HIST_FRA_ESP_20140904,FRIENDLY,2014-09-04,FRA,ESP,1,0,,,Friendly,Completed
HIST_IRN_IRQ_20150123,OTHER_HIST,2015-01-23,IRN,IRQ,3,3,3,4,AFC Asian Cup,Completed
HIST_GHA_SEN_20150328,FRIENDLY,2015-03-28,GHA,SEN,1,2,,,Friendly,Completed
HIST_SUI_USA_20150331,FRIENDLY,2015-03-31,SUI,USA,1,1,,,Friendly,Completed
HIST_NED_USA_20150605,FRIENDLY,2015-06-05,NED,USA,3,4,,,Friendly,Completed
HIST_ARG_PAR_20150630,CA2015,2015-06-30,ARG,PAR,6,1,,,Copa America,Completed
HIST_USA_MEX_20151010,FRIENDLY,2015-10-10,USA,MEX,2,3,,,Friendly,Completed
HIST_IRN_JPN_20151013,FRIENDLY,2015-10-13,IRN,JPN,1,1,,,Friendly,Completed
HIST_HAI_PAN_20160325,OTHER_HIST,2016-03-25,HAI,PAN,0,0,,,FIFA World Cup qualification,Completed
HIST_ENG_POR_20160602,FRIENDLY,2016-06-02,ENG,POR,1,0,,,Friendly,Completed
HIST_COL_PAR_20160607,CA2016,2016-06-07,COL,PAR,2,1,,,Copa America,Completed
HIST_UZB_IRQ_20160724,FRIENDLY,2016-07-24,UZB,IRQ,2,1,,,Friendly,Completed
HIST_IRN_QAT_20160901,OTHER_HIST,2016-09-01,IRN,QAT,2,0,,,FIFA World Cup qualification,Completed
HIST_SEN_CPV_20161008,OTHER_HIST,2016-10-08,SEN,CPV,2,0,,,FIFA World Cup qualification,Completed
HIST_MEX_PAN_20161011,FRIENDLY,2016-10-11,MEX,PAN,1,0,,,Friendly,Completed
HIST_UZB_JOR_20161110,FRIENDLY,2016-11-10,UZB,JOR,1,0,,,Friendly,Completed
HIST_PAR_ECU_20170323,OTHER_HIST,2017-03-23,PAR,ECU,2,1,,,FIFA World Cup qualification,Completed
HIST_JAM_CAN_20170720,OTHER_HIST,2017-07-20,JAM,CAN,2,1,,,Gold Cup,Completed
HIST_TUR_CRO_20170905,OTHER_HIST,2017-09-05,TUR,CRO,1,0,,,FIFA World Cup qualification,Completed
HIST_UZB_KOR_20170905,OTHER_HIST,2017-09-05,UZB,KOR,0,0,,,FIFA World Cup qualification,Completed
HIST_USA_PAN_20171006,OTHER_HIST,2017-10-06,USA,PAN,4,0,,,FIFA World Cup qualification,Completed
HIST_JPN_HAI_20171010,OTHER_HIST,2017-10-10,JPN,HAI,3,3,,,Kirin Challenge Cup,Completed
HIST_AUT_URU_20171114,FRIENDLY,2017-11-14,AUT,URU,2,1,,,Friendly,Completed
HIST_GER_FRA_20171114,FRIENDLY,2017-11-14,GER,FRA,2,2,,,Friendly,Completed
HIST_TUR_TUN_20180601,FRIENDLY,2018-06-01,TUR,TUN,2,2,,,Friendly,Completed
HIST_URU_FRA_20180706,WC18,2018-07-06,URU,FRA,0,2,,,World Cup Knockout,Completed
HIST_KOR_URU_20181012,FRIENDLY,2018-10-12,KOR,URU,2,1,,,Friendly,Completed
HIST_SCO_POR_20181014,FRIENDLY,2018-10-14,SCO,POR,1,3,,,Friendly,Completed
HIST_FRA_GER_20181016,OTHER_HIST,2018-10-16,FRA,GER,2,1,,,UEFA Nations League,Completed
HIST_IRN_IRQ_20190116,OTHER_HIST,2019-01-16,IRN,IRQ,0,0,,,AFC Asian Cup,Completed
HIST_KSA_QAT_20190117,OTHER_HIST,2019-01-17,KSA,QAT,0,2,,,AFC Asian Cup,Completed
HIST_MEX_ECU_20190609,FRIENDLY,2019-06-09,MEX,ECU,3,2,,,Friendly,Completed
HIST_EGY_RSA_20190706,OTHER_HIST,2019-07-06,EGY,RSA,0,1,,,African Cup of Nations,Completed
HIST_SWE_NOR_20190908,EURO2019,2019-09-08,SWE,NOR,1,1,,,UEFA Euro,Completed
HIST_ARG_ECU_20201008,OTHER_HIST,2020-10-08,ARG,ECU,1,0,,,FIFA World Cup qualification,Completed
HIST_ENG_BEL_20201011,OTHER_HIST,2020-10-11,ENG,BEL,2,1,,,UEFA Nations League,Completed
HIST_SCO_CZE_20201014,OTHER_HIST,2020-10-14,SCO,CZE,1,0,,,UEFA Nations League,Completed
HIST_URU_BRA_20201117,OTHER_HIST,2020-11-17,URU,BRA,0,2,,,FIFA World Cup qualification,Completed
HIST_NED_CZE_20210627,EURO2021,2021-06-27,NED,CZE,0,2,,,UEFA Euro,Completed
HIST_ENG_ITA_20210711,EURO2021,2021-07-11,ENG,ITA,1,1,3,4,UEFA Euro,Completed
HIST_JAM_CAN_20211010,OTHER_HIST,2021-10-10,JAM,CAN,0,0,,,FIFA World Cup qualification,Completed
HIST_PAN_USA_20211010,OTHER_HIST,2021-10-10,PAN,USA,1,0,,,FIFA World Cup qualification,Completed
HIST_TUN_ALG_20211218,OTHER_HIST,2021-12-18,TUN,ALG,0,2,,,Arab Cup,Completed
HIST_CRO_AUT_20220603,OTHER_HIST,2022-06-03,CRO,AUT,0,3,,,UEFA Nations League,Completed
HIST_ECU_CPV_20220611,FRIENDLY,2022-06-11,ECU,CPV,1,0,,,Friendly,Completed
HIST_ARG_JAM_20220927,FRIENDLY,2022-09-27,ARG,JAM,3,0,,,Friendly,Completed
HIST_URU_KOR_20221124,WC22,2022-11-24,URU,KOR,0,0,,,World Cup Knockout,Completed
HIST_POR_GHA_20221124,WC22,2022-11-24,POR,GHA,3,2,,,World Cup Knockout,Completed
HIST_KOR_GHA_20221128,WC22,2022-11-28,KOR,GHA,2,3,,,World Cup Knockout,Completed
HIST_BRA_KOR_20221205,WC22,2022-12-05,BRA,KOR,4,1,,,World Cup Knockout,Completed
HIST_JPN_URU_20230324,FRIENDLY,2023-03-24,JPN,URU,1,1,,,Friendly,Completed
HIST_MAR_BRA_20230325,FRIENDLY,2023-03-25,MAR,BRA,2,1,,,Friendly,Completed
HIST_ESP_NOR_20230325,EURO2023,2023-03-25,ESP,NOR,3,0,,,UEFA Euro,Completed
HIST_COL_IRQ_20230616,FRIENDLY,2023-06-16,COL,IRQ,1,0,,,Friendly,Completed
HIST_NED_ITA_20230618,OTHER_HIST,2023-06-18,NED,ITA,2,3,,,UEFA Nations League,Completed
HIST_ECU_URU_20230912,OTHER_HIST,2023-09-12,ECU,URU,2,1,,,FIFA World Cup qualification,Completed
HIST_ALG_CPV_20231012,FRIENDLY,2023-10-12,ALG,CPV,5,1,,,Friendly,Completed
HIST_KOR_TUN_20231013,FRIENDLY,2023-10-13,KOR,TUN,4,0,,,Friendly,Completed
HIST_ECU_COL_20231017,OTHER_HIST,2023-10-17,ECU,COL,0,0,,,FIFA World Cup qualification,Completed
HIST_ARG_URU_20231116,OTHER_HIST,2023-11-16,ARG,URU,0,2,,,FIFA World Cup qualification,Completed
HIST_QAT_JOR_20240210,OTHER_HIST,2024-02-10,QAT,JOR,3,1,,,AFC Asian Cup,Completed
HIST_ENG_BRA_20240323,FRIENDLY,2024-03-23,ENG,BRA,0,1,,,Friendly,Completed
HIST_ECU_ITA_20240324,FRIENDLY,2024-03-24,ECU,ITA,0,2,,,Friendly,Completed
HIST_GER_NED_20240326,FRIENDLY,2024-03-26,GER,NED,2,1,,,Friendly,Completed
HIST_SUI_AUT_20240608,FRIENDLY,2024-06-08,SUI,AUT,1,1,,,Friendly,Completed
HIST_KSA_JOR_20240611,OTHER_HIST,2024-06-11,KSA,JOR,1,2,,,FIFA World Cup qualification,Completed
HIST_GER_SUI_20240623,EURO2024,2024-06-23,GER,SUI,1,1,,,UEFA Euro,Completed
HIST_ARG_CAN_20240709,CA2024,2024-07-09,ARG,CAN,2,0,,,Copa America,Completed
HIST_ESP_ENG_20240714,EURO2024,2024-07-14,ESP,ENG,2,1,,,UEFA Euro,Completed
HIST_MEX_NZL_20240907,FRIENDLY,2024-09-07,MEX,NZL,3,0,,,Friendly,Completed
HIST_USA_JAM_20241118,OTHER_HIST,2024-11-18,USA,JAM,4,2,,,CONCACAF Nations League,Completed
HIST_USA_CAN_20250323,OTHER_HIST,2025-03-23,USA,CAN,1,2,,,CONCACAF Nations League,Completed
HIST_SWE_ALG_20250610,FRIENDLY,2025-06-10,SWE,ALG,4,3,,,Friendly,Completed
HIST_USA_SUI_20250610,FRIENDLY,2025-06-10,USA,SUI,0,4,,,Friendly,Completed
HIST_KSA_AUS_20250610,OTHER_HIST,2025-06-10,KSA,AUS,1,2,,,FIFA World Cup qualification,Completed
HIST_CZE_KSA_20250908,FRIENDLY,2025-09-08,CZE,KSA,1,1,,,Friendly,Completed
HIST_CAN_AUS_20251010,FRIENDLY,2025-10-10,CAN,AUS,0,1,,,Friendly,Completed
HIST_COL_NZL_20251115,FRIENDLY,2025-11-15,COL,NZL,2,1,,,Friendly,Completed
HIST_BRA_TUN_20251118,FRIENDLY,2025-11-18,BRA,TUN,1,1,,,Friendly,Completed
HIST_JOR_IRQ_20251212,OTHER_HIST,2025-12-12,JOR,IRQ,1,0,,,Arab Cup,Completed
HIST_RSA_PAN_20260327,FRIENDLY,2026-03-27,RSA,PAN,1,1,,,Friendly,Completed
HIST_CIV_SCO_20260331,FRIENDLY,2026-03-31,CIV,SCO,1,0,,,Friendly,Completed
HIST_MEX_CZE_20000208,OTHER_HIST,2000-02-08,MEX,CZE,1,2,,,Lunar New Year Cup,Completed
HIST_ENG_ARG_20000223,FRIENDLY,2000-02-23,ENG,ARG,0,0,,,Friendly,Completed
HIST_JOR_IRQ_20000525,OTHER_HIST,2000-05-25,JOR,IRQ,0,0,,,WAFF Championship,Completed
HIST_MAR_JAM_20000604,OTHER_HIST,2000-06-04,MAR,JAM,1,0,,,King Hassan II Tournament,Completed
HIST_IRN_EGY_20000607,FRIENDLY,2000-06-07,IRN,EGY,1,1,3,4,Friendly,Completed
HIST_MEX_RSA_20000607,OTHER_HIST,2000-06-07,MEX,RSA,4,2,,,USA Cup,Completed
HIST_ESP_FRA_20000625,EURO2000,2000-06-25,ESP,FRA,1,2,,,UEFA Euro,Completed
HIST_NED_ITA_20000629,EURO2000,2000-06-29,NED,ITA,0,0,3,4,UEFA Euro,Completed
HIST_URU_ECU_20000903,OTHER_HIST,2000-09-03,URU,ECU,4,0,,,FIFA World Cup qualification,Completed
HIST_QAT_EGY_20001002,FRIENDLY,2000-10-02,QAT,EGY,0,1,,,Friendly,Completed
HIST_USA_MEX_20001025,FRIENDLY,2000-10-25,USA,MEX,2,0,,,Friendly,Completed
HIST_KOR_KSA_20001026,OTHER_HIST,2000-10-26,KOR,KSA,1,2,,,AFC Asian Cup,Completed
HIST_JPN_KSA_20001029,OTHER_HIST,2000-10-29,JPN,KSA,1,0,,,AFC Asian Cup,Completed
HIST_USA_BRA_20010303,FRIENDLY,2001-03-03,USA,BRA,1,2,,,Friendly,Completed
HIST_KOR_AUS_20010603,OTHER_HIST,2001-06-03,KOR,AUS,1,0,,,Confederations Cup,Completed
HIST_UZB_QAT_20010826,OTHER_HIST,2001-08-26,UZB,QAT,2,1,,,FIFA World Cup qualification,Completed
HIST_BEL_SCO_20010905,OTHER_HIST,2001-09-05,BEL,SCO,2,0,,,FIFA World Cup qualification,Completed
HIST_IRQ_IRN_20010907,OTHER_HIST,2001-09-07,IRQ,IRN,1,2,,,FIFA World Cup qualification,Completed
HIST_KOR_CRO_20011110,FRIENDLY,2001-11-10,KOR,CRO,2,0,,,Friendly,Completed
HIST_RSA_GHA_20020124,OTHER_HIST,2002-01-24,RSA,GHA,0,0,,,African Cup of Nations,Completed
HIST_BEL_NOR_20020213,FRIENDLY,2002-02-13,BEL,NOR,1,0,,,Friendly,Completed
HIST_GER_ARG_20020417,FRIENDLY,2002-04-17,GER,ARG,0,1,,,Friendly,Completed
HIST_NOR_SWE_20020417,FRIENDLY,2002-04-17,NOR,SWE,0,0,,,Friendly,Completed
HIST_ITA_CRO_20020608,WC02,2002-06-08,ITA,CRO,1,2,,,World Cup Knockout,Completed
HIST_SWE_SEN_20020616,WC02,2002-06-16,SWE,SEN,1,2,,,World Cup Knockout,Completed
HIST_NOR_NED_20020821,FRIENDLY,2002-08-21,NOR,NED,0,1,,,Friendly,Completed
HIST_JPN_JAM_20021016,FRIENDLY,2002-10-16,JPN,JAM,1,1,,,Friendly,Completed
HIST_EGY_GHA_20021222,FRIENDLY,2002-12-22,EGY,GHA,0,0,,,Friendly,Completed
HIST_MAR_SEN_20030212,FRIENDLY,2003-02-12,MAR,SEN,1,0,,,Friendly,Completed
HIST_POR_BRA_20030329,FRIENDLY,2003-03-29,POR,BRA,2,1,,,Friendly,Completed
HIST_TUR_USA_20030619,OTHER_HIST,2003-06-19,TUR,USA,2,1,,,Confederations Cup,Completed
HIST_BEL_NED_20030820,FRIENDLY,2003-08-20,BEL,NED,1,1,,,Friendly,Completed
HIST_BRA_ECU_20030910,OTHER_HIST,2003-09-10,BRA,ECU,1,0,,,FIFA World Cup qualification,Completed
HIST_JOR_IRQ_20040621,OTHER_HIST,2004-06-21,JOR,IRQ,2,0,,,WAFF Championship,Completed
HIST_POR_ENG_20040624,EURO2004,2004-06-24,POR,ENG,2,2,4,3,UEFA Euro,Completed
HIST_BRA_PAR_20040714,CA2004,2004-07-14,BRA,PAR,1,2,,,Copa America,Completed
HIST_JPN_IRN_20040728,OTHER_HIST,2004-07-28,JPN,IRN,0,0,,,AFC Asian Cup,Completed
HIST_ECU_PAR_20050504,FRIENDLY,2005-05-04,ECU,PAR,1,0,,,Friendly,Completed
HIST_ECU_ARG_20050604,OTHER_HIST,2005-06-04,ECU,ARG,2,0,,,FIFA World Cup qualification,Completed
HIST_PAN_USA_20050608,OTHER_HIST,2005-06-08,PAN,USA,0,3,,,FIFA World Cup qualification,Completed
HIST_ECU_ITA_20050611,FRIENDLY,2005-06-11,ECU,ITA,1,1,,,Friendly,Completed
HIST_JPN_MEX_20050616,OTHER_HIST,2005-06-16,JPN,MEX,1,2,,,Confederations Cup,Completed
HIST_RSA_GHA_20050618,OTHER_HIST,2005-06-18,RSA,GHA,0,2,,,FIFA World Cup qualification,Completed
HIST_JAM_RSA_20050710,OTHER_HIST,2005-07-10,JAM,RSA,3,3,,,Gold Cup,Completed
HIST_USA_PAN_20050724,OTHER_HIST,2005-07-24,USA,PAN,0,0,4,3,Gold Cup,Completed
HIST_CRO_BRA_20050817,FRIENDLY,2005-08-17,CRO,BRA,1,1,,,Friendly,Completed
HIST_KOR_KSA_20050817,OTHER_HIST,2005-08-17,KOR,KSA,0,1,,,FIFA World Cup qualification,Completed
HIST_SCO_USA_20051112,FRIENDLY,2005-11-12,SCO,USA,1,1,,,Friendly,Completed
HIST_KSA_GHA_20051114,FRIENDLY,2005-11-14,KSA,GHA,1,3,,,Friendly,Completed
HIST_QAT_ARG_20051116,FRIENDLY,2005-11-16,QAT,ARG,0,3,,,Friendly,Completed
HIST_MAR_CIV_20060121,OTHER_HIST,2006-01-21,MAR,CIV,0,1,,,African Cup of Nations,Completed
HIST_JOR_SWE_20060123,FRIENDLY,2006-01-23,JOR,SWE,0,0,,,Friendly,Completed
HIST_TUN_RSA_20060126,OTHER_HIST,2006-01-26,TUN,RSA,2,0,,,African Cup of Nations,Completed
HIST_KSA_IRQ_20060315,FRIENDLY,2006-03-15,KSA,IRQ,2,2,,,Friendly,Completed
HIST_POR_CPV_20060527,FRIENDLY,2006-05-27,POR,CPV,4,1,,,Friendly,Completed
HIST_CRO_IRN_20060528,FRIENDLY,2006-05-28,CRO,IRN,2,2,,,Friendly,Completed
HIST_GER_JPN_20060530,FRIENDLY,2006-05-30,GER,JPN,2,2,,,Friendly,Completed
HIST_USA_CZE_20060612,WC06,2006-06-12,USA,CZE,0,3,,,World Cup Knockout,Completed
HIST_POR_MEX_20060621,WC06,2006-06-21,POR,MEX,2,1,,,World Cup Knockout,Completed
HIST_BRA_ECU_20061010,FRIENDLY,2006-10-10,BRA,ECU,2,1,,,Friendly,Completed
HIST_QAT_IRQ_20070118,OTHER_HIST,2007-01-18,QAT,IRQ,0,1,,,Gulf Cup,Completed
HIST_ECU_SWE_20070121,FRIENDLY,2007-01-21,ECU,SWE,1,1,,,Friendly,Completed
HIST_KSA_QAT_20070121,OTHER_HIST,2007-01-21,KSA,QAT,1,1,,,Gulf Cup,Completed
HIST_CRO_NOR_20070207,FRIENDLY,2007-02-07,CRO,NOR,2,1,,,Friendly,Completed
HIST_USA_MEX_20070207,FRIENDLY,2007-02-07,USA,MEX,2,0,,,Friendly,Completed
HIST_CZE_GER_20070324,EURO2007,2007-03-24,CZE,GER,1,2,,,UEFA Euro,Completed
HIST_PAN_COL_20070509,FRIENDLY,2007-05-09,PAN,COL,0,4,,,Friendly,Completed
HIST_ALG_ARG_20070605,FRIENDLY,2007-06-05,ALG,ARG,3,4,,,Friendly,Completed
HIST_IRN_IRQ_20070616,OTHER_HIST,2007-06-16,IRN,IRQ,0,0,,,WAFF Championship,Completed
HIST_JOR_IRN_20070622,OTHER_HIST,2007-06-22,JOR,IRN,0,1,,,WAFF Championship,Completed
HIST_KSA_UZB_20070722,OTHER_HIST,2007-07-22,KSA,UZB,2,1,,,AFC Asian Cup,Completed
HIST_IRQ_KOR_20070725,OTHER_HIST,2007-07-25,IRQ,KOR,0,0,4,3,AFC Asian Cup,Completed
HIST_RSA_URU_20070912,FRIENDLY,2007-09-12,RSA,URU,0,0,,,Friendly,Completed
HIST_AUT_TUN_20071121,FRIENDLY,2007-11-21,AUT,TUN,0,0,,,Friendly,Completed
HIST_BRA_SWE_20080326,FRIENDLY,2008-03-26,BRA,SWE,1,0,,,Friendly,Completed
HIST_NOR_URU_20080528,FRIENDLY,2008-05-28,NOR,URU,2,2,,,Friendly,Completed
HIST_AUS_IRQ_20080601,OTHER_HIST,2008-06-01,AUS,IRQ,1,0,,,FIFA World Cup qualification,Completed
HIST_FRA_COL_20080603,FRIENDLY,2008-06-03,FRA,COL,1,0,,,Friendly,Completed
HIST_ESP_USA_20080604,FRIENDLY,2008-06-04,ESP,USA,1,0,,,Friendly,Completed
HIST_SUI_TUR_20080611,EURO2008,2008-06-11,SUI,TUR,1,2,,,UEFA Euro,Completed
HIST_SWE_ESP_20080614,EURO2008,2008-06-14,SWE,ESP,1,2,,,UEFA Euro,Completed
HIST_PAR_BRA_20080615,OTHER_HIST,2008-06-15,PAR,BRA,2,0,,,FIFA World Cup qualification,Completed
HIST_SUI_POR_20080615,EURO2008,2008-06-15,SUI,POR,2,0,,,UEFA Euro,Completed
HIST_ENG_CZE_20080820,FRIENDLY,2008-08-20,ENG,CZE,2,2,,,Friendly,Completed
HIST_GER_BEL_20080820,FRIENDLY,2008-08-20,GER,BEL,2,0,,,Friendly,Completed
HIST_ARG_URU_20081011,OTHER_HIST,2008-10-11,ARG,URU,2,1,,,FIFA World Cup qualification,Completed
HIST_KSA_QAT_20090105,OTHER_HIST,2009-01-05,KSA,QAT,0,0,,,Gulf Cup,Completed
HIST_TUN_NED_20090211,FRIENDLY,2009-02-11,TUN,NED,1,1,,,Friendly,Completed
HIST_KSA_IRQ_20090322,FRIENDLY,2009-03-22,KSA,IRQ,0,0,,,Friendly,Completed
HIST_ECU_BRA_20090329,OTHER_HIST,2009-03-29,ECU,BRA,1,1,,,FIFA World Cup qualification,Completed
HIST_JAM_HAI_20090523,FRIENDLY,2009-05-23,JAM,HAI,2,2,,,Friendly,Completed
HIST_RSA_ESP_20090620,OTHER_HIST,2009-06-20,RSA,ESP,0,2,,,Confederations Cup,Completed
HIST_RSA_ESP_20090628,OTHER_HIST,2009-06-28,RSA,ESP,2,3,,,Confederations Cup,Completed
HIST_USA_BRA_20090628,OTHER_HIST,2009-06-28,USA,BRA,2,3,,,Confederations Cup,Completed
HIST_NOR_SCO_20090812,OTHER_HIST,2009-08-12,NOR,SCO,4,0,,,FIFA World Cup qualification,Completed
HIST_ARG_GHA_20090930,FRIENDLY,2009-09-30,ARG,GHA,2,0,,,Friendly,Completed
HIST_FRA_AUT_20091014,OTHER_HIST,2009-10-14,FRA,AUT,3,1,,,FIFA World Cup qualification,Completed
HIST_TUN_KSA_20091014,FRIENDLY,2009-10-14,TUN,KSA,0,1,,,Friendly,Completed
HIST_ITA_NED_20091114,FRIENDLY,2009-11-14,ITA,NED,0,0,,,Friendly,Completed
HIST_CIV_KOR_20100303,FRIENDLY,2010-03-03,CIV,KOR,0,2,,,Friendly,Completed
HIST_SCO_CZE_20100303,FRIENDLY,2010-03-03,SCO,CZE,1,0,,,Friendly,Completed
HIST_ARG_CAN_20100524,FRIENDLY,2010-05-24,ARG,CAN,5,0,,,Friendly,Completed
HIST_ESP_KSA_20100529,FRIENDLY,2010-05-29,ESP,KSA,3,2,,,Friendly,Completed
HIST_ESP_SUI_20100616,WC10,2010-06-16,ESP,SUI,0,1,,,World Cup Knockout,Completed
HIST_GER_ENG_20100627,WC10,2010-06-27,GER,ENG,4,1,,,World Cup Knockout,Completed
HIST_MEX_COL_20100907,FRIENDLY,2010-09-07,MEX,COL,1,0,,,Friendly,Completed
HIST_GER_AUS_20110329,FRIENDLY,2011-03-29,GER,AUS,1,2,,,Friendly,Completed
HIST_MEX_ECU_20110528,FRIENDLY,2011-05-28,MEX,ECU,1,1,,,Friendly,Completed
HIST_PAN_PAR_20110902,FRIENDLY,2011-09-02,PAN,PAR,0,2,,,Friendly,Completed
HIST_CUW_HAI_20110906,OTHER_HIST,2011-09-06,CUW,HAI,2,4,,,FIFA World Cup qualification,Completed
HIST_KSA_AUS_20110906,OTHER_HIST,2011-09-06,KSA,AUS,1,3,,,FIFA World Cup qualification,Completed
HIST_ESP_SCO_20111011,EURO2011,2011-10-11,ESP,SCO,3,1,,,UEFA Euro,Completed
HIST_USA_BRA_20120530,FRIENDLY,2012-05-30,USA,BRA,1,4,,,Friendly,Completed
HIST_ENG_ITA_20120624,EURO2012,2012-06-24,ENG,ITA,0,0,3,4,UEFA Euro,Completed
HIST_GER_ITA_20120628,EURO2012,2012-06-28,GER,ITA,1,2,,,UEFA Euro,Completed
HIST_MEX_USA_20120815,FRIENDLY,2012-08-15,MEX,USA,0,1,,,Friendly,Completed
HIST_JAM_USA_20120907,OTHER_HIST,2012-09-07,JAM,USA,2,1,,,FIFA World Cup qualification,Completed
HIST_AUT_GER_20120911,OTHER_HIST,2012-09-11,AUT,GER,1,2,,,FIFA World Cup qualification,Completed
HIST_UZB_KOR_20120911,OTHER_HIST,2012-09-11,UZB,KOR,2,2,,,FIFA World Cup qualification,Completed
HIST_NED_GER_20121114,FRIENDLY,2012-11-14,NED,GER,0,0,,,Friendly,Completed
HIST_URU_PAR_20130322,OTHER_HIST,2013-03-22,URU,PAR,1,1,,,FIFA World Cup qualification,Completed
HIST_ECU_PAR_20130326,OTHER_HIST,2013-03-26,ECU,PAR,4,1,,,FIFA World Cup qualification,Completed
HIST_BRA_FRA_20130609,FRIENDLY,2013-06-09,BRA,FRA,3,0,,,Friendly,Completed
HIST_MEX_CAN_20130711,OTHER_HIST,2013-07-11,MEX,CAN,2,0,,,Gold Cup,Completed
HIST_USA_PAN_20130728,OTHER_HIST,2013-07-28,USA,PAN,1,0,,,Gold Cup,Completed
HIST_SCO_BEL_20130906,OTHER_HIST,2013-09-06,SCO,BEL,0,2,,,FIFA World Cup qualification,Completed
HIST_BRA_POR_20130910,FRIENDLY,2013-09-10,BRA,POR,3,1,,,Friendly,Completed
HIST_CIV_SEN_20131012,OTHER_HIST,2013-10-12,CIV,SEN,3,1,,,FIFA World Cup qualification,Completed
HIST_CZE_NOR_20140305,FRIENDLY,2014-03-05,CZE,NOR,2,2,,,Friendly,Completed
HIST_SUI_JAM_20140530,FRIENDLY,2014-05-30,SUI,JAM,1,0,,,Friendly,Completed
HIST_ESP_NED_20140613,WC14,2014-06-13,ESP,NED,1,5,,,World Cup Knockout,Completed
HIST_POR_GHA_20140626,WC14,2014-06-26,POR,GHA,2,1,,,World Cup Knockout,Completed
HIST_COL_URU_20140628,WC14,2014-06-28,COL,URU,2,0,,,World Cup Knockout,Completed
HIST_UZB_JOR_20140904,FRIENDLY,2014-09-04,UZB,JOR,2,0,,,Friendly,Completed
HIST_QAT_UZB_20141006,FRIENDLY,2014-10-06,QAT,UZB,3,0,,,Friendly,Completed
HIST_AUT_BRA_20141118,FRIENDLY,2014-11-18,AUT,BRA,1,2,,,Friendly,Completed
HIST_JPN_AUS_20141118,FRIENDLY,2014-11-18,JPN,AUS,2,1,,,Friendly,Completed
HIST_IRN_IRQ_20150104,FRIENDLY,2015-01-04,IRN,IRQ,1,0,,,Friendly,Completed
HIST_RSA_SEN_20150123,OTHER_HIST,2015-01-23,RSA,SEN,1,1,,,African Cup of Nations,Completed
HIST_NED_ESP_20150331,FRIENDLY,2015-03-31,NED,ESP,2,0,,,Friendly,Completed
HIST_SWE_IRN_20150331,FRIENDLY,2015-03-31,SWE,IRN,3,1,,,Friendly,Completed
HIST_BRA_MEX_20150607,FRIENDLY,2015-06-07,BRA,MEX,2,0,,,Friendly,Completed
HIST_JPN_IRQ_20150611,OTHER_HIST,2015-06-11,JPN,IRQ,4,0,,,Kirin Challenge Cup,Completed
HIST_ARG_JAM_20150620,CA2015,2015-06-20,ARG,JAM,1,0,,,Copa America,Completed
HIST_JOR_IRQ_20151003,FRIENDLY,2015-10-03,JOR,IRQ,3,0,,,Friendly,Completed
HIST_ITA_NOR_20151013,EURO2015,2015-10-13,ITA,NOR,2,1,,,UEFA Euro,Completed
HIST_COL_ARG_20151117,OTHER_HIST,2015-11-17,COL,ARG,0,1,,,FIFA World Cup qualification,Completed
HIST_SUI_BEL_20160528,FRIENDLY,2016-05-28,SUI,BEL,1,2,,,Friendly,Completed
HIST_POR_NOR_20160529,FRIENDLY,2016-05-29,POR,NOR,3,0,,,Friendly,Completed
HIST_MEX_JAM_20160609,CA2016,2016-06-09,MEX,JAM,2,0,,,Copa America,Completed
HIST_URU_PAR_20160906,OTHER_HIST,2016-09-06,URU,PAR,4,0,,,FIFA World Cup qualification,Completed
HIST_JPN_IRQ_20161006,OTHER_HIST,2016-10-06,JPN,IRQ,2,1,,,FIFA World Cup qualification,Completed
HIST_USA_MEX_20161111,OTHER_HIST,2016-11-11,USA,MEX,1,2,,,FIFA World Cup qualification,Completed
HIST_EGY_GHA_20161113,OTHER_HIST,2016-11-13,EGY,GHA,2,0,,,FIFA World Cup qualification,Completed
HIST_GER_ENG_20170322,FRIENDLY,2017-03-22,GER,ENG,1,0,,,Friendly,Completed
HIST_IRQ_AUS_20170323,OTHER_HIST,2017-03-23,IRQ,AUS,1,1,,,FIFA World Cup qualification,Completed
HIST_POR_SWE_20170328,FRIENDLY,2017-03-28,POR,SWE,2,3,,,Friendly,Completed
HIST_IRQ_KOR_20170607,FRIENDLY,2017-06-07,IRQ,KOR,0,0,,,Friendly,Completed
HIST_AUS_BRA_20170613,FRIENDLY,2017-06-13,AUS,BRA,0,4,,,Friendly,Completed
HIST_GER_NOR_20170904,OTHER_HIST,2017-09-04,GER,NOR,6,0,,,FIFA World Cup qualification,Completed
HIST_PAR_URU_20170905,OTHER_HIST,2017-09-05,PAR,URU,1,2,,,FIFA World Cup qualification,Completed
HIST_POR_USA_20171114,FRIENDLY,2017-11-14,POR,USA,1,1,,,Friendly,Completed
HIST_FRA_COL_20180323,FRIENDLY,2018-03-23,FRA,COL,2,3,,,Friendly,Completed
HIST_NED_ENG_20180323,FRIENDLY,2018-03-23,NED,ENG,0,1,,,Friendly,Completed
HIST_MEX_CRO_20180327,FRIENDLY,2018-03-27,MEX,CRO,0,1,,,Friendly,Completed
HIST_COL_EGY_20180601,FRIENDLY,2018-06-01,COL,EGY,0,0,,,Friendly,Completed
HIST_BEL_EGY_20180606,FRIENDLY,2018-06-06,BEL,EGY,3,0,,,Friendly,Completed
HIST_JPN_PAR_20180612,FRIENDLY,2018-06-12,JPN,PAR,4,2,,,Friendly,Completed
HIST_FRA_AUS_20180616,WC18,2018-06-16,FRA,AUS,2,1,,,World Cup Knockout,Completed
HIST_POR_MAR_20180620,WC18,2018-06-20,POR,MAR,1,0,,,World Cup Knockout,Completed
HIST_KSA_EGY_20180625,WC18,2018-06-25,KSA,EGY,2,1,,,World Cup Knockout,Completed
HIST_BEL_JPN_20180702,WC18,2018-07-02,BEL,JPN,3,2,,,World Cup Knockout,Completed
HIST_BRA_BEL_20180706,WC18,2018-07-06,BRA,BEL,1,2,,,World Cup Knockout,Completed
HIST_PAN_ECU_20181120,FRIENDLY,2018-11-20,PAN,ECU,1,2,,,Friendly,Completed
HIST_KOR_QAT_20190125,OTHER_HIST,2019-01-25,KOR,QAT,0,1,,,AFC Asian Cup,Completed
HIST_TUR_UZB_20190602,FRIENDLY,2019-06-02,TUR,UZB,2,0,,,Friendly,Completed
HIST_COL_PAN_20190603,FRIENDLY,2019-06-03,COL,PAN,3,0,,,Friendly,Completed
HIST_CRO_TUN_20190611,FRIENDLY,2019-06-11,CRO,TUN,1,2,,,Friendly,Completed
HIST_SEN_TUN_20190714,OTHER_HIST,2019-07-14,SEN,TUN,1,0,,,African Cup of Nations,Completed
HIST_JPN_PAR_20190905,OTHER_HIST,2019-09-05,JPN,PAR,2,0,,,Kirin Challenge Cup,Completed
HIST_JOR_PAR_20190910,FRIENDLY,2019-09-10,JOR,PAR,2,4,,,Friendly,Completed
HIST_NED_ITA_20200907,OTHER_HIST,2020-09-07,NED,ITA,0,1,,,UEFA Nations League,Completed
HIST_SUI_ESP_20201114,OTHER_HIST,2020-11-14,SUI,ESP,1,1,,,UEFA Nations League,Completed
HIST_NOR_TUR_20210327,OTHER_HIST,2021-03-27,NOR,TUR,0,3,,,FIFA World Cup qualification,Completed
HIST_ESP_POR_20210604,FRIENDLY,2021-06-04,ESP,POR,0,0,,,Friendly,Completed
HIST_CRO_CZE_20210618,EURO2021,2021-06-18,CRO,CZE,1,1,,,UEFA Euro,Completed
HIST_ENG_SCO_20210618,EURO2021,2021-06-18,ENG,SCO,0,0,,,UEFA Euro,Completed
HIST_ENG_GER_20210629,EURO2021,2021-06-29,ENG,GER,2,0,,,UEFA Euro,Completed
HIST_BRA_ARG_20210710,CA2021,2021-07-10,BRA,ARG,0,1,,,Copa America,Completed
HIST_MEX_ECU_20211027,FRIENDLY,2021-10-27,MEX,ECU,2,3,,,Friendly,Completed
HIST_TUN_EGY_20211215,OTHER_HIST,2021-12-15,TUN,EGY,1,0,,,Arab Cup,Completed
HIST_ECU_BRA_20220127,OTHER_HIST,2022-01-27,ECU,BRA,1,1,,,FIFA World Cup qualification,Completed
HIST_CAN_USA_20220130,OTHER_HIST,2022-01-30,CAN,USA,2,0,,,FIFA World Cup qualification,Completed
HIST_CZE_SUI_20220602,OTHER_HIST,2022-06-02,CZE,SUI,2,1,,,UEFA Nations League,Completed
HIST_USA_URU_20220605,FRIENDLY,2022-06-05,USA,URU,0,0,,,Friendly,Completed
HIST_KSA_USA_20220927,FRIENDLY,2022-09-27,KSA,USA,0,0,,,Friendly,Completed
HIST_TUR_SCO_20221116,FRIENDLY,2022-11-16,TUR,SCO,2,1,,,Friendly,Completed
HIST_COL_PAR_20221119,FRIENDLY,2022-11-19,COL,PAR,2,0,,,Friendly,Completed
HIST_ENG_USA_20221125,WC22,2022-11-25,ENG,USA,0,0,,,World Cup Knockout,Completed
HIST_NED_USA_20221203,WC22,2022-12-03,NED,USA,3,1,,,World Cup Knockout,Completed
HIST_CRO_MAR_20221217,WC22,2022-12-17,CRO,MAR,2,1,,,World Cup Knockout,Completed
HIST_MAR_CPV_20230612,FRIENDLY,2023-06-12,MAR,CPV,0,0,,,Friendly,Completed
HIST_USA_JAM_20230624,OTHER_HIST,2023-06-24,USA,JAM,1,1,,,Gold Cup,Completed
HIST_MEX_QAT_20230702,OTHER_HIST,2023-07-02,MEX,QAT,0,1,,,Gold Cup,Completed
HIST_BEL_SWE_20231016,EURO2023,2023-10-16,BEL,SWE,1,1,,,UEFA Euro,Completed
HIST_FRA_SCO_20231017,FRIENDLY,2023-10-17,FRA,SCO,4,1,,,Friendly,Completed
HIST_CIV_RSA_20231017,FRIENDLY,2023-10-17,CIV,RSA,1,1,,,Friendly,Completed
HIST_AUS_KOR_20240202,OTHER_HIST,2024-02-02,AUS,KOR,1,2,,,AFC Asian Cup,Completed
HIST_ESP_COL_20240322,FRIENDLY,2024-03-22,ESP,COL,0,1,,,Friendly,Completed
HIST_EGY_CRO_20240326,OTHER_HIST,2024-03-26,EGY,CRO,2,4,,,FIFA Series,Completed
HIST_COL_PAR_20240624,CA2024,2024-06-24,COL,PAR,2,1,,,Copa America,Completed
HIST_USA_PAN_20240627,CA2024,2024-06-27,USA,PAN,1,2,,,Copa America,Completed
HIST_USA_URU_20240701,CA2024,2024-07-01,USA,URU,0,1,,,Copa America,Completed
HIST_FRA_BEL_20240909,OTHER_HIST,2024-09-09,FRA,BEL,2,0,,,UEFA Nations League,Completed
HIST_URU_COL_20241115,OTHER_HIST,2024-11-15,URU,COL,3,2,,,FIFA World Cup qualification,Completed
HIST_ITA_FRA_20241117,OTHER_HIST,2024-11-17,ITA,FRA,1,3,,,UEFA Nations League,Completed
HIST_JPN_KSA_20250325,OTHER_HIST,2025-03-25,JPN,KSA,0,0,,,FIFA World Cup qualification,Completed
HIST_ECU_BRA_20250605,OTHER_HIST,2025-06-05,ECU,BRA,0,0,,,FIFA World Cup qualification,Completed
HIST_GER_FRA_20250608,OTHER_HIST,2025-06-08,GER,FRA,0,2,,,UEFA Nations League,Completed
HIST_PAN_JAM_20250624,OTHER_HIST,2025-06-24,PAN,JAM,4,1,,,Gold Cup,Completed
HIST_MEX_ECU_20251014,FRIENDLY,2025-10-14,MEX,ECU,1,1,,,Friendly,Completed
HIST_PAN_MEX_20260122,FRIENDLY,2026-01-22,PAN,MEX,0,1,,,Friendly,Completed
HIST_AUT_GHA_20260327,FRIENDLY,2026-03-27,AUT,GHA,5,1,,,Friendly,Completed
HIST_USA_BEL_20260328,FRIENDLY,2026-03-28,USA,BEL,2,5,,,Friendly,Completed
HIST_MEX_AUS_20260530,FRIENDLY,2026-05-30,MEX,AUS,1,0,,,Friendly,Completed
HIST_CRO_BEL_20260602,FRIENDLY,2026-06-02,CRO,BEL,0,2,,,Friendly,Completed
HIST_FRA_CIV_20260604,FRIENDLY,2026-06-04,FRA,CIV,1,2,,,Friendly,Completed
HIST_JOR_COL_20260607,FRIENDLY,2026-06-07,JOR,COL,0,2,,,Friendly,Completed
HIST_CRO_FRA_20000528,FRIENDLY,2000-05-28,CRO,FRA,0,2,,,Friendly,Completed
HIST_AUS_PAR_20000609,FRIENDLY,2000-06-09,AUS,PAR,0,0,,,Friendly,Completed
HIST_SWE_TUR_20000615,EURO2000,2000-06-15,SWE,TUR,0,0,,,UEFA Euro,Completed
HIST_CIV_TUN_20000618,OTHER_HIST,2000-06-18,CIV,TUN,2,2,,,FIFA World Cup qualification,Completed
HIST_ITA_SWE_20000619,EURO2000,2000-06-19,ITA,SWE,2,1,,,UEFA Euro,Completed
HIST_KSA_UZB_20001020,OTHER_HIST,2000-10-20,KSA,UZB,5,0,,,AFC Asian Cup,Completed
HIST_JPN_IRQ_20001024,OTHER_HIST,2000-10-24,JPN,IRQ,4,1,,,AFC Asian Cup,Completed
HIST_ESP_NED_20001115,FRIENDLY,2000-11-15,ESP,NED,1,2,,,Friendly,Completed
HIST_TUN_MAR_20010113,OTHER_HIST,2001-01-13,TUN,MAR,0,1,,,African Cup of Nations qualification,Completed
HIST_MEX_JAM_20010325,OTHER_HIST,2001-03-25,MEX,JAM,4,0,,,FIFA World Cup qualification,Completed
HIST_ESP_FRA_20010328,FRIENDLY,2001-03-28,ESP,FRA,2,1,,,Friendly,Completed
HIST_HAI_PAN_20010407,FRIENDLY,2001-04-07,HAI,PAN,0,0,,,Friendly,Completed
HIST_SEN_ALG_20010421,OTHER_HIST,2001-04-21,SEN,ALG,3,0,,,FIFA World Cup qualification,Completed
HIST_IRN_KOR_20010424,FRIENDLY,2001-04-24,IRN,KOR,0,1,,,Friendly,Completed
HIST_TUN_CIV_20010520,OTHER_HIST,2001-05-20,TUN,CIV,1,1,,,FIFA World Cup qualification,Completed
HIST_PAR_MEX_20010715,CA2001,2001-07-15,PAR,MEX,0,0,,,Copa America,Completed
HIST_SWE_RSA_20010815,FRIENDLY,2001-08-15,SWE,RSA,3,0,,,Friendly,Completed
HIST_IRN_IRQ_20011012,OTHER_HIST,2001-10-12,IRN,IRQ,2,1,,,FIFA World Cup qualification,Completed
HIST_KOR_CRO_20011113,FRIENDLY,2001-11-13,KOR,CRO,1,1,,,Friendly,Completed
HIST_TUR_AUT_20011114,OTHER_HIST,2001-11-14,TUR,AUT,5,0,,,FIFA World Cup qualification,Completed
HIST_ENG_PAR_20020417,FRIENDLY,2002-04-17,ENG,PAR,4,0,,,Friendly,Completed
HIST_MEX_ECU_20020609,WC02,2002-06-09,MEX,ECU,2,1,,,World Cup Knockout,Completed
HIST_SCO_GER_20030607,EURO2003,2003-06-07,SCO,GER,1,1,,,UEFA Euro,Completed
HIST_JPN_PAR_20030611,OTHER_HIST,2003-06-11,JPN,PAR,0,0,,,Kirin Cup,Completed
HIST_ARG_URU_20030716,FRIENDLY,2003-07-16,ARG,URU,2,2,,,Friendly,Completed
HIST_SUI_FRA_20030820,FRIENDLY,2003-08-20,SUI,FRA,0,2,,,Friendly,Completed
HIST_IRN_JOR_20030905,OTHER_HIST,2003-09-05,IRN,JOR,4,1,,,AFC Asian Cup qualification,Completed
HIST_MAR_ALG_20040208,OTHER_HIST,2004-02-08,MAR,ALG,3,1,,,African Cup of Nations,Completed
HIST_ITA_CZE_20040218,FRIENDLY,2004-02-18,ITA,CZE,2,2,,,Friendly,Completed
HIST_NED_USA_20040218,FRIENDLY,2004-02-18,NED,USA,1,0,,,Friendly,Completed
HIST_USA_MEX_20040428,FRIENDLY,2004-04-28,USA,MEX,1,0,,,Friendly,Completed
HIST_FRA_BRA_20040520,FRIENDLY,2004-05-20,FRA,BRA,0,0,,,Friendly,Completed
HIST_NED_BEL_20040529,FRIENDLY,2004-05-29,NED,BEL,0,1,,,Friendly,Completed
HIST_COL_URU_20040606,OTHER_HIST,2004-06-06,COL,URU,5,0,,,FIFA World Cup qualification,Completed
HIST_CRO_FRA_20040617,EURO2004,2004-06-17,CRO,FRA,2,2,,,UEFA Euro,Completed
HIST_ARG_COL_20040627,FRIENDLY,2004-06-27,ARG,COL,0,2,,,Friendly,Completed
HIST_TUN_RSA_20040818,FRIENDLY,2004-08-18,TUN,RSA,0,2,,,Friendly,Completed
HIST_ARG_URU_20041009,OTHER_HIST,2004-10-09,ARG,URU,4,2,,,FIFA World Cup qualification,Completed
HIST_MEX_JAM_20050713,OTHER_HIST,2005-07-13,MEX,JAM,1,0,,,Gold Cup,Completed
HIST_KOR_IRN_20051012,FRIENDLY,2005-10-12,KOR,IRN,2,0,,,Friendly,Completed
HIST_MEX_NOR_20060125,FRIENDLY,2006-01-25,MEX,NOR,2,1,,,Friendly,Completed
HIST_ITA_GER_20060301,FRIENDLY,2006-03-01,ITA,GER,4,1,,,Friendly,Completed
HIST_SUI_CIV_20060527,FRIENDLY,2006-05-27,SUI,CIV,1,1,,,Friendly,Completed
HIST_GHA_USA_20060622,WC06,2006-06-22,GHA,USA,2,1,,,World Cup Knockout,Completed
HIST_ENG_ECU_20060625,WC06,2006-06-25,ENG,ECU,1,0,,,World Cup Knockout,Completed
HIST_ITA_FRA_20060709,WC06,2006-07-09,ITA,FRA,1,1,4,3,World Cup Knockout,Completed
HIST_SWE_ESP_20061007,EURO2006,2006-10-07,SWE,ESP,2,0,,,UEFA Euro,Completed
HIST_BEL_CZE_20070207,FRIENDLY,2007-02-07,BEL,CZE,0,2,,,Friendly,Completed
HIST_COL_URU_20070207,FRIENDLY,2007-02-07,COL,URU,1,3,,,Friendly,Completed
HIST_MEX_ECU_20070328,FRIENDLY,2007-03-28,MEX,ECU,4,2,,,Friendly,Completed
HIST_AUT_SCO_20070530,FRIENDLY,2007-05-30,AUT,SCO,0,1,,,Friendly,Completed
HIST_KOR_NED_20070602,FRIENDLY,2007-06-02,KOR,NED,0,2,,,Friendly,Completed
HIST_EGY_ARG_20080326,FRIENDLY,2008-03-26,EGY,ARG,0,2,,,Friendly,Completed
HIST_JPN_CIV_20080524,OTHER_HIST,2008-05-24,JPN,CIV,1,0,,,Kirin Cup,Completed
HIST_IRQ_AUS_20080607,OTHER_HIST,2008-06-07,IRQ,AUS,1,0,,,FIFA World Cup qualification,Completed
HIST_GER_TUR_20080625,EURO2008,2008-06-25,GER,TUR,3,2,,,UEFA Euro,Completed
HIST_SWE_FRA_20080820,FRIENDLY,2008-08-20,SWE,FRA,2,3,,,Friendly,Completed
HIST_FRA_TUN_20081014,FRIENDLY,2008-10-14,FRA,TUN,3,1,,,Friendly,Completed
HIST_NED_SWE_20081119,FRIENDLY,2008-11-19,NED,SWE,3,1,,,Friendly,Completed
HIST_KOR_IRN_20090617,OTHER_HIST,2009-06-17,KOR,IRN,1,1,,,FIFA World Cup qualification,Completed
HIST_RSA_NZL_20090617,OTHER_HIST,2009-06-17,RSA,NZL,2,0,,,Confederations Cup,Completed
HIST_IRQ_NZL_20090620,OTHER_HIST,2009-06-20,IRQ,NZL,0,0,,,Confederations Cup,Completed
HIST_ITA_BRA_20090621,OTHER_HIST,2009-06-21,ITA,BRA,0,3,,,Confederations Cup,Completed
HIST_USA_PAN_20090718,OTHER_HIST,2009-07-18,USA,PAN,2,1,,,Gold Cup,Completed
HIST_GER_RSA_20090905,FRIENDLY,2009-09-05,GER,RSA,2,0,,,Friendly,Completed
HIST_ESP_BEL_20090905,OTHER_HIST,2009-09-05,ESP,BEL,5,0,,,FIFA World Cup qualification,Completed
HIST_MEX_COL_20090930,FRIENDLY,2009-09-30,MEX,COL,1,2,,,Friendly,Completed
HIST_PAR_COL_20091014,OTHER_HIST,2009-10-14,PAR,COL,0,2,,,FIFA World Cup qualification,Completed
HIST_PAR_RSA_20100331,FRIENDLY,2010-03-31,PAR,RSA,1,1,,,Friendly,Completed
HIST_ENG_MEX_20100524,FRIENDLY,2010-05-24,ENG,MEX,3,1,,,Friendly,Completed
HIST_URU_KOR_20100626,WC10,2010-06-26,URU,KOR,2,1,,,World Cup Knockout,Completed
HIST_USA_GHA_20100626,WC10,2010-06-26,USA,GHA,1,2,,,World Cup Knockout,Completed
HIST_SUI_AUS_20100903,FRIENDLY,2010-09-03,SUI,AUS,0,0,,,Friendly,Completed
HIST_USA_COL_20101012,FRIENDLY,2010-10-12,USA,COL,0,0,,,Friendly,Completed
HIST_ARG_BRA_20101117,FRIENDLY,2010-11-17,ARG,BRA,1,0,,,Friendly,Completed
HIST_RSA_USA_20101117,FRIENDLY,2010-11-17,RSA,USA,0,1,,,Friendly,Completed
HIST_QAT_EGY_20101216,FRIENDLY,2010-12-16,QAT,EGY,2,1,,,Friendly,Completed
HIST_UZB_AUS_20110125,OTHER_HIST,2011-01-25,UZB,AUS,0,6,,,AFC Asian Cup,Completed
HIST_USA_JAM_20110619,OTHER_HIST,2011-06-19,USA,JAM,2,0,,,Gold Cup,Completed
HIST_PAR_ECU_20110703,CA2011,2011-07-03,PAR,ECU,0,0,,,Copa America,Completed
HIST_TUR_CRO_20111111,EURO2011,2011-11-11,TUR,CRO,0,3,,,UEFA Euro,Completed
HIST_IRN_QAT_20120229,OTHER_HIST,2012-02-29,IRN,QAT,2,2,,,FIFA World Cup qualification,Completed
HIST_RSA_SEN_20120229,FRIENDLY,2012-02-29,RSA,SEN,0,0,,,Friendly,Completed
HIST_ECU_COL_20120610,OTHER_HIST,2012-06-10,ECU,COL,1,0,,,FIFA World Cup qualification,Completed
HIST_ESP_ITA_20120610,EURO2012,2012-06-10,ESP,ITA,1,1,,,UEFA Euro,Completed
HIST_ESP_FRA_20120623,EURO2012,2012-06-23,ESP,FRA,2,0,,,UEFA Euro,Completed
HIST_POR_PAN_20120815,FRIENDLY,2012-08-15,POR,PAN,2,0,,,Friendly,Completed
HIST_EGY_TUN_20121016,FRIENDLY,2012-10-16,EGY,TUN,0,1,,,Friendly,Completed
HIST_BRA_COL_20121114,FRIENDLY,2012-11-14,BRA,COL,1,1,,,Friendly,Completed
HIST_ITA_FRA_20121114,FRIENDLY,2012-11-14,ITA,FRA,1,2,,,Friendly,Completed
HIST_PAN_ESP_20121114,FRIENDLY,2012-11-14,PAN,ESP,1,5,,,Friendly,Completed
HIST_TUN_SUI_20121114,FRIENDLY,2012-11-14,TUN,SUI,1,2,,,Friendly,Completed
HIST_CRO_KOR_20130206,FRIENDLY,2013-02-06,CRO,KOR,4,0,,,Friendly,Completed
HIST_AUS_JOR_20130611,OTHER_HIST,2013-06-11,AUS,JOR,4,0,,,FIFA World Cup qualification,Completed
HIST_USA_PAN_20130611,OTHER_HIST,2013-06-11,USA,PAN,2,0,,,FIFA World Cup qualification,Completed
HIST_BRA_ESP_20130630,OTHER_HIST,2013-06-30,BRA,ESP,3,0,,,Confederations Cup,Completed
HIST_BEL_FRA_20130814,FRIENDLY,2013-08-14,BEL,FRA,0,0,,,Friendly,Completed
HIST_USA_JAM_20131011,OTHER_HIST,2013-10-11,USA,JAM,2,0,,,FIFA World Cup qualification,Completed
HIST_POR_SWE_20131115,OTHER_HIST,2013-11-15,POR,SWE,1,0,,,FIFA World Cup qualification,Completed
HIST_NED_GHA_20140531,FRIENDLY,2014-05-31,NED,GHA,1,0,,,Friendly,Completed
HIST_JAM_EGY_20140604,FRIENDLY,2014-06-04,JAM,EGY,2,2,,,Friendly,Completed
HIST_URU_ENG_20140619,WC14,2014-06-19,URU,ENG,2,1,,,World Cup Knockout,Completed
HIST_GER_GHA_20140621,WC14,2014-06-21,GER,GHA,2,2,,,World Cup Knockout,Completed
HIST_USA_GER_20140626,WC14,2014-06-26,USA,GER,0,1,,,World Cup Knockout,Completed
HIST_ARG_SUI_20140701,WC14,2014-07-01,ARG,SUI,1,0,,,World Cup Knockout,Completed
HIST_BRA_COL_20140704,WC14,2014-07-04,BRA,COL,2,1,,,World Cup Knockout,Completed
HIST_MAR_QAT_20140903,FRIENDLY,2014-09-03,MAR,QAT,0,0,,,Friendly,Completed
HIST_KOR_URU_20140908,FRIENDLY,2014-09-08,KOR,URU,0,1,,,Friendly,Completed
HIST_MEX_PAN_20141012,FRIENDLY,2014-10-12,MEX,PAN,1,0,,,Friendly,Completed
HIST_QAT_IRN_20150115,OTHER_HIST,2015-01-15,QAT,IRN,0,1,,,AFC Asian Cup,Completed
HIST_POR_CPV_20150331,FRIENDLY,2015-03-31,POR,CPV,0,2,,,Friendly,Completed
HIST_MEX_ECU_20150619,CA2015,2015-06-19,MEX,ECU,1,2,,,Copa America,Completed
HIST_URU_PAR_20150620,CA2015,2015-06-20,URU,PAR,1,1,,,Copa America,Completed
HIST_JAM_MEX_20150726,OTHER_HIST,2015-07-26,JAM,MEX,1,3,,,Gold Cup,Completed
HIST_NED_CZE_20151013,EURO2015,2015-10-13,NED,CZE,2,3,,,UEFA Euro,Completed
HIST_QAT_TUR_20151113,FRIENDLY,2015-11-13,QAT,TUR,1,2,,,Friendly,Completed
HIST_MAR_CPV_20160329,OTHER_HIST,2016-03-29,MAR,CPV,2,0,,,African Cup of Nations qualification,Completed
HIST_ARG_PAN_20160610,CA2016,2016-06-10,ARG,PAN,5,0,,,Copa America,Completed
HIST_TUR_CRO_20160612,EURO2016,2016-06-12,TUR,CRO,0,1,,,UEFA Euro,Completed
HIST_USA_ECU_20160616,CA2016,2016-06-16,USA,ECU,2,1,,,Copa America,Completed
HIST_ITA_SWE_20160617,EURO2016,2016-06-17,ITA,SWE,1,0,,,UEFA Euro,Completed
HIST_ARG_URU_20160901,OTHER_HIST,2016-09-01,ARG,URU,1,0,,,FIFA World Cup qualification,Completed
HIST_IRQ_KSA_20160906,OTHER_HIST,2016-09-06,IRQ,KSA,1,2,,,FIFA World Cup qualification,Completed
HIST_TUN_SEN_20170115,OTHER_HIST,2017-01-15,TUN,SEN,0,2,,,African Cup of Nations,Completed
HIST_FRA_ESP_20170328,FRIENDLY,2017-03-28,FRA,ESP,0,2,,,Friendly,Completed
HIST_MAR_NED_20170531,FRIENDLY,2017-05-31,MAR,NED,1,2,,,Friendly,Completed
HIST_AUS_GER_20170619,OTHER_HIST,2017-06-19,AUS,GER,2,3,,,Confederations Cup,Completed
HIST_NZL_POR_20170624,OTHER_HIST,2017-06-24,NZL,POR,0,4,,,Confederations Cup,Completed
HIST_MEX_JAM_20170723,OTHER_HIST,2017-07-23,MEX,JAM,0,1,,,Gold Cup,Completed
HIST_COL_PAR_20171005,OTHER_HIST,2017-10-05,COL,PAR,1,2,,,FIFA World Cup qualification,Completed
HIST_QAT_CUW_20171010,FRIENDLY,2017-10-10,QAT,CUW,1,2,,,Friendly,Completed
HIST_GER_ESP_20180323,FRIENDLY,2018-03-23,GER,ESP,1,1,,,Friendly,Completed
HIST_NOR_PAN_20180606,FRIENDLY,2018-06-06,NOR,PAN,1,0,,,Friendly,Completed
HIST_KOR_MEX_20180623,WC18,2018-06-23,KOR,MEX,1,2,,,World Cup Knockout,Completed
HIST_CRO_ENG_20180711,WC18,2018-07-11,CRO,ENG,2,1,,,World Cup Knockout,Completed
HIST_ARG_BRA_20181016,OTHER_HIST,2018-10-16,ARG,BRA,0,1,,,Superclásico de las Américas,Completed
HIST_NED_FRA_20181116,OTHER_HIST,2018-11-16,NED,FRA,2,0,,,UEFA Nations League,Completed
HIST_ENG_CRO_20181118,OTHER_HIST,2018-11-18,ENG,CRO,2,1,,,UEFA Nations League,Completed
HIST_RSA_PAR_20181120,FRIENDLY,2018-11-20,RSA,PAR,1,1,,,Friendly,Completed
HIST_QAT_IRQ_20190122,OTHER_HIST,2019-01-22,QAT,IRQ,1,0,,,AFC Asian Cup,Completed
HIST_ESP_NOR_20190323,EURO2019,2019-03-23,ESP,NOR,2,1,,,UEFA Euro,Completed
HIST_URU_JPN_20190620,CA2019,2019-06-20,URU,JPN,2,2,,,Copa America,Completed
HIST_NOR_AUT_20200904,OTHER_HIST,2020-09-04,NOR,AUT,1,2,,,UEFA Nations League,Completed
HIST_CRO_FRA_20201014,OTHER_HIST,2020-10-14,CRO,FRA,1,2,,,UEFA Nations League,Completed
HIST_GER_CZE_20201111,FRIENDLY,2020-11-11,GER,CZE,1,0,,,Friendly,Completed
HIST_USA_MEX_20210606,OTHER_HIST,2021-06-06,USA,MEX,3,2,,,CONCACAF Nations League,Completed
HIST_NED_AUT_20210617,EURO2021,2021-06-17,NED,AUT,2,0,,,UEFA Euro,Completed
HIST_SUI_TUR_20210620,EURO2021,2021-06-20,SUI,TUR,3,1,,,UEFA Euro,Completed
HIST_MEX_PAN_20210630,FRIENDLY,2021-06-30,MEX,PAN,3,0,,,Friendly,Completed
HIST_MEX_CAN_20210729,OTHER_HIST,2021-07-29,MEX,CAN,2,1,,,Gold Cup,Completed
HIST_USA_MEX_20210801,OTHER_HIST,2021-08-01,USA,MEX,1,0,,,Gold Cup,Completed
HIST_BEL_CZE_20210905,OTHER_HIST,2021-09-05,BEL,CZE,3,0,,,FIFA World Cup qualification,Completed
HIST_IRQ_IRN_20210907,OTHER_HIST,2021-09-07,IRQ,IRN,0,3,,,FIFA World Cup qualification,Completed
HIST_PAN_MEX_20210908,OTHER_HIST,2021-09-08,PAN,MEX,1,1,,,FIFA World Cup qualification,Completed
HIST_USA_JAM_20211007,OTHER_HIST,2021-10-07,USA,JAM,2,0,,,FIFA World Cup qualification,Completed
HIST_TUR_NOR_20211008,OTHER_HIST,2021-10-08,TUR,NOR,1,1,,,FIFA World Cup qualification,Completed
HIST_CAN_MEX_20211116,OTHER_HIST,2021-11-16,CAN,MEX,2,1,,,FIFA World Cup qualification,Completed
HIST_NED_NOR_20211116,OTHER_HIST,2021-11-16,NED,NOR,2,0,,,FIFA World Cup qualification,Completed
HIST_EGY_JOR_20211211,OTHER_HIST,2021-12-11,EGY,JOR,3,1,,,Arab Cup,Completed
HIST_IRN_IRQ_20220127,OTHER_HIST,2022-01-27,IRN,IRQ,1,0,,,FIFA World Cup qualification,Completed
HIST_CAN_JAM_20220327,OTHER_HIST,2022-03-27,CAN,JAM,4,0,,,FIFA World Cup qualification,Completed
HIST_USA_PAN_20220327,OTHER_HIST,2022-03-27,USA,PAN,5,1,,,FIFA World Cup qualification,Completed
HIST_ITA_ARG_20220601,OTHER_HIST,2022-06-01,ITA,ARG,0,3,,,CONMEBOL–UEFA Cup of Champions,Completed
HIST_AUT_FRA_20220610,OTHER_HIST,2022-06-10,AUT,FRA,1,1,,,UEFA Nations League,Completed
HIST_BRA_TUN_20220927,FRIENDLY,2022-09-27,BRA,TUN,5,1,,,Friendly,Completed
HIST_TUN_FRA_20221130,WC22,2022-11-30,TUN,FRA,1,0,,,World Cup Knockout,Completed
HIST_ARG_FRA_20221218,WC22,2022-12-18,ARG,FRA,3,3,4,3,World Cup Knockout,Completed
HIST_IRQ_QAT_20230116,OTHER_HIST,2023-01-16,IRQ,QAT,2,1,,,Gulf Cup,Completed
HIST_ITA_ENG_20230323,EURO2023,2023-03-23,ITA,ENG,1,2,,,UEFA Euro,Completed
HIST_FRA_NED_20230324,EURO2023,2023-03-24,FRA,NED,4,0,,,UEFA Euro,Completed
HIST_SWE_BEL_20230324,EURO2023,2023-03-24,SWE,BEL,0,3,,,UEFA Euro,Completed
HIST_NOR_SCO_20230617,EURO2023,2023-06-17,NOR,SCO,1,2,,,UEFA Euro,Completed
HIST_USA_CAN_20230709,OTHER_HIST,2023-07-09,USA,CAN,2,2,4,3,Gold Cup,Completed
HIST_COL_BRA_20231116,OTHER_HIST,2023-11-16,COL,BRA,2,1,,,FIFA World Cup qualification,Completed
HIST_MEX_COL_20231216,FRIENDLY,2023-12-16,MEX,COL,2,3,,,Friendly,Completed
HIST_QAT_JOR_20240105,FRIENDLY,2024-01-05,QAT,JOR,1,2,,,Friendly,Completed
HIST_JPN_JOR_20240109,FRIENDLY,2024-01-09,JPN,JOR,6,1,,,Friendly,Completed
HIST_GHA_CPV_20240114,OTHER_HIST,2024-01-14,GHA,CPV,1,2,,,African Cup of Nations,Completed
HIST_JOR_KOR_20240120,OTHER_HIST,2024-01-20,JOR,KOR,2,2,,,AFC Asian Cup,Completed
HIST_QAT_UZB_20240203,OTHER_HIST,2024-02-03,QAT,UZB,1,1,4,3,AFC Asian Cup,Completed
HIST_JOR_KOR_20240206,OTHER_HIST,2024-02-06,JOR,KOR,2,0,,,AFC Asian Cup,Completed
HIST_PAN_MEX_20240321,OTHER_HIST,2024-03-21,PAN,MEX,0,3,,,CONCACAF Nations League,Completed
HIST_MEX_JAM_20240622,CA2024,2024-06-22,MEX,JAM,1,0,,,Copa America,Completed
HIST_MEX_ECU_20240630,CA2024,2024-06-30,MEX,ECU,0,0,,,Copa America,Completed
HIST_SUI_ESP_20240908,OTHER_HIST,2024-09-08,SUI,ESP,1,4,,,UEFA Nations League,Completed
HIST_USA_NZL_20240910,FRIENDLY,2024-09-10,USA,NZL,1,1,,,Friendly,Completed
HIST_JPN_AUS_20241015,OTHER_HIST,2024-10-15,JPN,AUS,1,1,,,FIFA World Cup qualification,Completed
HIST_SCO_CRO_20241115,OTHER_HIST,2024-11-15,SCO,CRO,1,0,,,UEFA Nations League,Completed
HIST_ESP_SUI_20241118,OTHER_HIST,2024-11-18,ESP,SUI,3,2,,,UEFA Nations League,Completed
HIST_USA_PAN_20250320,OTHER_HIST,2025-03-20,USA,PAN,0,1,,,CONCACAF Nations League,Completed
HIST_PAN_MEX_20250323,OTHER_HIST,2025-03-23,PAN,MEX,1,2,,,CONCACAF Nations League,Completed
HIST_ARG_BRA_20250325,OTHER_HIST,2025-03-25,ARG,BRA,4,1,,,FIFA World Cup qualification,Completed
HIST_IRN_UZB_20250325,OTHER_HIST,2025-03-25,IRN,UZB,2,2,,,FIFA World Cup qualification,Completed
HIST_KSA_JOR_20250530,FRIENDLY,2025-05-30,KSA,JOR,2,0,,,Friendly,Completed
HIST_AUS_JPN_20250605,OTHER_HIST,2025-06-05,AUS,JPN,1,0,,,FIFA World Cup qualification,Completed
HIST_ENG_SEN_20250610,FRIENDLY,2025-06-10,ENG,SEN,1,3,,,Friendly,Completed
HIST_PAR_ECU_20250904,OTHER_HIST,2025-09-04,PAR,ECU,0,0,,,FIFA World Cup qualification,Completed
HIST_MEX_KOR_20250909,FRIENDLY,2025-09-09,MEX,KOR,2,2,,,Friendly,Completed
HIST_NZL_AUS_20250909,OTHER_HIST,2025-09-09,NZL,AUS,1,3,,,Soccer Ashes,Completed
HIST_ITA_NOR_20251116,OTHER_HIST,2025-11-16,ITA,NOR,1,4,,,FIFA World Cup qualification,Completed
HIST_JAM_CUW_20251118,OTHER_HIST,2025-11-18,JAM,CUW,0,0,,,FIFA World Cup qualification,Completed
HIST_MAR_ECU_20260327,FRIENDLY,2026-03-27,MAR,ECU,1,1,,,Friendly,Completed
HIST_AUT_KOR_20260331,FRIENDLY,2026-03-31,AUT,KOR,1,0,,,Friendly,Completed
HIST_CAN_TUN_20260331,FRIENDLY,2026-03-31,CAN,TUN,0,0,,,Friendly,Completed
HIST_NOR_SUI_20260331,FRIENDLY,2026-03-31,NOR,SUI,0,0,,,Friendly,Completed
HIST_ENG_NZL_20260606,FRIENDLY,2026-06-06,ENG,NZL,1,0,,,Friendly,Completed
HIST_USA_GER_20260606,FRIENDLY,2026-06-06,USA,GER,1,2,,,Friendly,Completed
HIST_MAR_NOR_20260607,FRIENDLY,2026-06-07,MAR,NOR,1,1,,,Friendly,Completed
HIST_MEX_IRN_20000109,FRIENDLY,2000-01-09,MEX,IRN,2,1,,,Friendly,Completed
HIST_USA_IRN_20000116,FRIENDLY,2000-01-16,USA,IRN,1,1,,,Friendly,Completed
HIST_NED_GER_20000223,FRIENDLY,2000-02-23,NED,GER,2,1,,,Friendly,Completed
HIST_TUR_NOR_20000223,FRIENDLY,2000-02-23,TUR,NOR,0,2,,,Friendly,Completed
HIST_SCO_FRA_20000329,FRIENDLY,2000-03-29,SCO,FRA,0,2,,,Friendly,Completed
HIST_ITA_POR_20000426,FRIENDLY,2000-04-26,ITA,POR,2,0,,,Friendly,Completed
HIST_PAR_URU_20000426,OTHER_HIST,2000-04-26,PAR,URU,1,0,,,FIFA World Cup qualification,Completed
HIST_CPV_SEN_20000508,OTHER_HIST,2000-05-08,CPV,SEN,2,2,,,Amílcar Cabral Cup,Completed
HIST_NOR_ITA_20000603,FRIENDLY,2000-06-03,NOR,ITA,1,0,,,Friendly,Completed
HIST_CZE_FRA_20000616,EURO2000,2000-06-16,CZE,FRA,1,2,,,UEFA Euro,Completed
HIST_SEN_EGY_20000709,OTHER_HIST,2000-07-09,SEN,EGY,0,0,,,FIFA World Cup qualification,Completed
HIST_PAN_MEX_20000716,OTHER_HIST,2000-07-16,PAN,MEX,0,1,,,FIFA World Cup qualification,Completed
HIST_ARG_ECU_20000719,OTHER_HIST,2000-07-19,ARG,ECU,2,0,,,FIFA World Cup qualification,Completed
HIST_PAN_CAN_20000723,OTHER_HIST,2000-07-23,PAN,CAN,0,0,,,FIFA World Cup qualification,Completed
HIST_EGY_CIV_20000902,OTHER_HIST,2000-09-02,EGY,CIV,1,0,,,African Cup of Nations qualification,Completed
HIST_FRA_ENG_20000902,FRIENDLY,2000-09-02,FRA,ENG,1,1,,,Friendly,Completed
HIST_IRQ_UZB_20000902,FRIENDLY,2000-09-02,IRQ,UZB,2,0,,,Friendly,Completed
HIST_MEX_PAN_20000903,OTHER_HIST,2000-09-03,MEX,PAN,7,1,,,FIFA World Cup qualification,Completed
HIST_IRN_IRQ_20001018,OTHER_HIST,2000-10-18,IRN,IRQ,1,0,,,AFC Asian Cup,Completed
HIST_TUN_SUI_20001115,FRIENDLY,2000-11-15,TUN,SUI,1,1,,,Friendly,Completed
HIST_EGY_MAR_20010128,OTHER_HIST,2001-01-28,EGY,MAR,0,0,,,FIFA World Cup qualification,Completed
HIST_SWE_QAT_20010214,OTHER_HIST,2001-02-14,SWE,QAT,0,0,,,King's Cup,Completed
HIST_URU_PAR_20010328,OTHER_HIST,2001-03-28,URU,PAR,0,1,,,FIFA World Cup qualification,Completed
HIST_MEX_AUS_20010530,OTHER_HIST,2001-05-30,MEX,AUS,0,2,,,Confederations Cup,Completed
HIST_JPN_AUS_20010815,FRIENDLY,2001-08-15,JPN,AUS,3,0,,,Friendly,Completed
HIST_URU_COL_20011007,OTHER_HIST,2001-10-07,URU,COL,1,1,,,FIFA World Cup qualification,Completed
HIST_ITA_URU_20020417,FRIENDLY,2002-04-17,ITA,URU,1,1,,,Friendly,Completed
HIST_POR_BRA_20020417,FRIENDLY,2002-04-17,POR,BRA,1,1,,,Friendly,Completed
HIST_GER_KSA_20020601,WC02,2002-06-01,GER,KSA,8,0,,,World Cup Knockout,Completed
HIST_GER_USA_20020621,WC02,2002-06-21,GER,USA,1,0,,,World Cup Knockout,Completed
HIST_POR_TUN_20021012,FRIENDLY,2002-10-12,POR,TUN,1,1,,,Friendly,Completed
HIST_ESP_PAR_20021016,FRIENDLY,2002-10-16,ESP,PAR,0,0,,,Friendly,Completed
HIST_CZE_SWE_20021120,FRIENDLY,2002-11-20,CZE,SWE,3,3,,,Friendly,Completed
HIST_GER_NED_20021120,FRIENDLY,2002-11-20,GER,NED,1,3,,,Friendly,Completed
HIST_USA_ARG_20030208,FRIENDLY,2003-02-08,USA,ARG,0,1,,,Friendly,Completed
HIST_ALG_BEL_20030212,FRIENDLY,2003-02-12,ALG,BEL,1,3,,,Friendly,Completed
HIST_TUN_SWE_20030212,FRIENDLY,2003-02-12,TUN,SWE,1,0,,,Friendly,Completed
HIST_NED_POR_20030430,FRIENDLY,2003-04-30,NED,POR,1,1,,,Friendly,Completed
HIST_ARG_URU_20030820,FRIENDLY,2003-08-20,ARG,URU,3,2,,,Friendly,Completed
HIST_PAN_PAR_20030820,FRIENDLY,2003-08-20,PAN,PAR,1,2,,,Friendly,Completed
HIST_TUN_CIV_20030910,FRIENDLY,2003-09-10,TUN,CIV,3,2,,,Friendly,Completed
HIST_EGY_SEN_20031010,FRIENDLY,2003-10-10,EGY,SEN,1,0,,,Friendly,Completed
HIST_QAT_IRQ_20031221,FRIENDLY,2003-12-21,QAT,IRQ,0,0,,,Friendly,Completed
HIST_MAR_RSA_20040204,OTHER_HIST,2004-02-04,MAR,RSA,1,1,,,African Cup of Nations,Completed
HIST_CRO_TUR_20040331,FRIENDLY,2004-03-31,CRO,TUR,2,2,,,Friendly,Completed
HIST_MAR_ARG_20040428,FRIENDLY,2004-04-28,MAR,ARG,0,1,,,Friendly,Completed
HIST_MEX_ECU_20040713,CA2004,2004-07-13,MEX,ECU,2,1,,,Copa America,Completed
HIST_UZB_KSA_20040722,OTHER_HIST,2004-07-22,UZB,KSA,1,0,,,AFC Asian Cup,Completed
HIST_COL_URU_20040724,CA2004,2004-07-24,COL,URU,1,2,,,Copa America,Completed
HIST_MAR_TUN_20040904,OTHER_HIST,2004-09-04,MAR,TUN,1,1,,,FIFA World Cup qualification,Completed
HIST_GHA_CPV_20040905,OTHER_HIST,2004-09-05,GHA,CPV,2,0,,,FIFA World Cup qualification,Completed
HIST_SWE_KOR_20050122,FRIENDLY,2005-01-22,SWE,KOR,1,1,,,Friendly,Completed
HIST_KOR_EGY_20050204,FRIENDLY,2005-02-04,KOR,EGY,0,1,,,Friendly,Completed
HIST_ECU_PAR_20050327,OTHER_HIST,2005-03-27,ECU,PAR,5,2,,,FIFA World Cup qualification,Completed
HIST_NOR_ITA_20050604,OTHER_HIST,2005-06-04,NOR,ITA,0,0,,,FIFA World Cup qualification,Completed
HIST_BRA_PAR_20050605,OTHER_HIST,2005-06-05,BRA,PAR,4,1,,,FIFA World Cup qualification,Completed
HIST_COL_PAN_20050706,OTHER_HIST,2005-07-06,COL,PAN,0,1,,,Gold Cup,Completed
HIST_SWE_CZE_20050817,FRIENDLY,2005-08-17,SWE,CZE,2,1,,,Friendly,Completed
HIST_URU_COL_20050904,OTHER_HIST,2005-09-04,URU,COL,3,2,,,FIFA World Cup qualification,Completed
HIST_MEX_PAN_20050907,OTHER_HIST,2005-09-07,MEX,PAN,5,0,,,FIFA World Cup qualification,Completed
HIST_URU_ARG_20051012,OTHER_HIST,2005-10-12,URU,ARG,1,0,,,FIFA World Cup qualification,Completed
HIST_CIV_ITA_20051116,FRIENDLY,2005-11-16,CIV,ITA,1,1,,,Friendly,Completed
HIST_GHA_SEN_20060127,OTHER_HIST,2006-01-27,GHA,SEN,1,0,,,African Cup of Nations,Completed
HIST_ENG_URU_20060301,FRIENDLY,2006-03-01,ENG,URU,2,1,,,Friendly,Completed
HIST_MEX_GHA_20060301,FRIENDLY,2006-03-01,MEX,GHA,1,0,,,Friendly,Completed
HIST_FRA_SUI_20060613,WC06,2006-06-13,FRA,SUI,0,0,,,World Cup Knockout,Completed
HIST_ITA_USA_20060617,WC06,2006-06-17,ITA,USA,1,1,,,World Cup Knockout,Completed
HIST_FRA_KOR_20060618,WC06,2006-06-18,FRA,KOR,1,1,,,World Cup Knockout,Completed
HIST_GER_SWE_20060624,WC06,2006-06-24,GER,SWE,2,0,,,World Cup Knockout,Completed
HIST_JOR_IRQ_20060721,FRIENDLY,2006-07-21,JOR,IRQ,2,1,,,Friendly,Completed
HIST_JOR_IRN_20061006,FRIENDLY,2006-10-06,JOR,IRN,0,0,,,Friendly,Completed
HIST_SCO_FRA_20061007,EURO2006,2006-10-07,SCO,FRA,1,0,,,UEFA Euro,Completed
HIST_JAM_CAN_20061008,FRIENDLY,2006-10-08,JAM,CAN,2,1,,,Friendly,Completed
HIST_AUT_SUI_20061011,FRIENDLY,2006-10-11,AUT,SUI,2,1,,,Friendly,Completed
HIST_CRO_ENG_20061011,EURO2006,2006-10-11,CRO,ENG,2,0,,,UEFA Euro,Completed
HIST_UZB_QAT_20061115,OTHER_HIST,2006-11-15,UZB,QAT,2,0,,,AFC Asian Cup qualification,Completed
HIST_IRQ_IRN_20070624,OTHER_HIST,2007-06-24,IRQ,IRN,1,2,,,WAFF Championship,Completed
HIST_PAR_COL_20070628,CA2007,2007-06-28,PAR,COL,5,0,,,Copa America,Completed
HIST_MEX_ECU_20070701,CA2007,2007-07-01,MEX,ECU,2,1,,,Copa America,Completed
HIST_IRQ_UZB_20070702,FRIENDLY,2007-07-02,IRQ,UZB,0,2,,,Friendly,Completed
HIST_KOR_UZB_20070705,FRIENDLY,2007-07-05,KOR,UZB,2,1,,,Friendly,Completed
HIST_MEX_PAR_20070708,CA2007,2007-07-08,MEX,PAR,6,0,,,Copa America,Completed
HIST_MEX_BRA_20070912,FRIENDLY,2007-09-12,MEX,BRA,1,3,,,Friendly,Completed
HIST_COL_BRA_20071014,OTHER_HIST,2007-10-14,COL,BRA,0,0,,,FIFA World Cup qualification,Completed
HIST_QAT_IRQ_20071016,FRIENDLY,2007-10-16,QAT,IRQ,3,2,,,Friendly,Completed
HIST_ESP_SWE_20071117,EURO2007,2007-11-17,ESP,SWE,3,0,,,UEFA Euro,Completed
HIST_ESP_ITA_20080622,EURO2008,2008-06-22,ESP,ITA,0,0,4,3,UEFA Euro,Completed
HIST_QAT_JPN_20081119,OTHER_HIST,2008-11-19,QAT,JPN,0,3,,,FIFA World Cup qualification,Completed
HIST_MEX_HAI_20090719,OTHER_HIST,2009-07-19,MEX,HAI,4,0,,,Gold Cup,Completed
HIST_JPN_GHA_20090909,FRIENDLY,2009-09-09,JPN,GHA,4,3,,,Friendly,Completed
HIST_ECU_URU_20091010,OTHER_HIST,2009-10-10,ECU,URU,1,2,,,FIFA World Cup qualification,Completed
HIST_RSA_JAM_20100428,FRIENDLY,2010-04-28,RSA,JAM,2,0,,,Friendly,Completed
HIST_PAR_CIV_20100530,FRIENDLY,2010-05-30,PAR,CIV,2,2,,,Friendly,Completed
HIST_TUN_FRA_20100530,FRIENDLY,2010-05-30,TUN,FRA,1,1,,,Friendly,Completed
HIST_AUS_IRQ_20110122,OTHER_HIST,2011-01-22,AUS,IRQ,1,0,,,AFC Asian Cup,Completed
HIST_AUS_JPN_20110129,OTHER_HIST,2011-01-29,AUS,JPN,0,1,,,AFC Asian Cup,Completed
HIST_CRO_CZE_20110209,FRIENDLY,2011-02-09,CRO,CZE,4,2,,,Friendly,Completed
HIST_TUR_AUT_20110329,EURO2011,2011-03-29,TUR,AUT,2,0,,,UEFA Euro,Completed
HIST_MEX_NZL_20110601,FRIENDLY,2011-06-01,MEX,NZL,3,0,,,Friendly,Completed
HIST_URU_NED_20110608,OTHER_HIST,2011-06-08,URU,NED,1,1,4,3,Copa Confraternidad,Completed
HIST_BRA_GHA_20110905,FRIENDLY,2011-09-05,BRA,GHA,1,0,,,Friendly,Completed
HIST_AUT_TUR_20110906,EURO2011,2011-09-06,AUT,TUR,0,0,,,UEFA Euro,Completed
HIST_QAT_IRN_20110906,OTHER_HIST,2011-09-06,QAT,IRN,1,1,,,FIFA World Cup qualification,Completed
HIST_ITA_USA_20120229,FRIENDLY,2012-02-29,ITA,USA,0,1,,,Friendly,Completed
HIST_NZL_JAM_20120229,FRIENDLY,2012-02-29,NZL,JAM,2,3,,,Friendly,Completed
HIST_SUI_GER_20120526,FRIENDLY,2012-05-26,SUI,GER,5,3,,,Friendly,Completed
HIST_USA_SCO_20120526,FRIENDLY,2012-05-26,USA,SCO,5,1,,,Friendly,Completed
HIST_CAN_USA_20120603,FRIENDLY,2012-06-03,CAN,USA,0,0,,,Friendly,Completed
HIST_SWE_ENG_20120615,EURO2012,2012-06-15,SWE,ENG,2,3,,,UEFA Euro,Completed
HIST_CRO_ESP_20120618,EURO2012,2012-06-18,CRO,ESP,0,1,,,UEFA Euro,Completed
HIST_SWE_BRA_20120815,FRIENDLY,2012-08-15,SWE,BRA,0,3,,,Friendly,Completed
HIST_JPN_BRA_20121016,FRIENDLY,2012-10-16,JPN,BRA,0,4,,,Friendly,Completed
HIST_ARG_BRA_20121121,OTHER_HIST,2012-11-21,ARG,BRA,2,1,3,4,Superclásico de las Américas,Completed
HIST_CIV_EGY_20130114,FRIENDLY,2013-01-14,CIV,EGY,4,2,,,Friendly,Completed
HIST_ECU_GER_20130529,FRIENDLY,2013-05-29,ECU,GER,2,4,,,Friendly,Completed
HIST_NED_JPN_20131116,FRIENDLY,2013-11-16,NED,JPN,2,2,,,Friendly,Completed
HIST_NED_COL_20131119,FRIENDLY,2013-11-19,NED,COL,0,0,,,Friendly,Completed
HIST_URU_JOR_20131120,OTHER_HIST,2013-11-20,URU,JOR,0,0,,,FIFA World Cup qualification,Completed
HIST_GHA_USA_20140616,WC14,2014-06-16,GHA,USA,1,2,,,World Cup Knockout,Completed
HIST_USA_POR_20140622,WC14,2014-06-22,USA,POR,2,2,,,World Cup Knockout,Completed
HIST_CRO_MEX_20140623,WC14,2014-06-23,CRO,MEX,1,3,,,World Cup Knockout,Completed
HIST_ITA_URU_20140624,WC14,2014-06-24,ITA,URU,0,1,,,World Cup Knockout,Completed
HIST_GER_ARG_20140713,WC14,2014-07-13,GER,ARG,1,0,,,World Cup Knockout,Completed
HIST_CZE_NED_20140909,EURO2014,2014-09-09,CZE,NED,2,1,,,UEFA Euro,Completed
HIST_NOR_ITA_20140909,EURO2014,2014-09-09,NOR,ITA,0,2,,,UEFA Euro,Completed
HIST_TUR_BRA_20141112,FRIENDLY,2014-11-12,TUR,BRA,0,4,,,Friendly,Completed
HIST_SCO_ENG_20141118,FRIENDLY,2014-11-18,SCO,ENG,1,3,,,Friendly,Completed
HIST_GHA_SEN_20150119,OTHER_HIST,2015-01-19,GHA,SEN,1,2,,,African Cup of Nations,Completed
HIST_CRO_ITA_20150612,EURO2015,2015-06-12,CRO,ITA,1,1,,,UEFA Euro,Completed
HIST_ARG_PAR_20150613,CA2015,2015-06-13,ARG,PAR,2,2,,,Copa America,Completed
HIST_JAM_CAN_20150711,OTHER_HIST,2015-07-11,JAM,CAN,1,0,,,Gold Cup,Completed
HIST_SCO_GER_20150907,EURO2015,2015-09-07,SCO,GER,2,3,,,UEFA Euro,Completed
HIST_ENG_SUI_20150908,EURO2015,2015-09-08,ENG,SUI,2,0,,,UEFA Euro,Completed
HIST_ARG_BRA_20151113,OTHER_HIST,2015-11-13,ARG,BRA,1,1,,,FIFA World Cup qualification,Completed
HIST_GER_ITA_20160329,FRIENDLY,2016-03-29,GER,ITA,4,1,,,Friendly,Completed
HIST_PAN_HAI_20160329,OTHER_HIST,2016-03-29,PAN,HAI,1,0,,,FIFA World Cup qualification,Completed
HIST_ENG_TUR_20160522,FRIENDLY,2016-05-22,ENG,TUR,2,1,,,Friendly,Completed
HIST_FRA_GER_20160707,EURO2016,2016-07-07,FRA,GER,2,0,,,UEFA Euro,Completed
HIST_PAN_JAM_20160902,OTHER_HIST,2016-09-02,PAN,JAM,2,0,,,FIFA World Cup qualification,Completed
HIST_NOR_GER_20160904,OTHER_HIST,2016-09-04,NOR,GER,0,3,,,FIFA World Cup qualification,Completed
HIST_SWE_NED_20160906,OTHER_HIST,2016-09-06,SWE,NED,1,1,,,FIFA World Cup qualification,Completed
HIST_PAN_MEX_20161115,OTHER_HIST,2016-11-15,PAN,MEX,0,0,,,FIFA World Cup qualification,Completed
HIST_EGY_MAR_20170129,OTHER_HIST,2017-01-29,EGY,MAR,1,0,,,African Cup of Nations,Completed
HIST_MEX_CRO_20170528,FRIENDLY,2017-05-28,MEX,CRO,1,2,,,Friendly,Completed
HIST_AUS_KSA_20170608,OTHER_HIST,2017-06-08,AUS,KSA,3,2,,,FIFA World Cup qualification,Completed
HIST_JAM_CUW_20170625,OTHER_HIST,2017-06-25,JAM,CUW,1,2,,,CFU Caribbean Cup,Completed
HIST_URU_ARG_20170831,OTHER_HIST,2017-08-31,URU,ARG,0,0,,,FIFA World Cup qualification,Completed
HIST_KSA_GHA_20171010,FRIENDLY,2017-10-10,KSA,GHA,0,3,,,Friendly,Completed
HIST_BEL_MEX_20171110,FRIENDLY,2017-11-10,BEL,MEX,3,3,,,Friendly,Completed
HIST_CIV_MAR_20171111,OTHER_HIST,2017-11-11,CIV,MAR,0,2,,,FIFA World Cup qualification,Completed
HIST_GHA_EGY_20171112,OTHER_HIST,2017-11-12,GHA,EGY,1,1,,,FIFA World Cup qualification,Completed
HIST_ENG_PAN_20180624,WC18,2018-06-24,ENG,PAN,6,1,,,World Cup Knockout,Completed
HIST_ESP_MAR_20180625,WC18,2018-06-25,ESP,MAR,2,2,,,World Cup Knockout,Completed
HIST_MEX_SWE_20180627,WC18,2018-06-27,MEX,SWE,0,3,,,World Cup Knockout,Completed
HIST_ECU_JAM_20180907,FRIENDLY,2018-09-07,ECU,JAM,2,0,,,Friendly,Completed
HIST_POR_ITA_20180910,OTHER_HIST,2018-09-10,POR,ITA,1,0,,,UEFA Nations League,Completed
HIST_UZB_QAT_20181016,FRIENDLY,2018-10-16,UZB,QAT,2,0,,,Friendly,Completed
HIST_AUS_KOR_20181117,FRIENDLY,2018-11-17,AUS,KOR,1,1,,,Friendly,Completed
HIST_ARG_MEX_20181120,FRIENDLY,2018-11-20,ARG,MEX,2,0,,,Friendly,Completed
HIST_QAT_JOR_20181223,FRIENDLY,2018-12-23,QAT,JOR,2,0,,,Friendly,Completed
HIST_KOR_AUS_20190607,FRIENDLY,2019-06-07,KOR,AUS,1,0,,,Friendly,Completed
HIST_MAR_CIV_20190628,OTHER_HIST,2019-06-28,MAR,CIV,1,0,,,African Cup of Nations,Completed
HIST_USA_CUW_20190630,OTHER_HIST,2019-06-30,USA,CUW,1,0,,,Gold Cup,Completed
HIST_JOR_AUS_20191114,OTHER_HIST,2019-11-14,JOR,AUS,0,1,,,FIFA World Cup qualification,Completed
HIST_PAN_MEX_20191115,OTHER_HIST,2019-11-15,PAN,MEX,0,3,,,CONCACAF Nations League,Completed
HIST_QAT_KSA_20191205,OTHER_HIST,2019-12-05,QAT,KSA,0,1,,,Gulf Cup,Completed
HIST_GER_ESP_20200903,OTHER_HIST,2020-09-03,GER,ESP,1,1,,,UEFA Nations League,Completed
HIST_POR_CRO_20200905,OTHER_HIST,2020-09-05,POR,CRO,4,1,,,UEFA Nations League,Completed
HIST_SUI_GER_20200906,OTHER_HIST,2020-09-06,SUI,GER,1,1,,,UEFA Nations League,Completed
HIST_CRO_SWE_20201011,OTHER_HIST,2020-10-11,CRO,SWE,2,1,,,UEFA Nations League,Completed
HIST_JPN_CIV_20201013,FRIENDLY,2020-10-13,JPN,CIV,1,0,,,Friendly,Completed
HIST_JOR_UZB_20210215,FRIENDLY,2021-02-15,JOR,UZB,0,2,,,Friendly,Completed
HIST_CAN_HAI_20210615,OTHER_HIST,2021-06-15,CAN,HAI,3,0,,,FIFA World Cup qualification,Completed
HIST_GER_FRA_20210615,EURO2021,2021-06-15,GER,FRA,0,1,,,UEFA Euro,Completed
HIST_GER_POR_20210619,EURO2021,2021-06-19,GER,POR,4,2,,,UEFA Euro,Completed
HIST_ARG_PAR_20210621,CA2021,2021-06-21,ARG,PAR,1,0,,,Copa America,Completed
HIST_ITA_AUT_20210626,EURO2021,2021-06-26,ITA,AUT,2,1,,,UEFA Euro,Completed
HIST_SUI_ESP_20210702,EURO2021,2021-07-02,SUI,ESP,1,1,3,4,UEFA Euro,Completed
HIST_BEL_ITA_20210702,EURO2021,2021-07-02,BEL,ITA,1,2,,,UEFA Euro,Completed
HIST_PAR_ARG_20211007,OTHER_HIST,2021-10-07,PAR,ARG,0,0,,,FIFA World Cup qualification,Completed
HIST_USA_MEX_20211112,OTHER_HIST,2021-11-12,USA,MEX,2,0,,,FIFA World Cup qualification,Completed
HIST_ESP_SWE_20211114,OTHER_HIST,2021-11-14,ESP,SWE,1,0,,,FIFA World Cup qualification,Completed
HIST_MAR_ALG_20211211,OTHER_HIST,2021-12-11,MAR,ALG,2,2,3,4,Arab Cup,Completed
HIST_MEX_PAN_20220202,OTHER_HIST,2022-02-02,MEX,PAN,1,0,,,FIFA World Cup qualification,Completed
HIST_POR_TUR_20220324,OTHER_HIST,2022-03-24,POR,TUR,3,1,,,FIFA World Cup qualification,Completed
HIST_PAN_CAN_20220330,OTHER_HIST,2022-03-30,PAN,CAN,1,0,,,FIFA World Cup qualification,Completed
HIST_USA_MAR_20220601,FRIENDLY,2022-06-01,USA,MAR,3,0,,,Friendly,Completed
HIST_KOR_BRA_20220602,FRIENDLY,2022-06-02,KOR,BRA,1,5,,,Friendly,Completed
HIST_MEX_ECU_20220605,FRIENDLY,2022-06-05,MEX,ECU,0,0,,,Friendly,Completed
HIST_IRN_URU_20220923,FRIENDLY,2022-09-23,IRN,URU,1,0,,,Friendly,Completed
HIST_GER_JPN_20221123,WC22,2022-11-23,GER,JPN,1,2,,,World Cup Knockout,Completed
HIST_ARG_MEX_20221126,WC22,2022-11-26,ARG,MEX,2,0,,,World Cup Knockout,Completed
HIST_ESP_GER_20221127,WC22,2022-11-27,ESP,GER,1,1,,,World Cup Knockout,Completed
HIST_ENG_FRA_20221210,WC22,2022-12-10,ENG,FRA,1,2,,,World Cup Knockout,Completed
HIST_PAN_CAN_20230615,OTHER_HIST,2023-06-15,PAN,CAN,0,2,,,CONCACAF Nations League,Completed
HIST_ALG_TUN_20230620,FRIENDLY,2023-06-20,ALG,TUN,1,1,,,Friendly,Completed
HIST_BRA_SEN_20230620,FRIENDLY,2023-06-20,BRA,SEN,2,4,,,Friendly,Completed
HIST_KOR_KSA_20230912,FRIENDLY,2023-09-12,KOR,KSA,1,0,,,Friendly,Completed
HIST_SEN_ALG_20230912,FRIENDLY,2023-09-12,SEN,ALG,0,1,,,Friendly,Completed
HIST_COL_URU_20231012,OTHER_HIST,2023-10-12,COL,URU,2,2,,,FIFA World Cup qualification,Completed
HIST_ENG_AUS_20231013,FRIENDLY,2023-10-13,ENG,AUS,1,0,,,Friendly,Completed
HIST_AUT_BEL_20231013,EURO2023,2023-10-13,AUT,BEL,2,3,,,UEFA Euro,Completed
HIST_GER_TUR_20231118,FRIENDLY,2023-11-18,GER,TUR,2,3,,,Friendly,Completed
HIST_PAR_COL_20231121,OTHER_HIST,2023-11-21,PAR,COL,0,1,,,FIFA World Cup qualification,Completed
HIST_IRQ_JOR_20240129,OTHER_HIST,2024-01-29,IRQ,JOR,2,3,,,AFC Asian Cup,Completed
HIST_IRN_UZB_20240611,OTHER_HIST,2024-06-11,IRN,UZB,0,0,,,FIFA World Cup qualification,Completed
HIST_AUT_FRA_20240617,EURO2024,2024-06-17,AUT,FRA,0,1,,,UEFA Euro,Completed
HIST_SUI_ITA_20240629,EURO2024,2024-06-29,SUI,ITA,2,0,,,UEFA Euro,Completed
HIST_GER_ESP_20240705,EURO2024,2024-07-05,GER,ESP,1,2,,,UEFA Euro,Completed
HIST_COL_PAN_20240706,CA2024,2024-07-06,COL,PAN,5,0,,,Copa America,Completed
HIST_ITA_BEL_20241010,OTHER_HIST,2024-10-10,ITA,BEL,2,2,,,UEFA Nations League,Completed
HIST_BEL_ITA_20241114,OTHER_HIST,2024-11-14,BEL,ITA,0,1,,,UEFA Nations League,Completed
HIST_BRA_URU_20241119,OTHER_HIST,2024-11-19,BRA,URU,1,1,,,FIFA World Cup qualification,Completed
HIST_IRQ_KSA_20241228,OTHER_HIST,2024-12-28,IRQ,KSA,1,3,,,Gulf Cup,Completed
HIST_KOR_JOR_20250325,OTHER_HIST,2025-03-25,KOR,JOR,1,1,,,FIFA World Cup qualification,Completed
HIST_TUN_JOR_20251114,FRIENDLY,2025-11-14,TUN,JOR,3,2,,,Friendly,Completed
HIST_ECU_NZL_20251118,FRIENDLY,2025-11-18,ECU,NZL,2,0,,,Friendly,Completed
HIST_EGY_JOR_20251209,OTHER_HIST,2025-12-09,EGY,JOR,0,3,,,Arab Cup,Completed
HIST_HAI_TUN_20260328,FRIENDLY,2026-03-28,HAI,TUN,0,1,,,Friendly,Completed
HIST_CAN_UZB_20260601,FRIENDLY,2026-06-01,CAN,UZB,2,0,,,Friendly,Completed
HIST_CIV_EGY_20000109,FRIENDLY,2000-01-09,CIV,EGY,2,0,,,Friendly,Completed
HIST_BEL_SWE_20000610,EURO2000,2000-06-10,BEL,SWE,2,1,,,UEFA Euro,Completed
HIST_BEL_TUR_20000619,EURO2000,2000-06-19,BEL,TUR,0,2,,,UEFA Euro,Completed
HIST_JOR_KSA_20001002,FRIENDLY,2000-10-02,JOR,KSA,1,0,,,Friendly,Completed
HIST_ARG_URU_20001008,OTHER_HIST,2000-10-08,ARG,URU,2,1,,,FIFA World Cup qualification,Completed
HIST_KSA_JPN_20001014,OTHER_HIST,2000-10-14,KSA,JPN,1,4,,,AFC Asian Cup,Completed
HIST_KOR_MEX_20010601,OTHER_HIST,2001-06-01,KOR,MEX,2,1,,,Confederations Cup,Completed
HIST_FRA_BRA_20010607,OTHER_HIST,2001-06-07,FRA,BRA,2,1,,,Confederations Cup,Completed
HIST_MEX_URU_20010725,CA2001,2001-07-25,MEX,URU,2,1,,,Copa America,Completed
HIST_BRA_PAR_20010815,OTHER_HIST,2001-08-15,BRA,PAR,2,0,,,FIFA World Cup qualification,Completed
HIST_ESP_AUT_20010901,OTHER_HIST,2001-09-01,ESP,AUT,4,0,,,FIFA World Cup qualification,Completed
HIST_QAT_IRQ_20010914,FRIENDLY,2001-09-14,QAT,IRQ,0,0,,,Friendly,Completed
HIST_CRO_BEL_20011006,OTHER_HIST,2001-10-06,CRO,BEL,1,0,,,FIFA World Cup qualification,Completed
HIST_PAR_ARG_20011007,OTHER_HIST,2001-10-07,PAR,ARG,2,2,,,FIFA World Cup qualification,Completed
HIST_KOR_FRA_20020526,FRIENDLY,2002-05-26,KOR,FRA,2,3,,,Friendly,Completed
HIST_TUN_BEL_20020610,WC02,2002-06-10,TUN,BEL,1,1,,,World Cup Knockout,Completed
HIST_BRA_TUR_20020626,WC02,2002-06-26,BRA,TUR,1,0,,,World Cup Knockout,Completed
HIST_IRN_MAR_20020917,FRIENDLY,2002-09-17,IRN,MAR,1,1,4,3,Friendly,Completed
HIST_SCO_CAN_20021015,FRIENDLY,2002-10-15,SCO,CAN,3,1,,,Friendly,Completed
HIST_HAI_CUW_20021122,OTHER_HIST,2002-11-22,HAI,CUW,3,0,,,Gold Cup qualification,Completed
HIST_ITA_POR_20030212,FRIENDLY,2003-02-12,ITA,POR,1,0,,,Friendly,Completed
HIST_TUN_GHA_20030327,FRIENDLY,2003-03-27,TUN,GHA,2,2,4,3,Friendly,Completed
HIST_CRO_BEL_20030329,EURO2003,2003-03-29,CRO,BEL,4,0,,,UEFA Euro,Completed
HIST_RSA_CIV_20030622,OTHER_HIST,2003-06-22,RSA,CIV,2,1,,,African Cup of Nations qualification,Completed
HIST_USA_BRA_20030723,OTHER_HIST,2003-07-23,USA,BRA,1,2,,,Gold Cup,Completed
HIST_JOR_IRQ_20030826,FRIENDLY,2003-08-26,JOR,IRQ,2,1,,,Friendly,Completed
HIST_GER_FRA_20031115,FRIENDLY,2003-11-15,GER,FRA,0,3,,,Friendly,Completed
HIST_COL_ARG_20031119,OTHER_HIST,2003-11-19,COL,ARG,1,1,,,FIFA World Cup qualification,Completed
HIST_IRN_QAT_20040218,OTHER_HIST,2004-02-18,IRN,QAT,3,1,,,FIFA World Cup qualification,Completed
HIST_MAR_SUI_20040218,FRIENDLY,2004-02-18,MAR,SUI,2,1,,,Friendly,Completed
HIST_TUN_CIV_20040331,FRIENDLY,2004-03-31,TUN,CIV,0,2,,,Friendly,Completed
HIST_ITA_ESP_20040428,FRIENDLY,2004-04-28,ITA,ESP,1,1,,,Friendly,Completed
HIST_ENG_JPN_20040601,FRIENDLY,2004-06-01,ENG,JPN,1,1,,,Friendly,Completed
HIST_JAM_HAI_20040620,OTHER_HIST,2004-06-20,JAM,HAI,3,0,,,FIFA World Cup qualification,Completed
HIST_GER_CZE_20040623,EURO2004,2004-06-23,GER,CZE,1,2,,,UEFA Euro,Completed
HIST_ARG_ECU_20040707,CA2004,2004-07-07,ARG,ECU,6,1,,,Copa America,Completed
HIST_ARG_COL_20040720,CA2004,2004-07-20,ARG,COL,3,0,,,Copa America,Completed
HIST_FRA_SWE_20050209,FRIENDLY,2005-02-09,FRA,SWE,1,1,,,Friendly,Completed
HIST_FRA_SUI_20050326,OTHER_HIST,2005-03-26,FRA,SUI,0,0,,,FIFA World Cup qualification,Completed
HIST_JOR_IRQ_20050608,FRIENDLY,2005-06-08,JOR,IRQ,0,1,,,Friendly,Completed
HIST_GER_TUN_20050618,OTHER_HIST,2005-06-18,GER,TUN,3,0,,,Confederations Cup,Completed
HIST_JPN_BRA_20050622,OTHER_HIST,2005-06-22,JPN,BRA,2,2,,,Confederations Cup,Completed
HIST_GER_MEX_20050629,OTHER_HIST,2005-06-29,GER,MEX,4,3,,,Confederations Cup,Completed
HIST_USA_CAN_20050709,OTHER_HIST,2005-07-09,USA,CAN,2,0,,,Gold Cup,Completed
HIST_MEX_COL_20050717,OTHER_HIST,2005-07-17,MEX,COL,1,2,,,Gold Cup,Completed
HIST_BEL_ESP_20051008,OTHER_HIST,2005-10-08,BEL,ESP,0,2,,,FIFA World Cup qualification,Completed
HIST_CZE_NED_20051008,OTHER_HIST,2005-10-08,CZE,NED,0,2,,,FIFA World Cup qualification,Completed
HIST_ECU_URU_20051008,OTHER_HIST,2005-10-08,ECU,URU,0,0,,,FIFA World Cup qualification,Completed
HIST_TUN_MAR_20051008,OTHER_HIST,2005-10-08,TUN,MAR,2,2,,,FIFA World Cup qualification,Completed
HIST_PAR_COL_20051012,OTHER_HIST,2005-10-12,PAR,COL,0,1,,,FIFA World Cup qualification,Completed
HIST_MEX_URU_20051026,FRIENDLY,2005-10-26,MEX,URU,3,1,,,Friendly,Completed
HIST_FRA_GER_20051112,FRIENDLY,2005-11-12,FRA,GER,0,0,,,Friendly,Completed
HIST_EGY_TUN_20051116,FRIENDLY,2005-11-16,EGY,TUN,1,2,,,Friendly,Completed
HIST_KOR_CRO_20060129,OTHER_HIST,2006-01-29,KOR,CRO,2,0,,,Lunar New Year Cup,Completed
HIST_AUT_CAN_20060301,FRIENDLY,2006-03-01,AUT,CAN,0,2,,,Friendly,Completed
HIST_KSA_POR_20060301,FRIENDLY,2006-03-01,KSA,POR,0,3,,,Friendly,Completed
HIST_ESP_CIV_20060301,FRIENDLY,2006-03-01,ESP,CIV,3,2,,,Friendly,Completed
HIST_TUR_CZE_20060301,FRIENDLY,2006-03-01,TUR,CZE,2,2,,,Friendly,Completed
HIST_TUN_URU_20060602,FRIENDLY,2006-06-02,TUN,URU,0,0,,,Friendly,Completed
HIST_ESP_EGY_20060603,FRIENDLY,2006-06-03,ESP,EGY,2,0,,,Friendly,Completed
HIST_BRA_CRO_20060613,WC06,2006-06-13,BRA,CRO,1,0,,,World Cup Knockout,Completed
HIST_BRA_AUS_20060618,WC06,2006-06-18,BRA,AUS,2,0,,,World Cup Knockout,Completed
HIST_SUI_KOR_20060623,WC06,2006-06-23,SUI,KOR,2,0,,,World Cup Knockout,Completed
HIST_JOR_IRQ_20060809,FRIENDLY,2006-08-09,JOR,IRQ,0,1,,,Friendly,Completed
HIST_JPN_GHA_20061004,FRIENDLY,2006-10-04,JPN,GHA,0,1,,,Friendly,Completed
HIST_KOR_GHA_20061008,FRIENDLY,2006-10-08,KOR,GHA,1,3,,,Friendly,Completed
HIST_ESP_ARG_20061011,FRIENDLY,2006-10-11,ESP,ARG,2,1,,,Friendly,Completed
HIST_KSA_JOR_20061108,FRIENDLY,2006-11-08,KSA,JOR,2,1,,,Friendly,Completed
HIST_ECU_SWE_20070118,FRIENDLY,2007-01-18,ECU,SWE,2,1,,,Friendly,Completed
HIST_POR_BRA_20070206,FRIENDLY,2007-02-06,POR,BRA,2,0,,,Friendly,Completed
HIST_KOR_URU_20070324,FRIENDLY,2007-03-24,KOR,URU,0,2,,,Friendly,Completed
HIST_PAR_URU_20071017,OTHER_HIST,2007-10-17,PAR,URU,1,0,,,FIFA World Cup qualification,Completed
HIST_RSA_CAN_20071120,FRIENDLY,2007-11-20,RSA,CAN,2,0,,,Friendly,Completed
HIST_USA_MEX_20080206,FRIENDLY,2008-02-06,USA,MEX,2,2,,,Friendly,Completed
HIST_SCO_CRO_20080326,FRIENDLY,2008-03-26,SCO,CRO,1,1,,,Friendly,Completed
HIST_TUR_URU_20080525,FRIENDLY,2008-05-25,TUR,URU,2,3,,,Friendly,Completed
HIST_JPN_PAR_20080527,OTHER_HIST,2008-05-27,JPN,PAR,0,0,,,Kirin Cup,Completed
HIST_CRO_GER_20080612,EURO2008,2008-06-12,CRO,GER,2,1,,,UEFA Euro,Completed
HIST_ECU_COL_20080618,OTHER_HIST,2008-06-18,ECU,COL,0,0,,,FIFA World Cup qualification,Completed
HIST_JPN_URU_20080820,FRIENDLY,2008-08-20,JPN,URU,1,3,,,Friendly,Completed
HIST_KSA_QAT_20080830,FRIENDLY,2008-08-30,KSA,QAT,2,1,,,Friendly,Completed
HIST_NED_AUS_20080906,FRIENDLY,2008-09-06,NED,AUS,1,2,,,Friendly,Completed
HIST_MEX_ECU_20081112,FRIENDLY,2008-11-12,MEX,ECU,2,1,,,Friendly,Completed
HIST_GHA_TUN_20081119,FRIENDLY,2008-11-19,GHA,TUN,0,0,,,Friendly,Completed
HIST_NED_NOR_20090610,OTHER_HIST,2009-06-10,NED,NOR,2,0,,,FIFA World Cup qualification,Completed
HIST_AUS_JPN_20090617,OTHER_HIST,2009-06-17,AUS,JPN,2,1,,,FIFA World Cup qualification,Completed
HIST_ECU_JAM_20090812,FRIENDLY,2009-08-12,ECU,JAM,0,0,,,Friendly,Completed
HIST_KOR_AUS_20090905,FRIENDLY,2009-09-05,KOR,AUS,3,1,,,Friendly,Completed
HIST_JPN_SCO_20091010,FRIENDLY,2009-10-10,JPN,SCO,2,0,,,Friendly,Completed
HIST_SUI_NOR_20091114,FRIENDLY,2009-11-14,SUI,NOR,0,1,,,Friendly,Completed
HIST_JOR_IRN_20091122,OTHER_HIST,2009-11-22,JOR,IRN,1,0,,,AFC Asian Cup qualification,Completed
HIST_USA_CZE_20100525,FRIENDLY,2010-05-25,USA,CZE,2,4,,,Friendly,Completed
HIST_JPN_ENG_20100530,FRIENDLY,2010-05-30,JPN,ENG,1,2,,,Friendly,Completed
HIST_ARG_MEX_20100627,WC10,2010-06-27,ARG,MEX,3,1,,,World Cup Knockout,Completed
HIST_ESP_POR_20100629,WC10,2010-06-29,ESP,POR,1,0,,,World Cup Knockout,Completed
HIST_URU_GHA_20100702,WC10,2010-07-02,URU,GHA,1,1,4,3,World Cup Knockout,Completed
HIST_AUT_SUI_20100811,FRIENDLY,2010-08-11,AUT,SUI,0,1,,,Friendly,Completed
HIST_COL_ECU_20101008,FRIENDLY,2010-10-08,COL,ECU,1,0,,,Friendly,Completed
HIST_JOR_KSA_20110113,OTHER_HIST,2011-01-13,JOR,KSA,1,0,,,AFC Asian Cup,Completed
HIST_ARG_COL_20110706,CA2011,2011-07-06,ARG,COL,0,0,,,Copa America,Completed
HIST_IRN_TUN_20120815,FRIENDLY,2012-08-15,IRN,TUN,2,2,,,Friendly,Completed
HIST_COL_URU_20120907,OTHER_HIST,2012-09-07,COL,URU,4,0,,,FIFA World Cup qualification,Completed
HIST_NED_TUR_20120907,OTHER_HIST,2012-09-07,NED,TUR,2,0,,,FIFA World Cup qualification,Completed
HIST_BEL_CRO_20120911,OTHER_HIST,2012-09-11,BEL,CRO,1,1,,,FIFA World Cup qualification,Completed
HIST_PAN_CAN_20120911,OTHER_HIST,2012-09-11,PAN,CAN,2,0,,,FIFA World Cup qualification,Completed
HIST_GHA_TUN_20130113,FRIENDLY,2013-01-13,GHA,TUN,4,2,,,Friendly,Completed
HIST_ALG_CIV_20130130,OTHER_HIST,2013-01-30,ALG,CIV,2,2,,,African Cup of Nations,Completed
HIST_GHA_CPV_20130202,OTHER_HIST,2013-02-02,GHA,CPV,2,0,,,African Cup of Nations,Completed
HIST_ESP_ITA_20130627,OTHER_HIST,2013-06-27,ESP,ITA,0,0,4,3,Confederations Cup,Completed
HIST_SWE_NOR_20130814,FRIENDLY,2013-08-14,SWE,NOR,4,2,,,Friendly,Completed
HIST_MEX_PAN_20131011,OTHER_HIST,2013-10-11,MEX,PAN,2,1,,,FIFA World Cup qualification,Completed
HIST_ARG_ECU_20131115,FRIENDLY,2013-11-15,ARG,ECU,0,0,,,Friendly,Completed
HIST_BEL_JPN_20131119,FRIENDLY,2013-11-19,BEL,JPN,2,3,,,Friendly,Completed
HIST_RSA_ESP_20131119,FRIENDLY,2013-11-19,RSA,ESP,1,0,,,Friendly,Completed
HIST_SWE_POR_20131119,OTHER_HIST,2013-11-19,SWE,POR,2,3,,,FIFA World Cup qualification,Completed
HIST_BRA_CRO_20140612,WC14,2014-06-12,BRA,CRO,3,1,,,World Cup Knockout,Completed
HIST_ENG_ITA_20140614,WC14,2014-06-14,ENG,ITA,1,2,,,World Cup Knockout,Completed
HIST_CIV_JPN_20140614,WC14,2014-06-14,CIV,JPN,2,1,,,World Cup Knockout,Completed
HIST_SUI_ECU_20140615,WC14,2014-06-15,SUI,ECU,2,1,,,World Cup Knockout,Completed
HIST_BRA_COL_20140905,FRIENDLY,2014-09-05,BRA,COL,1,0,,,Friendly,Completed
HIST_NED_MEX_20141112,FRIENDLY,2014-11-12,NED,MEX,2,3,,,Friendly,Completed
HIST_PAN_CAN_20141118,FRIENDLY,2014-11-18,PAN,CAN,0,0,,,Friendly,Completed
HIST_KOR_KSA_20150104,FRIENDLY,2015-01-04,KOR,KSA,2,0,,,Friendly,Completed
HIST_SWE_CIV_20150115,FRIENDLY,2015-01-15,SWE,CIV,2,0,,,Friendly,Completed
HIST_CIV_ALG_20150201,OTHER_HIST,2015-02-01,CIV,ALG,3,1,,,African Cup of Nations,Completed
HIST_MAR_URU_20150328,FRIENDLY,2015-03-28,MAR,URU,0,1,,,Friendly,Completed
HIST_SCO_QAT_20150605,FRIENDLY,2015-06-05,SCO,QAT,1,0,,,Friendly,Completed
HIST_ARG_URU_20150616,CA2015,2015-06-16,ARG,URU,1,0,,,Copa America,Completed
HIST_USA_PAN_20150713,OTHER_HIST,2015-07-13,USA,PAN,1,1,,,Gold Cup,Completed
HIST_POR_FRA_20150904,FRIENDLY,2015-09-04,POR,FRA,0,1,,,Friendly,Completed
HIST_NOR_CRO_20150906,EURO2015,2015-09-06,NOR,CRO,2,0,,,UEFA Euro,Completed
HIST_USA_BRA_20150908,FRIENDLY,2015-09-08,USA,BRA,1,4,,,Friendly,Completed
HIST_RSA_SEN_20150908,FRIENDLY,2015-09-08,RSA,SEN,1,0,,,Friendly,Completed
HIST_CZE_TUR_20151010,EURO2015,2015-10-10,CZE,TUR,0,2,,,UEFA Euro,Completed
HIST_URU_COL_20151013,OTHER_HIST,2015-10-13,URU,COL,3,0,,,FIFA World Cup qualification,Completed
HIST_TUR_SWE_20160324,FRIENDLY,2016-03-24,TUR,SWE,2,1,,,Friendly,Completed
HIST_ITA_SCO_20160529,FRIENDLY,2016-05-29,ITA,SCO,1,0,,,Friendly,Completed
HIST_ESP_TUR_20160617,EURO2016,2016-06-17,ESP,TUR,3,0,,,UEFA Euro,Completed
HIST_BEL_ESP_20160901,FRIENDLY,2016-09-01,BEL,ESP,0,2,,,Friendly,Completed
HIST_BRA_COL_20160906,OTHER_HIST,2016-09-06,BRA,COL,2,1,,,FIFA World Cup qualification,Completed
HIST_IRN_IRQ_20170318,FRIENDLY,2017-03-18,IRN,IRQ,0,1,,,Friendly,Completed
HIST_GER_MEX_20170629,OTHER_HIST,2017-06-29,GER,MEX,4,1,,,Confederations Cup,Completed
HIST_COL_BRA_20170905,OTHER_HIST,2017-09-05,COL,BRA,1,1,,,FIFA World Cup qualification,Completed
HIST_SWE_ITA_20171110,OTHER_HIST,2017-11-10,SWE,ITA,1,0,,,FIFA World Cup qualification,Completed
HIST_ALG_IRN_20180327,FRIENDLY,2018-03-27,ALG,IRN,1,2,,,Friendly,Completed
HIST_AUS_COL_20180327,FRIENDLY,2018-03-27,AUS,COL,0,0,,,Friendly,Completed
HIST_BRA_MEX_20180702,WC18,2018-07-02,BRA,MEX,2,0,,,World Cup Knockout,Completed
HIST_AUT_SWE_20180906,FRIENDLY,2018-09-06,AUT,SWE,2,0,,,Friendly,Completed
HIST_FRA_NED_20180909,OTHER_HIST,2018-09-09,FRA,NED,2,1,,,UEFA Nations League,Completed
HIST_CRO_JOR_20181015,FRIENDLY,2018-10-15,CRO,JOR,2,1,,,Friendly,Completed
HIST_EGY_TUN_20181116,OTHER_HIST,2018-11-16,EGY,TUN,3,2,,,African Cup of Nations qualification,Completed
HIST_TUR_SWE_20181117,OTHER_HIST,2018-11-17,TUR,SWE,0,1,,,UEFA Nations League,Completed
HIST_IRN_JPN_20190128,OTHER_HIST,2019-01-28,IRN,JPN,0,3,,,AFC Asian Cup,Completed
HIST_NOR_SWE_20190326,EURO2019,2019-03-26,NOR,SWE,3,3,,,UEFA Euro,Completed
HIST_COL_QAT_20190619,CA2019,2019-06-19,COL,QAT,1,0,,,Copa America,Completed
HIST_CIV_RSA_20190624,OTHER_HIST,2019-06-24,CIV,RSA,1,0,,,African Cup of Nations,Completed
HIST_JAM_CUW_20190625,OTHER_HIST,2019-06-25,JAM,CUW,1,1,,,Gold Cup,Completed
HIST_ARG_MEX_20190910,FRIENDLY,2019-09-10,ARG,MEX,4,0,,,Friendly,Completed
HIST_USA_CAN_20191115,OTHER_HIST,2019-11-15,USA,CAN,4,1,,,CONCACAF Nations League,Completed
HIST_KOR_JPN_20191218,OTHER_HIST,2019-12-18,KOR,JPN,1,0,,,EAFF Championship,Completed
HIST_SWE_FRA_20200905,OTHER_HIST,2020-09-05,SWE,FRA,0,1,,,UEFA Nations League,Completed
HIST_POR_ESP_20201007,FRIENDLY,2020-10-07,POR,ESP,0,0,,,Friendly,Completed
HIST_MAR_SEN_20201009,FRIENDLY,2020-10-09,MAR,SEN,3,1,,,Friendly,Completed
HIST_BEL_SUI_20201111,FRIENDLY,2020-11-11,BEL,SUI,2,1,,,Friendly,Completed
HIST_ARG_PAR_20201112,OTHER_HIST,2020-11-12,ARG,PAR,1,1,,,FIFA World Cup qualification,Completed
HIST_UZB_IRQ_20210329,FRIENDLY,2021-03-29,UZB,IRQ,0,1,,,Friendly,Completed
HIST_SEN_CPV_20210608,FRIENDLY,2021-06-08,SEN,CPV,2,0,,,Friendly,Completed
HIST_IRN_IRQ_20210615,OTHER_HIST,2021-06-15,IRN,IRQ,1,0,,,FIFA World Cup qualification,Completed
HIST_BRA_URU_20211014,OTHER_HIST,2021-10-14,BRA,URU,4,1,,,FIFA World Cup qualification,Completed
HIST_JPN_KSA_20220201,OTHER_HIST,2022-02-01,JPN,KSA,2,0,,,FIFA World Cup qualification,Completed
HIST_ECU_ARG_20220329,OTHER_HIST,2022-03-29,ECU,ARG,1,1,,,FIFA World Cup qualification,Completed
HIST_SWE_NOR_20220605,OTHER_HIST,2022-06-05,SWE,NOR,1,2,,,UEFA Nations League,Completed
HIST_NOR_SWE_20220612,OTHER_HIST,2022-06-12,NOR,SWE,3,2,,,UEFA Nations League,Completed
HIST_FRA_CRO_20220613,OTHER_HIST,2022-06-13,FRA,CRO,0,1,,,UEFA Nations League,Completed
HIST_CAN_QAT_20220923,FRIENDLY,2022-09-23,CAN,QAT,2,0,,,Friendly,Completed
HIST_EGY_BEL_20221118,FRIENDLY,2022-11-18,EGY,BEL,2,1,,,Friendly,Completed
HIST_KSA_MEX_20221130,WC22,2022-11-30,KSA,MEX,1,2,,,World Cup Knockout,Completed
HIST_POR_SUI_20221206,WC22,2022-12-06,POR,SUI,6,1,,,World Cup Knockout,Completed
HIST_FRA_MAR_20221214,WC22,2022-12-14,FRA,MAR,2,0,,,World Cup Knockout,Completed
HIST_SCO_ESP_20230328,EURO2023,2023-03-28,SCO,ESP,2,0,,,UEFA Euro,Completed
HIST_HAI_QAT_20230625,OTHER_HIST,2023-06-25,HAI,QAT,2,1,,,Gold Cup,Completed
HIST_TUN_CRO_20240323,OTHER_HIST,2024-03-23,TUN,CRO,0,0,3,4,FIFA Series,Completed
HIST_BRA_COL_20240702,CA2024,2024-07-02,BRA,COL,1,1,,,Copa America,Completed
HIST_URU_COL_20240710,CA2024,2024-07-10,URU,COL,0,1,,,Copa America,Completed
HIST_POR_SCO_20240908,OTHER_HIST,2024-09-08,POR,SCO,2,1,,,UEFA Nations League,Completed
HIST_UZB_IRN_20241010,OTHER_HIST,2024-10-10,UZB,IRN,0,0,,,FIFA World Cup qualification,Completed
HIST_COL_ECU_20241119,OTHER_HIST,2024-11-19,COL,ECU,0,1,,,FIFA World Cup qualification,Completed
HIST_ESP_FRA_20250605,OTHER_HIST,2025-06-05,ESP,FRA,5,4,,,UEFA Nations League,Completed
HIST_POR_ESP_20250608,OTHER_HIST,2025-06-08,POR,ESP,2,2,4,3,UEFA Nations League,Completed
HIST_CZE_CRO_20251009,OTHER_HIST,2025-10-09,CZE,CRO,0,0,,,FIFA World Cup qualification,Completed
HIST_KOR_GHA_20251118,FRIENDLY,2025-11-18,KOR,GHA,1,0,,,Friendly,Completed
HIST_QAT_TUN_20251207,OTHER_HIST,2025-12-07,QAT,TUN,0,3,,,Arab Cup,Completed
HIST_SUI_GER_20260327,FRIENDLY,2026-03-27,SUI,GER,3,4,,,Friendly,Completed
HIST_ENG_JPN_20260331,FRIENDLY,2026-03-31,ENG,JPN,0,1,,,Friendly,Completed
HIST_RSA_PAN_20260331,FRIENDLY,2026-03-31,RSA,PAN,1,2,,,Friendly,Completed
HIST_RSA_ALG_20000202,OTHER_HIST,2000-02-02,RSA,ALG,1,1,,,African Cup of Nations,Completed
HIST_ESP_ITA_20000329,FRIENDLY,2000-03-29,ESP,ITA,2,0,,,Friendly,Completed
HIST_NED_FRA_20000621,EURO2000,2000-06-21,NED,FRA,3,2,,,UEFA Euro,Completed
HIST_TUN_ALG_20000628,FRIENDLY,2000-06-28,TUN,ALG,2,2,,,Friendly,Completed
HIST_RSA_FRA_20001007,FRIENDLY,2000-10-07,RSA,FRA,0,0,,,Friendly,Completed
HIST_CRO_SCO_20001011,OTHER_HIST,2000-10-11,CRO,SCO,1,1,,,FIFA World Cup qualification,Completed
HIST_JPN_UZB_20001017,OTHER_HIST,2000-10-17,JPN,UZB,8,1,,,AFC Asian Cup,Completed
HIST_KOR_NOR_20010124,OTHER_HIST,2001-01-24,KOR,NOR,2,3,,,Lunar New Year Cup,Completed
HIST_MAR_KOR_20010208,OTHER_HIST,2001-02-08,MAR,KOR,1,1,,,United Arab Emirates Friendship Tournament,Completed
HIST_ARG_COL_20010603,OTHER_HIST,2001-06-03,ARG,COL,3,0,,,FIFA World Cup qualification,Completed
HIST_JAM_USA_20010616,OTHER_HIST,2001-06-16,JAM,USA,0,0,,,FIFA World Cup qualification,Completed
HIST_COL_ECU_20010714,CA2001,2001-07-14,COL,ECU,1,0,,,Copa America,Completed
HIST_KSA_QAT_20010805,FRIENDLY,2001-08-05,KSA,QAT,1,2,,,Friendly,Completed
HIST_NOR_TUR_20010815,FRIENDLY,2001-08-15,NOR,TUR,1,1,,,Friendly,Completed
HIST_FRA_ALG_20011006,FRIENDLY,2001-10-06,FRA,ALG,4,1,,,Friendly,Completed
HIST_SEN_TUN_20020131,OTHER_HIST,2002-01-31,SEN,TUN,0,0,,,African Cup of Nations,Completed
HIST_KSA_RSA_20020320,FRIENDLY,2002-03-20,KSA,RSA,1,0,,,Friendly,Completed
HIST_ECU_RSA_20020417,FRIENDLY,2002-04-17,ECU,RSA,0,0,,,Friendly,Completed
HIST_KOR_SCO_20020516,FRIENDLY,2002-05-16,KOR,SCO,4,1,,,Friendly,Completed
HIST_SWE_PAR_20020517,FRIENDLY,2002-05-17,SWE,PAR,1,2,,,Friendly,Completed
HIST_SCO_RSA_20020520,FRIENDLY,2002-05-20,SCO,RSA,0,2,,,Friendly,Completed
HIST_KOR_ENG_20020521,FRIENDLY,2002-05-21,KOR,ENG,1,1,,,Friendly,Completed
HIST_ITA_ECU_20020603,WC02,2002-06-03,ITA,ECU,2,0,,,World Cup Knockout,Completed
HIST_SEN_URU_20020611,WC02,2002-06-11,SEN,URU,3,3,,,World Cup Knockout,Completed
HIST_MEX_ITA_20020613,WC02,2002-06-13,MEX,ITA,1,1,,,World Cup Knockout,Completed
HIST_JPN_TUN_20020614,WC02,2002-06-14,JPN,TUN,2,0,,,World Cup Knockout,Completed
HIST_NED_ARG_20030212,FRIENDLY,2003-02-12,NED,ARG,1,0,,,Friendly,Completed
HIST_EGY_QAT_20030319,FRIENDLY,2003-03-19,EGY,QAT,6,0,,,Friendly,Completed
HIST_TUN_SEN_20030430,FRIENDLY,2003-04-30,TUN,SEN,1,0,,,Friendly,Completed
HIST_USA_MEX_20030508,FRIENDLY,2003-05-08,USA,MEX,0,0,,,Friendly,Completed
HIST_NZL_JPN_20030618,OTHER_HIST,2003-06-18,NZL,JPN,0,3,,,Confederations Cup,Completed
HIST_USA_PAR_20030706,FRIENDLY,2003-07-06,USA,PAR,2,0,,,Friendly,Completed
HIST_JOR_IRN_20030926,OTHER_HIST,2003-09-26,JOR,IRN,3,2,,,AFC Asian Cup qualification,Completed
HIST_TUN_JPN_20031008,FRIENDLY,2003-10-08,TUN,JPN,0,1,,,Friendly,Completed
HIST_BRA_JAM_20031012,FRIENDLY,2003-10-12,BRA,JAM,1,0,,,Friendly,Completed
HIST_TUN_RSA_20031119,FRIENDLY,2003-11-19,TUN,RSA,2,0,,,Friendly,Completed
HIST_EGY_IRQ_20031218,OTHER_HIST,2003-12-18,EGY,IRQ,2,0,,,Prime Minister's Cup,Completed
HIST_SEN_RSA_20040118,FRIENDLY,2004-01-18,SEN,RSA,2,1,,,Friendly,Completed
HIST_AUS_RSA_20040330,FRIENDLY,2004-03-30,AUS,RSA,1,0,,,Friendly,Completed
HIST_POR_SWE_20040428,FRIENDLY,2004-04-28,POR,SWE,2,2,,,Friendly,Completed
HIST_AUS_TUR_20040524,FRIENDLY,2004-05-24,AUS,TUR,0,1,,,Friendly,Completed
HIST_IRN_JOR_20040609,OTHER_HIST,2004-06-09,IRN,JOR,0,1,,,FIFA World Cup qualification,Completed
HIST_URU_ECU_20040710,CA2004,2004-07-10,URU,ECU,2,1,,,Copa America,Completed
HIST_URU_BRA_20040721,CA2004,2004-07-21,URU,BRA,1,1,3,4,Copa America,Completed
HIST_ARG_BRA_20040725,CA2004,2004-07-25,ARG,BRA,2,2,3,4,Copa America,Completed
HIST_SEN_CIV_20040818,FRIENDLY,2004-08-18,SEN,CIV,1,2,,,Friendly,Completed
HIST_JOR_IRN_20040908,OTHER_HIST,2004-09-08,JOR,IRN,0,2,,,FIFA World Cup qualification,Completed
HIST_AUS_NOR_20041116,FRIENDLY,2004-11-16,AUS,NOR,2,2,,,Friendly,Completed
HIST_ECU_PAN_20050126,FRIENDLY,2005-01-26,ECU,PAN,2,0,,,Friendly,Completed
HIST_MEX_ARG_20050309,FRIENDLY,2005-03-09,MEX,ARG,1,1,,,Friendly,Completed
HIST_QAT_IRQ_20051011,FRIENDLY,2005-10-11,QAT,IRQ,0,0,,,Friendly,Completed
HIST_URU_AUS_20051112,OTHER_HIST,2005-11-12,URU,AUS,1,0,,,FIFA World Cup qualification,Completed
HIST_QAT_UZB_20060301,OTHER_HIST,2006-03-01,QAT,UZB,2,1,,,AFC Asian Cup qualification,Completed
HIST_JPN_ECU_20060330,FRIENDLY,2006-03-30,JPN,ECU,1,0,,,Friendly,Completed
HIST_ENG_PAR_20060610,WC06,2006-06-10,ENG,PAR,1,0,,,World Cup Knockout,Completed
HIST_POR_IRN_20060617,WC06,2006-06-17,POR,IRN,2,0,,,World Cup Knockout,Completed
HIST_NED_ARG_20060621,WC06,2006-06-21,NED,ARG,0,0,,,World Cup Knockout,Completed
HIST_JPN_BRA_20060622,WC06,2006-06-22,JPN,BRA,1,4,,,World Cup Knockout,Completed
HIST_CAN_JAM_20060904,FRIENDLY,2006-09-04,CAN,JAM,1,0,,,Friendly,Completed
HIST_IRN_IRQ_20061004,FRIENDLY,2006-10-04,IRN,IRQ,2,0,,,Friendly,Completed
HIST_AUT_GHA_20070324,FRIENDLY,2007-03-24,AUT,GHA,1,1,,,Friendly,Completed
HIST_POR_BEL_20070324,EURO2007,2007-03-24,POR,BEL,4,0,,,UEFA Euro,Completed
HIST_SUI_ARG_20070602,FRIENDLY,2007-06-02,SUI,ARG,1,1,,,Friendly,Completed
HIST_IRQ_AUS_20070713,OTHER_HIST,2007-07-13,IRQ,AUS,3,1,,,AFC Asian Cup,Completed
HIST_BRA_ARG_20070715,CA2007,2007-07-15,BRA,ARG,3,0,,,Copa America,Completed
HIST_GHA_SEN_20070821,FRIENDLY,2007-08-21,GHA,SEN,1,1,,,Friendly,Completed
HIST_SCO_RSA_20070822,FRIENDLY,2007-08-22,SCO,RSA,1,0,,,Friendly,Completed
HIST_USA_BRA_20070909,FRIENDLY,2007-09-09,USA,BRA,2,4,,,Friendly,Completed
HIST_JPN_EGY_20071017,FRIENDLY,2007-10-17,JPN,EGY,4,1,,,Friendly,Completed
HIST_TUN_SEN_20080123,OTHER_HIST,2008-01-23,TUN,SEN,2,2,,,African Cup of Nations,Completed
HIST_AUT_GER_20080206,FRIENDLY,2008-02-06,AUT,GER,0,3,,,Friendly,Completed
HIST_CRO_NED_20080206,FRIENDLY,2008-02-06,CRO,NED,0,3,,,Friendly,Completed
HIST_GHA_CIV_20080209,OTHER_HIST,2008-02-09,GHA,CIV,4,2,,,African Cup of Nations,Completed
HIST_JPN_KOR_20080223,OTHER_HIST,2008-02-23,JPN,KOR,1,1,,,EAFF Championship,Completed
HIST_QAT_IRQ_20080326,OTHER_HIST,2008-03-26,QAT,IRQ,2,0,,,FIFA World Cup qualification,Completed
HIST_FRA_PAR_20080531,FRIENDLY,2008-05-31,FRA,PAR,0,0,,,Friendly,Completed
HIST_NED_FRA_20080613,EURO2008,2008-06-13,NED,FRA,4,1,,,UEFA Euro,Completed
HIST_QAT_IRN_20081109,FRIENDLY,2008-11-09,QAT,IRN,0,1,,,Friendly,Completed
HIST_IRN_ECU_20081217,FRIENDLY,2008-12-17,IRN,ECU,0,1,,,Friendly,Completed
HIST_ESP_TUR_20090328,OTHER_HIST,2009-03-28,ESP,TUR,1,0,,,FIFA World Cup qualification,Completed
HIST_AUS_UZB_20090401,OTHER_HIST,2009-04-01,AUS,UZB,2,0,,,FIFA World Cup qualification,Completed
HIST_MEX_PAN_20090709,OTHER_HIST,2009-07-09,MEX,PAN,1,1,,,Gold Cup,Completed
HIST_ALG_URU_20090812,FRIENDLY,2009-08-12,ALG,URU,1,0,,,Friendly,Completed
HIST_SUI_ITA_20090812,FRIENDLY,2009-08-12,SUI,ITA,0,0,,,Friendly,Completed
HIST_UZB_IRN_20090905,FRIENDLY,2009-09-05,UZB,IRN,0,0,,,Friendly,Completed
HIST_PAR_ARG_20090909,OTHER_HIST,2009-09-09,PAR,ARG,1,0,,,FIFA World Cup qualification,Completed
HIST_RSA_JPN_20091114,FRIENDLY,2009-11-14,RSA,JPN,0,0,,,Friendly,Completed
HIST_ALG_EGY_20091118,OTHER_HIST,2009-11-18,ALG,EGY,1,0,,,FIFA World Cup qualification,Completed
HIST_QAT_IRN_20091228,FRIENDLY,2009-12-28,QAT,IRN,3,2,,,Friendly,Completed
HIST_JAM_CAN_20100131,FRIENDLY,2010-01-31,JAM,CAN,1,0,,,Friendly,Completed
HIST_MEX_ECU_20100507,FRIENDLY,2010-05-07,MEX,ECU,0,0,,,Friendly,Completed
HIST_AUS_USA_20100605,FRIENDLY,2010-06-05,AUS,USA,1,3,,,Friendly,Completed
HIST_GHA_AUS_20100619,WC10,2010-06-19,GHA,AUS,1,1,,,World Cup Knockout,Completed
HIST_USA_BRA_20100810,FRIENDLY,2010-08-10,USA,BRA,0,2,,,Friendly,Completed
HIST_JPN_PAR_20100904,FRIENDLY,2010-09-04,JPN,PAR,1,0,,,Friendly,Completed
HIST_BEL_AUT_20101012,EURO2010,2010-10-12,BEL,AUT,4,4,,,UEFA Euro,Completed
HIST_ENG_FRA_20101117,FRIENDLY,2010-11-17,ENG,FRA,1,2,,,Friendly,Completed
HIST_KSA_JPN_20110117,OTHER_HIST,2011-01-17,KSA,JPN,0,5,,,AFC Asian Cup,Completed
HIST_UZB_JOR_20110121,OTHER_HIST,2011-01-21,UZB,JOR,2,1,,,AFC Asian Cup,Completed
HIST_FRA_CRO_20110329,FRIENDLY,2011-03-29,FRA,CRO,0,0,,,Friendly,Completed
HIST_BEL_TUR_20110603,EURO2011,2011-06-03,BEL,TUR,1,1,,,UEFA Euro,Completed
HIST_BRA_NED_20110604,FRIENDLY,2011-06-04,BRA,NED,0,0,,,Friendly,Completed
HIST_BRA_PAR_20110709,CA2011,2011-07-09,BRA,PAR,2,2,,,Copa America,Completed
HIST_JOR_KSA_20110713,FRIENDLY,2011-07-13,JOR,KSA,1,1,,,Friendly,Completed
HIST_NOR_CZE_20110810,FRIENDLY,2011-08-10,NOR,CZE,3,0,,,Friendly,Completed
HIST_SWE_NED_20111011,EURO2011,2011-10-11,SWE,NED,3,2,,,UEFA Euro,Completed
HIST_COL_ARG_20111115,OTHER_HIST,2011-11-15,COL,ARG,1,2,,,FIFA World Cup qualification,Completed
HIST_MAR_SEN_20120525,FRIENDLY,2012-05-25,MAR,SEN,0,1,,,Friendly,Completed
HIST_CPV_TUN_20120609,OTHER_HIST,2012-06-09,CPV,TUN,1,2,,,FIFA World Cup qualification,Completed
HIST_FRA_ENG_20120611,EURO2012,2012-06-11,FRA,ENG,1,1,,,UEFA Euro,Completed
HIST_IRN_QAT_20120612,OTHER_HIST,2012-06-12,IRN,QAT,0,0,,,FIFA World Cup qualification,Completed
HIST_NED_GER_20120613,EURO2012,2012-06-13,NED,GER,1,2,,,UEFA Euro,Completed
HIST_FRA_URU_20120815,FRIENDLY,2012-08-15,FRA,URU,0,0,,,Friendly,Completed
HIST_USA_JAM_20120911,OTHER_HIST,2012-09-11,USA,JAM,1,0,,,FIFA World Cup qualification,Completed
HIST_IRQ_AUS_20121016,OTHER_HIST,2012-10-16,IRQ,AUS,1,2,,,FIFA World Cup qualification,Completed
HIST_AUT_CIV_20121114,FRIENDLY,2012-11-14,AUT,CIV,0,3,,,Friendly,Completed
HIST_IRN_KSA_20121209,OTHER_HIST,2012-12-09,IRN,KSA,0,0,,,WAFF Championship,Completed
HIST_USA_CAN_20130129,FRIENDLY,2013-01-29,USA,CAN,0,0,,,Friendly,Completed
HIST_JOR_JPN_20130326,OTHER_HIST,2013-03-26,JOR,JPN,2,1,,,FIFA World Cup qualification,Completed
HIST_MEX_USA_20130326,OTHER_HIST,2013-03-26,MEX,USA,0,0,,,FIFA World Cup qualification,Completed
HIST_ARG_COL_20130607,OTHER_HIST,2013-06-07,ARG,COL,0,0,,,FIFA World Cup qualification,Completed
HIST_PAN_MEX_20130607,OTHER_HIST,2013-06-07,PAN,MEX,0,0,,,FIFA World Cup qualification,Completed
HIST_UZB_QAT_20130618,OTHER_HIST,2013-06-18,UZB,QAT,5,1,,,FIFA World Cup qualification,Completed
HIST_ITA_JPN_20130619,OTHER_HIST,2013-06-19,ITA,JPN,4,3,,,Confederations Cup,Completed
HIST_JPN_GHA_20130910,FRIENDLY,2013-09-10,JPN,GHA,3,1,,,Friendly,Completed
HIST_GHA_EGY_20131015,OTHER_HIST,2013-10-15,GHA,EGY,6,1,,,FIFA World Cup qualification,Completed
HIST_URU_ARG_20131015,OTHER_HIST,2013-10-15,URU,ARG,3,2,,,FIFA World Cup qualification,Completed
HIST_JOR_URU_20131113,OTHER_HIST,2013-11-13,JOR,URU,0,5,,,FIFA World Cup qualification,Completed
HIST_ITA_GER_20131115,FRIENDLY,2013-11-15,ITA,GER,1,1,,,Friendly,Completed
HIST_EGY_GHA_20131119,OTHER_HIST,2013-11-19,EGY,GHA,2,1,,,FIFA World Cup qualification,Completed
HIST_AUS_ECU_20140305,FRIENDLY,2014-03-05,AUS,ECU,3,4,,,Friendly,Completed
HIST_BEL_CIV_20140305,FRIENDLY,2014-03-05,BEL,CIV,2,2,,,Friendly,Completed
HIST_SUI_CRO_20140305,FRIENDLY,2014-03-05,SUI,CRO,2,2,,,Friendly,Completed
HIST_FRA_NOR_20140527,FRIENDLY,2014-05-27,FRA,NOR,4,0,,,Friendly,Completed
HIST_AUS_NED_20140618,WC14,2014-06-18,AUS,NED,2,3,,,World Cup Knockout,Completed
HIST_COL_CIV_20140619,WC14,2014-06-19,COL,CIV,2,1,,,World Cup Knockout,Completed
HIST_NED_MEX_20140629,WC14,2014-06-29,NED,MEX,2,1,,,World Cup Knockout,Completed
HIST_GER_ALG_20140630,WC14,2014-06-30,GER,ALG,2,1,,,World Cup Knockout,Completed
HIST_KOR_PAR_20141010,FRIENDLY,2014-10-10,KOR,PAR,2,0,,,Friendly,Completed
HIST_TUN_SEN_20141015,OTHER_HIST,2014-10-15,TUN,SEN,1,0,,,African Cup of Nations qualification,Completed
HIST_ESP_GER_20141118,FRIENDLY,2014-11-18,ESP,GER,0,1,,,Friendly,Completed
HIST_AUS_KOR_20150117,OTHER_HIST,2015-01-17,AUS,KOR,0,1,,,AFC Asian Cup,Completed
HIST_KOR_UZB_20150122,OTHER_HIST,2015-01-22,KOR,UZB,2,0,,,AFC Asian Cup,Completed
HIST_SEN_ALG_20150127,OTHER_HIST,2015-01-27,SEN,ALG,0,2,,,African Cup of Nations,Completed
HIST_ARG_ECU_20150331,FRIENDLY,2015-03-31,ARG,ECU,2,1,,,Friendly,Completed
HIST_PAN_ECU_20150603,FRIENDLY,2015-06-03,PAN,ECU,1,1,,,Friendly,Completed
HIST_GER_ENG_20160326,FRIENDLY,2016-03-26,GER,ENG,2,3,,,Friendly,Completed
HIST_AUS_JOR_20160329,OTHER_HIST,2016-03-29,AUS,JOR,5,1,,,FIFA World Cup qualification,Completed
HIST_BRA_ECU_20160604,CA2016,2016-06-04,BRA,ECU,0,0,,,Copa America,Completed
HIST_ECU_BRA_20160901,OTHER_HIST,2016-09-01,ECU,BRA,0,3,,,FIFA World Cup qualification,Completed
HIST_ARG_PAR_20161011,OTHER_HIST,2016-10-11,ARG,PAR,0,1,,,FIFA World Cup qualification,Completed
HIST_IRN_UZB_20170612,OTHER_HIST,2017-06-12,IRN,UZB,2,0,,,FIFA World Cup qualification,Completed
HIST_FRA_ENG_20170613,FRIENDLY,2017-06-13,FRA,ENG,3,2,,,Friendly,Completed
HIST_JPN_NZL_20171006,OTHER_HIST,2017-10-06,JPN,NZL,2,1,,,Kirin Challenge Cup,Completed
HIST_POR_KSA_20171110,FRIENDLY,2017-11-10,POR,KSA,3,0,,,Friendly,Completed
HIST_ITA_ARG_20180323,FRIENDLY,2018-03-23,ITA,ARG,0,2,,,Friendly,Completed
HIST_POR_EGY_20180323,FRIENDLY,2018-03-23,POR,EGY,2,1,,,Friendly,Completed
HIST_TUN_IRN_20180323,FRIENDLY,2018-03-23,TUN,IRN,1,0,,,Friendly,Completed
HIST_ALG_KSA_20180509,FRIENDLY,2018-05-09,ALG,KSA,0,2,,,Friendly,Completed
HIST_AUT_BRA_20180610,FRIENDLY,2018-06-10,AUT,BRA,0,3,,,Friendly,Completed
HIST_POR_CRO_20180906,FRIENDLY,2018-09-06,POR,CRO,1,1,,,Friendly,Completed
HIST_BEL_SUI_20181012,OTHER_HIST,2018-10-12,BEL,SUI,2,1,,,UEFA Nations League,Completed
HIST_ESP_ENG_20181015,OTHER_HIST,2018-10-15,ESP,ENG,2,3,,,UEFA Nations League,Completed
HIST_KSA_IRQ_20181015,FRIENDLY,2018-10-15,KSA,IRQ,1,1,,,Friendly,Completed
HIST_USA_ECU_20190321,FRIENDLY,2019-03-21,USA,ECU,1,0,,,Friendly,Completed
HIST_ENG_CZE_20190322,EURO2019,2019-03-22,ENG,CZE,5,0,,,UEFA Euro,Completed
HIST_BRA_PAN_20190323,FRIENDLY,2019-03-23,BRA,PAN,1,1,,,Friendly,Completed
HIST_CIV_ALG_20190711,OTHER_HIST,2019-07-11,CIV,ALG,1,1,3,4,African Cup of Nations,Completed
HIST_HAI_CUW_20190910,OTHER_HIST,2019-09-10,HAI,CUW,1,1,,,CONCACAF Nations League,Completed
HIST_GHA_QAT_20201012,FRIENDLY,2020-10-12,GHA,QAT,5,1,,,Friendly,Completed
HIST_ECU_URU_20201013,OTHER_HIST,2020-10-13,ECU,URU,4,2,,,FIFA World Cup qualification,Completed
HIST_JPN_MEX_20201117,FRIENDLY,2020-11-17,JPN,MEX,0,2,,,Friendly,Completed
HIST_BEL_CRO_20210606,FRIENDLY,2021-06-06,BEL,CRO,1,0,,,Friendly,Completed
HIST_MAR_GHA_20210608,FRIENDLY,2021-06-08,MAR,GHA,1,0,,,Friendly,Completed
HIST_AUS_JOR_20210615,OTHER_HIST,2021-06-15,AUS,JOR,1,0,,,FIFA World Cup qualification,Completed
HIST_BEL_POR_20210627,EURO2021,2021-06-27,BEL,POR,1,0,,,UEFA Euro,Completed
HIST_USA_JAM_20210725,OTHER_HIST,2021-07-25,USA,JAM,1,0,,,Gold Cup,Completed
HIST_JAM_PAN_20210905,OTHER_HIST,2021-09-05,JAM,PAN,0,3,,,FIFA World Cup qualification,Completed
HIST_MEX_CAN_20211007,OTHER_HIST,2021-10-07,MEX,CAN,1,1,,,FIFA World Cup qualification,Completed
HIST_MAR_GHA_20220110,OTHER_HIST,2022-01-10,MAR,GHA,1,0,,,African Cup of Nations,Completed
HIST_AUS_JOR_20220601,FRIENDLY,2022-06-01,AUS,JOR,2,1,,,Friendly,Completed
HIST_ITA_ENG_20220923,OTHER_HIST,2022-09-23,ITA,ENG,1,0,,,UEFA Nations League,Completed
HIST_JPN_CAN_20221117,FRIENDLY,2022-11-17,JPN,CAN,1,2,,,Friendly,Completed
HIST_BRA_SUI_20221128,WC22,2022-11-28,BRA,SUI,1,0,,,World Cup Knockout,Completed
HIST_MAR_ESP_20221206,WC22,2022-12-06,MAR,ESP,0,0,4,3,World Cup Knockout,Completed
HIST_KOR_COL_20230324,FRIENDLY,2023-03-24,KOR,COL,2,2,,,Friendly,Completed
HIST_ARG_CUW_20230328,FRIENDLY,2023-03-28,ARG,CUW,7,0,,,Friendly,Completed
HIST_USA_MEX_20230615,OTHER_HIST,2023-06-15,USA,MEX,3,0,,,CONCACAF Nations League,Completed
HIST_ESP_ITA_20230615,OTHER_HIST,2023-06-15,ESP,ITA,2,1,,,UEFA Nations League,Completed
HIST_PAN_MEX_20230618,OTHER_HIST,2023-06-18,PAN,MEX,0,1,,,CONCACAF Nations League,Completed
HIST_NOR_JOR_20230907,FRIENDLY,2023-09-07,NOR,JOR,6,0,,,Friendly,Completed
HIST_CRO_TUR_20231012,EURO2023,2023-10-12,CRO,TUR,0,1,,,UEFA Euro,Completed
HIST_CUW_PAN_20231013,OTHER_HIST,2023-10-13,CUW,PAN,1,2,,,CONCACAF Nations League,Completed
HIST_CIV_MAR_20231014,FRIENDLY,2023-10-14,CIV,MAR,1,1,,,Friendly,Completed
HIST_JAM_CAN_20231118,OTHER_HIST,2023-11-18,JAM,CAN,1,2,,,CONCACAF Nations League,Completed
HIST_CAN_JAM_20231121,OTHER_HIST,2023-11-21,CAN,JAM,2,3,,,CONCACAF Nations League,Completed
HIST_POR_CRO_20240608,FRIENDLY,2024-06-08,POR,CRO,1,2,,,Friendly,Completed
HIST_SCO_SUI_20240619,EURO2024,2024-06-19,SCO,SUI,1,1,,,UEFA Euro,Completed
HIST_POR_FRA_20240705,EURO2024,2024-07-05,POR,FRA,0,0,3,4,UEFA Euro,Completed
HIST_NED_TUR_20240706,EURO2024,2024-07-06,NED,TUR,2,1,,,UEFA Euro,Completed
HIST_MEX_CAN_20240910,FRIENDLY,2024-09-10,MEX,CAN,0,0,,,Friendly,Completed
HIST_PAR_BRA_20240910,OTHER_HIST,2024-09-10,PAR,BRA,1,0,,,FIFA World Cup qualification,Completed
HIST_ECU_PAR_20241010,OTHER_HIST,2024-10-10,ECU,PAR,0,0,,,FIFA World Cup qualification,Completed
HIST_USA_PAN_20241012,FRIENDLY,2024-10-12,USA,PAN,2,0,,,Friendly,Completed
HIST_ESP_NED_20250323,OTHER_HIST,2025-03-23,ESP,NED,3,3,,,UEFA Nations League,Completed
HIST_NOR_ITA_20250606,OTHER_HIST,2025-06-06,NOR,ITA,3,0,,,FIFA World Cup qualification,Completed
HIST_CRO_CZE_20250609,OTHER_HIST,2025-06-09,CRO,CZE,5,1,,,FIFA World Cup qualification,Completed
HIST_MEX_TUR_20250610,FRIENDLY,2025-06-10,MEX,TUR,1,0,,,Friendly,Completed
HIST_JPN_PAR_20251010,OTHER_HIST,2025-10-10,JPN,PAR,2,2,,,Kirin Cup,Completed
HIST_CPV_EGY_20251117,OTHER_HIST,2025-11-17,CPV,EGY,1,1,3,4,Al Ain International Cup,Completed
HIST_EGY_CIV_20260110,OTHER_HIST,2026-01-10,EGY,CIV,3,2,,,African Cup of Nations,Completed
HIST_NZL_KOR_20000121,FRIENDLY,2000-01-21,NZL,KOR,0,1,,,Friendly,Completed
HIST_USA_HAI_20000212,OTHER_HIST,2000-02-12,USA,HAI,3,0,,,Gold Cup,Completed
HIST_BEL_POR_20000223,FRIENDLY,2000-02-23,BEL,POR,1,1,,,Friendly,Completed
HIST_COL_BRA_20000328,OTHER_HIST,2000-03-28,COL,BRA,0,0,,,FIFA World Cup qualification,Completed
HIST_ALG_CPV_20000421,OTHER_HIST,2000-04-21,ALG,CPV,2,0,,,FIFA World Cup qualification,Completed
HIST_BRA_ECU_20000426,OTHER_HIST,2000-04-26,BRA,ECU,3,2,,,FIFA World Cup qualification,Completed
HIST_CPV_SEN_20000514,OTHER_HIST,2000-05-14,CPV,SEN,1,0,,,Amílcar Cabral Cup,Completed
HIST_JAM_COL_20000527,FRIENDLY,2000-05-27,JAM,COL,0,3,,,Friendly,Completed
HIST_NED_CZE_20000611,EURO2000,2000-06-11,NED,CZE,1,0,,,UEFA Euro,Completed
HIST_AUS_PAR_20000612,FRIENDLY,2000-06-12,AUS,PAR,0,0,,,Friendly,Completed
HIST_BRA_URU_20000628,OTHER_HIST,2000-06-28,BRA,URU,1,1,,,FIFA World Cup qualification,Completed
HIST_NED_POR_20001011,OTHER_HIST,2000-10-11,NED,POR,0,2,,,FIFA World Cup qualification,Completed
HIST_KSA_QAT_20001017,OTHER_HIST,2000-10-17,KSA,QAT,0,0,,,AFC Asian Cup,Completed
HIST_JPN_QAT_20001020,OTHER_HIST,2000-10-20,JPN,QAT,1,1,,,AFC Asian Cup,Completed
HIST_BRA_COL_20001115,OTHER_HIST,2000-11-15,BRA,COL,1,0,,,FIFA World Cup qualification,Completed
HIST_CZE_BEL_20010425,FRIENDLY,2001-04-25,CZE,BEL,1,1,,,Friendly,Completed
HIST_ITA_RSA_20010425,FRIENDLY,2001-04-25,ITA,RSA,1,0,,,Friendly,Completed
HIST_JPN_BRA_20010604,OTHER_HIST,2001-06-04,JPN,BRA,0,0,,,Confederations Cup,Completed
HIST_MAR_EGY_20010630,OTHER_HIST,2001-06-30,MAR,EGY,1,0,,,FIFA World Cup qualification,Completed
HIST_URU_BRA_20010701,OTHER_HIST,2001-07-01,URU,BRA,1,0,,,FIFA World Cup qualification,Completed
HIST_ALG_EGY_20010721,OTHER_HIST,2001-07-21,ALG,EGY,1,1,,,FIFA World Cup qualification,Completed
HIST_COL_ECU_20010905,OTHER_HIST,2001-09-05,COL,ECU,0,0,,,FIFA World Cup qualification,Completed
HIST_ENG_SWE_20011110,FRIENDLY,2001-11-10,ENG,SWE,1,1,,,Friendly,Completed
HIST_URU_AUS_20011125,OTHER_HIST,2001-11-25,URU,AUS,3,0,,,FIFA World Cup qualification,Completed
HIST_ECU_HAI_20020120,OTHER_HIST,2002-01-20,ECU,HAI,0,2,,,Gold Cup,Completed
HIST_EGY_SEN_20020120,OTHER_HIST,2002-01-20,EGY,SEN,0,1,,,African Cup of Nations,Completed
HIST_CAN_ECU_20020122,OTHER_HIST,2002-01-22,CAN,ECU,0,2,,,Gold Cup,Completed
HIST_BEL_ALG_20020514,FRIENDLY,2002-05-14,BEL,ALG,0,0,,,Friendly,Completed
HIST_KSA_SEN_20020514,FRIENDLY,2002-05-14,KSA,SEN,3,2,,,Friendly,Completed
HIST_SUI_CAN_20020515,FRIENDLY,2002-05-15,SUI,CAN,1,3,,,Friendly,Completed
HIST_ESP_PAR_20020607,WC02,2002-06-07,ESP,PAR,3,1,,,World Cup Knockout,Completed
HIST_SEN_TUR_20020622,WC02,2002-06-22,SEN,TUR,0,1,,,World Cup Knockout,Completed
HIST_SUI_AUT_20020821,FRIENDLY,2002-08-21,SUI,AUT,3,2,,,Friendly,Completed
HIST_POR_SCO_20021120,FRIENDLY,2002-11-20,POR,SCO,2,0,,,Friendly,Completed
HIST_RSA_ENG_20030522,FRIENDLY,2003-05-22,RSA,ENG,1,2,,,Friendly,Completed
HIST_SEN_CPV_20030531,FRIENDLY,2003-05-31,SEN,CPV,2,1,,,Friendly,Completed
HIST_FRA_JPN_20030620,OTHER_HIST,2003-06-20,FRA,JPN,2,1,,,Confederations Cup,Completed
HIST_FRA_TUR_20030626,OTHER_HIST,2003-06-26,FRA,TUR,3,2,,,Confederations Cup,Completed
HIST_COL_BRA_20030719,OTHER_HIST,2003-07-19,COL,BRA,0,2,,,Gold Cup,Completed
HIST_MEX_JAM_20030720,OTHER_HIST,2003-07-20,MEX,JAM,5,0,,,Gold Cup,Completed
HIST_IRN_IRQ_20030813,FRIENDLY,2003-08-13,IRN,IRQ,0,1,,,Friendly,Completed
HIST_IRQ_URU_20030815,FRIENDLY,2003-08-15,IRQ,URU,2,5,,,Friendly,Completed
HIST_AUS_JAM_20030907,FRIENDLY,2003-09-07,AUS,JAM,2,1,,,Friendly,Completed
HIST_PAR_URU_20030910,OTHER_HIST,2003-09-10,PAR,URU,4,1,,,FIFA World Cup qualification,Completed
HIST_AUT_CZE_20031011,EURO2003,2003-10-11,AUT,CZE,2,3,,,UEFA Euro,Completed
HIST_USA_HAI_20040313,FRIENDLY,2004-03-13,USA,HAI,1,1,,,Friendly,Completed
HIST_AUS_NZL_20040529,OTHER_HIST,2004-05-29,AUS,NZL,1,0,,,Oceania Nations Cup,Completed
HIST_JPN_ARG_20040818,FRIENDLY,2004-08-18,JPN,ARG,1,2,,,Friendly,Completed
HIST_GER_BRA_20040908,FRIENDLY,2004-09-08,GER,BRA,1,1,,,Friendly,Completed
HIST_IRQ_UZB_20041013,OTHER_HIST,2004-10-13,IRQ,UZB,1,2,,,FIFA World Cup qualification,Completed
HIST_JOR_NOR_20050128,FRIENDLY,2005-01-28,JOR,NOR,0,0,,,Friendly,Completed
HIST_UZB_KSA_20050209,OTHER_HIST,2005-02-09,UZB,KSA,1,1,,,FIFA World Cup qualification,Completed
HIST_AUS_IRQ_20050326,FRIENDLY,2005-03-26,AUS,IRQ,2,1,,,Friendly,Completed
HIST_UZB_KOR_20050603,OTHER_HIST,2005-06-03,UZB,KOR,1,1,,,FIFA World Cup qualification,Completed
HIST_KOR_JPN_20050807,OTHER_HIST,2005-08-07,KOR,JPN,0,1,,,EAFF Championship,Completed
HIST_NED_GER_20050817,FRIENDLY,2005-08-17,NED,GER,2,2,,,Friendly,Completed
HIST_ESP_URU_20050817,FRIENDLY,2005-08-17,ESP,URU,2,0,,,Friendly,Completed
HIST_ENG_AUT_20051008,OTHER_HIST,2005-10-08,ENG,AUT,1,0,,,FIFA World Cup qualification,Completed
HIST_EGY_SEN_20060207,OTHER_HIST,2006-02-07,EGY,SEN,2,1,,,African Cup of Nations,Completed
HIST_GER_COL_20060602,FRIENDLY,2006-06-02,GER,COL,3,0,,,Friendly,Completed
HIST_KSA_ESP_20060623,WC06,2006-06-23,KSA,ESP,0,1,,,World Cup Knockout,Completed
HIST_BRA_FRA_20060701,WC06,2006-07-01,BRA,FRA,0,1,,,World Cup Knockout,Completed
HIST_KOR_IRN_20060902,OTHER_HIST,2006-09-02,KOR,IRN,1,1,,,AFC Asian Cup qualification,Completed
HIST_EGY_RSA_20061115,FRIENDLY,2006-11-15,EGY,RSA,1,0,,,Friendly,Completed
HIST_MEX_PAR_20070325,FRIENDLY,2007-03-25,MEX,PAR,2,1,,,Friendly,Completed
HIST_FRA_AUT_20070328,FRIENDLY,2007-03-28,FRA,AUT,1,0,,,Friendly,Completed
HIST_AUT_PAR_20070602,FRIENDLY,2007-06-02,AUT,PAR,0,0,,,Friendly,Completed
HIST_TUR_BRA_20070605,FRIENDLY,2007-06-05,TUR,BRA,0,0,,,Friendly,Completed
HIST_HAI_CAN_20070611,OTHER_HIST,2007-06-11,HAI,CAN,0,2,,,Gold Cup,Completed
HIST_ARG_COL_20070702,CA2007,2007-07-02,ARG,COL,4,2,,,Copa America,Completed
HIST_USA_PAR_20070702,CA2007,2007-07-02,USA,PAR,1,3,,,Copa America,Completed
HIST_MEX_ARG_20070711,CA2007,2007-07-11,MEX,ARG,0,3,,,Copa America,Completed
HIST_ESP_FRA_20080206,FRIENDLY,2008-02-06,ESP,FRA,1,0,,,Friendly,Completed
HIST_CUW_HAI_20080622,OTHER_HIST,2008-06-22,CUW,HAI,0,1,,,FIFA World Cup qualification,Completed
HIST_KSA_UZB_20080622,OTHER_HIST,2008-06-22,KSA,UZB,4,0,,,FIFA World Cup qualification,Completed
HIST_IRN_QAT_20080811,OTHER_HIST,2008-08-11,IRN,QAT,6,1,,,WAFF Championship,Completed
HIST_AUT_FRA_20080906,OTHER_HIST,2008-09-06,AUT,FRA,3,1,,,FIFA World Cup qualification,Completed
HIST_KOR_UZB_20081011,FRIENDLY,2008-10-11,KOR,UZB,3,0,,,Friendly,Completed
HIST_BRA_POR_20081119,FRIENDLY,2008-11-19,BRA,POR,6,2,,,Friendly,Completed
HIST_JAM_CAN_20081119,OTHER_HIST,2008-11-19,JAM,CAN,3,0,,,FIFA World Cup qualification,Completed
HIST_ITA_NZL_20090610,FRIENDLY,2009-06-10,ITA,NZL,4,3,,,Friendly,Completed
HIST_USA_HAI_20090711,OTHER_HIST,2009-07-11,USA,HAI,2,2,,,Gold Cup,Completed
HIST_NED_ENG_20090812,FRIENDLY,2009-08-12,NED,ENG,2,2,,,Friendly,Completed
HIST_COL_ECU_20090905,OTHER_HIST,2009-09-05,COL,ECU,2,0,,,FIFA World Cup qualification,Completed
HIST_URU_COL_20090909,OTHER_HIST,2009-09-09,URU,COL,3,1,,,FIFA World Cup qualification,Completed
HIST_KOR_SEN_20091014,FRIENDLY,2009-10-14,KOR,SEN,2,0,,,Friendly,Completed
HIST_CIV_ALG_20100124,OTHER_HIST,2010-01-24,CIV,ALG,2,3,,,African Cup of Nations,Completed
HIST_FRA_ESP_20100303,FRIENDLY,2010-03-03,FRA,ESP,0,2,,,Friendly,Completed
HIST_AUT_CRO_20100519,FRIENDLY,2010-05-19,AUT,CRO,0,1,,,Friendly,Completed
HIST_POR_CPV_20100524,FRIENDLY,2010-05-24,POR,CPV,0,0,,,Friendly,Completed
HIST_NED_MEX_20100526,FRIENDLY,2010-05-26,NED,MEX,2,1,,,Friendly,Completed
HIST_USA_TUR_20100529,FRIENDLY,2010-05-29,USA,TUR,2,1,,,Friendly,Completed
HIST_USA_ALG_20100623,WC10,2010-06-23,USA,ALG,1,0,,,World Cup Knockout,Completed
HIST_PAR_NZL_20100624,WC10,2010-06-24,PAR,NZL,0,0,,,World Cup Knockout,Completed
HIST_ARG_GER_20100703,WC10,2010-07-03,ARG,GER,0,4,,,World Cup Knockout,Completed
HIST_RSA_GHA_20100811,FRIENDLY,2010-08-11,RSA,GHA,1,0,,,Friendly,Completed
HIST_JPN_JOR_20110109,OTHER_HIST,2011-01-09,JPN,JOR,1,1,,,AFC Asian Cup,Completed
HIST_AUS_KOR_20110114,OTHER_HIST,2011-01-14,AUS,KOR,1,1,,,AFC Asian Cup,Completed
HIST_ARG_POR_20110209,FRIENDLY,2011-02-09,ARG,POR,2,1,,,Friendly,Completed
HIST_GER_URU_20110529,FRIENDLY,2011-05-29,GER,URU,2,1,,,Friendly,Completed
HIST_POR_NOR_20110604,EURO2011,2011-06-04,POR,NOR,1,0,,,UEFA Euro,Completed
HIST_ITA_ESP_20110810,FRIENDLY,2011-08-10,ITA,ESP,2,1,,,Friendly,Completed
HIST_JOR_TUN_20110822,FRIENDLY,2011-08-22,JOR,TUN,3,3,,,Friendly,Completed
HIST_ARG_BRA_20110914,OTHER_HIST,2011-09-14,ARG,BRA,0,0,,,Superclásico de las Américas,Completed
HIST_CZE_ESP_20111007,EURO2011,2011-10-07,CZE,ESP,0,2,,,UEFA Euro,Completed
HIST_GER_BEL_20111011,EURO2011,2011-10-11,GER,BEL,3,1,,,UEFA Euro,Completed
HIST_HAI_CUW_20111011,OTHER_HIST,2011-10-11,HAI,CUW,2,2,,,FIFA World Cup qualification,Completed
HIST_GER_NED_20111115,FRIENDLY,2011-11-15,GER,NED,3,0,,,Friendly,Completed
HIST_IRN_JOR_20120223,FRIENDLY,2012-02-23,IRN,JOR,2,2,,,Friendly,Completed
HIST_JPN_UZB_20120229,OTHER_HIST,2012-02-29,JPN,UZB,0,1,,,FIFA World Cup qualification,Completed
HIST_ESP_KOR_20120530,FRIENDLY,2012-05-30,ESP,KOR,4,1,,,Friendly,Completed
HIST_JOR_IRQ_20120603,OTHER_HIST,2012-06-03,JOR,IRQ,1,1,,,FIFA World Cup qualification,Completed
HIST_AUS_JPN_20120612,OTHER_HIST,2012-06-12,AUS,JPN,1,1,,,FIFA World Cup qualification,Completed
HIST_CZE_POR_20120621,EURO2012,2012-06-21,CZE,POR,0,1,,,UEFA Euro,Completed
HIST_BEL_NED_20120815,FRIENDLY,2012-08-15,BEL,NED,4,2,,,Friendly,Completed
HIST_IRQ_JOR_20121210,OTHER_HIST,2012-12-10,IRQ,JOR,1,0,,,WAFF Championship,Completed
HIST_ITA_BRA_20130321,FRIENDLY,2013-03-21,ITA,BRA,2,2,,,Friendly,Completed
HIST_JAM_PAN_20130322,OTHER_HIST,2013-03-22,JAM,PAN,1,1,,,FIFA World Cup qualification,Completed
HIST_AUT_SWE_20130607,OTHER_HIST,2013-06-07,AUT,SWE,2,1,,,FIFA World Cup qualification,Completed
HIST_KOR_BRA_20131012,FRIENDLY,2013-10-12,KOR,BRA,0,2,,,Friendly,Completed
HIST_SCO_CRO_20131015,OTHER_HIST,2013-10-15,SCO,CRO,2,0,,,FIFA World Cup qualification,Completed
HIST_CZE_CAN_20131115,FRIENDLY,2013-11-15,CZE,CAN,2,0,,,Friendly,Completed
HIST_AUT_USA_20131119,FRIENDLY,2013-11-19,AUT,USA,1,0,,,Friendly,Completed
HIST_FRA_PAR_20140601,FRIENDLY,2014-06-01,FRA,PAR,1,1,,,Friendly,Completed
HIST_CRO_AUS_20140606,FRIENDLY,2014-06-06,CRO,AUS,1,0,,,Friendly,Completed
HIST_TUN_EGY_20141119,OTHER_HIST,2014-11-19,TUN,EGY,2,1,,,African Cup of Nations qualification,Completed
HIST_JOR_IRQ_20150112,OTHER_HIST,2015-01-12,JOR,IRQ,0,1,,,AFC Asian Cup,Completed
HIST_TUN_CPV_20150118,OTHER_HIST,2015-01-18,TUN,CPV,1,1,,,African Cup of Nations,Completed
HIST_GHA_ALG_20150123,OTHER_HIST,2015-01-23,GHA,ALG,1,0,,,African Cup of Nations,Completed
HIST_KOR_NZL_20150331,FRIENDLY,2015-03-31,KOR,NZL,1,0,,,Friendly,Completed
HIST_UZB_IRN_20150611,FRIENDLY,2015-06-11,UZB,IRN,0,1,,,Friendly,Completed
HIST_ITA_ESP_20160324,FRIENDLY,2016-03-24,ITA,ESP,1,1,,,Friendly,Completed
HIST_COL_ECU_20160329,OTHER_HIST,2016-03-29,COL,ECU,3,1,,,FIFA World Cup qualification,Completed
HIST_AUT_NED_20160604,FRIENDLY,2016-06-04,AUT,NED,0,2,,,Friendly,Completed
HIST_MEX_URU_20160605,CA2016,2016-06-05,MEX,URU,3,1,,,Copa America,Completed
HIST_BRA_HAI_20160608,CA2016,2016-06-08,BRA,HAI,7,1,,,Copa America,Completed
HIST_CRO_ESP_20160621,EURO2016,2016-06-21,CRO,ESP,2,1,,,UEFA Euro,Completed
HIST_SWE_BEL_20160622,EURO2016,2016-06-22,SWE,BEL,0,1,,,UEFA Euro,Completed
HIST_GER_ITA_20160702,EURO2016,2016-07-02,GER,ITA,1,1,4,3,UEFA Euro,Completed
HIST_JAM_HAI_20160906,OTHER_HIST,2016-09-06,JAM,HAI,0,2,,,FIFA World Cup qualification,Completed
HIST_QAT_UZB_20160906,OTHER_HIST,2016-09-06,QAT,UZB,0,1,,,FIFA World Cup qualification,Completed
HIST_ITA_ESP_20161006,OTHER_HIST,2016-10-06,ITA,ESP,1,1,,,FIFA World Cup qualification,Completed
HIST_UZB_IRN_20161006,OTHER_HIST,2016-10-06,UZB,IRN,0,1,,,FIFA World Cup qualification,Completed
HIST_NED_FRA_20161010,OTHER_HIST,2016-10-10,NED,FRA,0,1,,,FIFA World Cup qualification,Completed
HIST_SCO_CAN_20170322,FRIENDLY,2017-03-22,SCO,CAN,1,1,,,Friendly,Completed
HIST_NED_ITA_20170328,FRIENDLY,2017-03-28,NED,ITA,1,2,,,Friendly,Completed
HIST_IRQ_JOR_20170601,FRIENDLY,2017-06-01,IRQ,JOR,1,0,,,Friendly,Completed
HIST_NED_CIV_20170604,FRIENDLY,2017-06-04,NED,CIV,5,0,,,Friendly,Completed
HIST_ITA_URU_20170607,FRIENDLY,2017-06-07,ITA,URU,3,0,,,Friendly,Completed
HIST_NOR_CZE_20170610,OTHER_HIST,2017-06-10,NOR,CZE,1,1,,,FIFA World Cup qualification,Completed
HIST_SCO_ENG_20170610,OTHER_HIST,2017-06-10,SCO,ENG,2,2,,,FIFA World Cup qualification,Completed
HIST_POR_MEX_20170618,OTHER_HIST,2017-06-18,POR,MEX,2,2,,,Confederations Cup,Completed
HIST_JPN_AUS_20170831,OTHER_HIST,2017-08-31,JPN,AUS,2,0,,,FIFA World Cup qualification,Completed
HIST_QAT_CZE_20171111,FRIENDLY,2017-11-11,QAT,CZE,0,1,,,Friendly,Completed
HIST_ITA_SWE_20171113,OTHER_HIST,2017-11-13,ITA,SWE,0,0,,,FIFA World Cup qualification,Completed
HIST_JPN_KOR_20171216,OTHER_HIST,2017-12-16,JPN,KOR,1,4,,,EAFF Championship,Completed
HIST_ENG_ITA_20180327,FRIENDLY,2018-03-27,ENG,ITA,1,1,,,Friendly,Completed
HIST_MAR_UZB_20180327,FRIENDLY,2018-03-27,MAR,UZB,2,0,,,Friendly,Completed
HIST_SWE_SUI_20180703,WC18,2018-07-03,SWE,SUI,1,0,,,World Cup Knockout,Completed
HIST_ENG_USA_20181115,FRIENDLY,2018-11-15,ENG,USA,3,0,,,Friendly,Completed
HIST_ARG_MEX_20181116,FRIENDLY,2018-11-16,ARG,MEX,2,0,,,Friendly,Completed
HIST_ITA_POR_20181117,OTHER_HIST,2018-11-17,ITA,POR,0,0,,,UEFA Nations League,Completed
HIST_JPN_UZB_20190117,OTHER_HIST,2019-01-17,JPN,UZB,2,1,,,AFC Asian Cup,Completed
HIST_USA_PAN_20190127,FRIENDLY,2019-01-27,USA,PAN,3,0,,,Friendly,Completed
HIST_ESP_SWE_20190610,EURO2019,2019-06-10,ESP,SWE,3,0,,,UEFA Euro,Completed
HIST_HAI_CAN_20190629,OTHER_HIST,2019-06-29,HAI,CAN,3,2,,,Gold Cup,Completed
HIST_BRA_ARG_20190702,CA2019,2019-07-02,BRA,ARG,2,0,,,Copa America,Completed
HIST_CUW_HAI_20190907,OTHER_HIST,2019-09-07,CUW,HAI,1,0,,,CONCACAF Nations League,Completed
HIST_GER_ARG_20191009,FRIENDLY,2019-10-09,GER,ARG,2,2,,,Friendly,Completed
HIST_BRA_SEN_20191010,FRIENDLY,2019-10-10,BRA,SEN,1,1,,,Friendly,Completed
HIST_MEX_PAN_20191015,OTHER_HIST,2019-10-15,MEX,PAN,3,1,,,CONCACAF Nations League,Completed
HIST_UZB_KSA_20191114,OTHER_HIST,2019-11-14,UZB,KSA,2,3,,,FIFA World Cup qualification,Completed
HIST_UZB_IRN_20201008,FRIENDLY,2020-10-08,UZB,IRN,1,2,,,Friendly,Completed
HIST_KSA_JAM_20201114,FRIENDLY,2020-11-14,KSA,JAM,3,0,,,Friendly,Completed
HIST_AUT_NOR_20201118,OTHER_HIST,2020-11-18,AUT,NOR,1,1,,,UEFA Nations League,Completed
HIST_TUR_NED_20210324,OTHER_HIST,2021-03-24,TUR,NED,4,2,,,FIFA World Cup qualification,Completed
HIST_JPN_KOR_20210325,FRIENDLY,2021-03-25,JPN,KOR,3,0,,,Friendly,Completed
HIST_NED_SCO_20210602,FRIENDLY,2021-06-02,NED,SCO,2,2,,,Friendly,Completed
HIST_PAR_BRA_20210608,OTHER_HIST,2021-06-08,PAR,BRA,0,2,,,FIFA World Cup qualification,Completed
HIST_SCO_CRO_20210622,EURO2021,2021-06-22,SCO,CRO,1,3,,,UEFA Euro,Completed
HIST_ENG_CZE_20210622,EURO2021,2021-06-22,ENG,CZE,1,0,,,UEFA Euro,Completed
HIST_POR_FRA_20210623,EURO2021,2021-06-23,POR,FRA,2,2,,,UEFA Euro,Completed
HIST_ITA_ESP_20210706,EURO2021,2021-07-06,ITA,ESP,1,1,4,3,UEFA Euro,Completed
HIST_ECU_PAR_20210902,OTHER_HIST,2021-09-02,ECU,PAR,2,0,,,FIFA World Cup qualification,Completed
HIST_NED_TUR_20210907,OTHER_HIST,2021-09-07,NED,TUR,6,1,,,FIFA World Cup qualification,Completed
HIST_KSA_JPN_20211007,OTHER_HIST,2021-10-07,KSA,JPN,1,0,,,FIFA World Cup qualification,Completed
HIST_CUW_NZL_20211009,FRIENDLY,2021-10-09,CUW,NZL,1,2,,,Friendly,Completed
HIST_POR_QAT_20211009,FRIENDLY,2021-10-09,POR,QAT,3,0,,,Friendly,Completed
HIST_BRA_COL_20211111,OTHER_HIST,2021-11-11,BRA,COL,1,0,,,FIFA World Cup qualification,Completed
HIST_URU_ARG_20211112,OTHER_HIST,2021-11-12,URU,ARG,0,1,,,FIFA World Cup qualification,Completed
HIST_ENG_GER_20220926,OTHER_HIST,2022-09-26,ENG,GER,3,3,,,UEFA Nations League,Completed
HIST_IRQ_ECU_20221112,FRIENDLY,2022-11-12,IRQ,ECU,0,0,,,Friendly,Completed
HIST_IRN_USA_20221129,WC22,2022-11-29,IRN,USA,0,1,,,World Cup Knockout,Completed
HIST_AUS_ECU_20230324,FRIENDLY,2023-03-24,AUS,ECU,3,1,,,Friendly,Completed
HIST_CUW_CAN_20230325,OTHER_HIST,2023-03-25,CUW,CAN,0,2,,,CONCACAF Nations League,Completed
HIST_ARG_AUS_20230615,FRIENDLY,2023-06-15,ARG,AUS,2,0,,,Friendly,Completed
HIST_JAM_JOR_20230619,FRIENDLY,2023-06-19,JAM,JOR,1,2,,,Friendly,Completed
HIST_HAI_JAM_20231015,OTHER_HIST,2023-10-15,HAI,JAM,2,3,,,CONCACAF Nations League,Completed
HIST_IRQ_JPN_20240119,OTHER_HIST,2024-01-19,IRQ,JPN,2,1,,,AFC Asian Cup,Completed
HIST_FRA_GER_20240323,FRIENDLY,2024-03-23,FRA,GER,0,2,,,Friendly,Completed
HIST_ESP_BRA_20240326,FRIENDLY,2024-03-26,ESP,BRA,3,3,,,Friendly,Completed
HIST_GER_SCO_20240614,EURO2024,2024-06-14,GER,SCO,5,1,,,UEFA Euro,Completed
HIST_NED_FRA_20240621,EURO2024,2024-06-21,NED,FRA,0,0,,,UEFA Euro,Completed
HIST_ARG_ECU_20240704,CA2024,2024-07-04,ARG,ECU,1,1,4,3,Copa America,Completed
HIST_NED_ENG_20240710,EURO2024,2024-07-10,NED,ENG,1,2,,,UEFA Euro,Completed
HIST_ARG_COL_20240714,CA2024,2024-07-14,ARG,COL,1,0,,,Copa America,Completed
HIST_SCO_POR_20241015,OTHER_HIST,2024-10-15,SCO,POR,0,0,,,UEFA Nations League,Completed
HIST_QAT_UZB_20241114,OTHER_HIST,2024-11-14,QAT,UZB,3,2,,,FIFA World Cup qualification,Completed
HIST_AUS_KSA_20241114,OTHER_HIST,2024-11-14,AUS,KSA,0,0,,,FIFA World Cup qualification,Completed
HIST_CPV_EGY_20241115,OTHER_HIST,2024-11-15,CPV,EGY,1,1,,,African Cup of Nations qualification,Completed
HIST_ITA_GER_20250320,OTHER_HIST,2025-03-20,ITA,GER,1,2,,,UEFA Nations League,Completed
HIST_PAR_URU_20250605,OTHER_HIST,2025-06-05,PAR,URU,2,0,,,FIFA World Cup qualification,Completed
HIST_UZB_QAT_20250610,OTHER_HIST,2025-06-10,UZB,QAT,3,0,,,FIFA World Cup qualification,Completed
HIST_USA_AUS_20251014,FRIENDLY,2025-10-14,USA,AUS,2,1,,,Friendly,Completed
HIST_KSA_IRQ_20251014,OTHER_HIST,2025-10-14,KSA,IRQ,0,0,,,FIFA World Cup qualification,Completed
HIST_MEX_URU_20251115,FRIENDLY,2025-11-15,MEX,URU,0,0,,,Friendly,Completed
HIST_ALG_URU_20260331,FRIENDLY,2026-03-31,ALG,URU,0,0,,,Friendly,Completed
HIST_BRA_CRO_20260331,FRIENDLY,2026-03-31,BRA,CRO,3,1,,,Friendly,Completed
HIST_NED_ECU_20260331,FRIENDLY,2026-03-31,NED,ECU,1,1,,,Friendly,Completed
HIST_ESP_IRQ_20260604,FRIENDLY,2026-06-04,ESP,IRQ,1,1,,,Friendly,Completed
HIST_NZL_KOR_20000123,FRIENDLY,2000-01-23,NZL,KOR,0,0,,,Friendly,Completed
HIST_GHA_CIV_20000131,OTHER_HIST,2000-01-31,GHA,CIV,0,2,,,African Cup of Nations,Completed
HIST_COL_JAM_20000212,OTHER_HIST,2000-02-12,COL,JAM,1,0,,,Gold Cup,Completed
HIST_KOR_JPN_20000426,FRIENDLY,2000-04-26,KOR,JPN,1,0,,,Friendly,Completed
HIST_FRA_JPN_20000604,OTHER_HIST,2000-06-04,FRA,JPN,2,2,4,3,King Hassan II Tournament,Completed
HIST_EGY_KOR_20000609,FRIENDLY,2000-06-09,EGY,KOR,0,1,,,Friendly,Completed
HIST_ESP_NOR_20000613,EURO2000,2000-06-13,ESP,NOR,0,1,,,UEFA Euro,Completed
HIST_ECU_COL_20000725,OTHER_HIST,2000-07-25,ECU,COL,0,0,,,FIFA World Cup qualification,Completed
HIST_BRA_ARG_20000726,OTHER_HIST,2000-07-26,BRA,ARG,3,1,,,FIFA World Cup qualification,Completed
HIST_EGY_ALG_20010311,OTHER_HIST,2001-03-11,EGY,ALG,5,2,,,FIFA World Cup qualification,Completed
HIST_FRA_JPN_20010324,FRIENDLY,2001-03-24,FRA,JPN,5,0,,,Friendly,Completed
HIST_ECU_BRA_20010328,OTHER_HIST,2001-03-28,ECU,BRA,1,0,,,FIFA World Cup qualification,Completed
HIST_UZB_JOR_20010427,OTHER_HIST,2001-04-27,UZB,JOR,2,2,,,FIFA World Cup qualification,Completed
HIST_ALG_MAR_20010504,OTHER_HIST,2001-05-04,ALG,MAR,1,2,,,FIFA World Cup qualification,Completed
HIST_JOR_UZB_20010507,OTHER_HIST,2001-05-07,JOR,UZB,1,1,,,FIFA World Cup qualification,Completed
HIST_JPN_AUS_20010607,OTHER_HIST,2001-06-07,JPN,AUS,1,0,,,Confederations Cup,Completed
HIST_USA_ECU_20010607,FRIENDLY,2001-06-07,USA,ECU,0,0,,,Friendly,Completed
HIST_SEN_MAR_20010714,OTHER_HIST,2001-07-14,SEN,MAR,1,0,,,FIFA World Cup qualification,Completed
HIST_ECU_ARG_20010815,OTHER_HIST,2001-08-15,ECU,ARG,0,2,,,FIFA World Cup qualification,Completed
HIST_ARG_BRA_20010905,OTHER_HIST,2001-09-05,ARG,BRA,2,1,,,FIFA World Cup qualification,Completed
HIST_KOR_USA_20011209,FRIENDLY,2001-12-09,KOR,USA,1,0,,,Friendly,Completed
HIST_SEN_ALG_20011230,FRIENDLY,2001-12-30,SEN,ALG,1,0,,,Friendly,Completed
HIST_HAI_CAN_20020118,OTHER_HIST,2002-01-18,HAI,CAN,0,2,,,Gold Cup,Completed
HIST_KSA_QAT_20020130,OTHER_HIST,2002-01-30,KSA,QAT,3,1,,,Gulf Cup,Completed
HIST_ESP_POR_20020213,FRIENDLY,2002-02-13,ESP,POR,1,1,,,Friendly,Completed
HIST_MEX_COL_20020512,FRIENDLY,2002-05-12,MEX,COL,2,1,,,Friendly,Completed
HIST_JPN_BEL_20020604,WC02,2002-06-04,JPN,BEL,2,2,,,World Cup Knockout,Completed
HIST_RSA_ESP_20020612,WC02,2002-06-12,RSA,ESP,2,3,,,World Cup Knockout,Completed
HIST_BRA_BEL_20020617,WC02,2002-06-17,BRA,BEL,2,0,,,World Cup Knockout,Completed
HIST_KOR_ITA_20020618,WC02,2002-06-18,KOR,ITA,2,1,,,World Cup Knockout,Completed
HIST_KOR_ESP_20020622,WC02,2002-06-22,KOR,ESP,0,0,4,3,World Cup Knockout,Completed
HIST_NZL_AUS_20020714,OTHER_HIST,2002-07-14,NZL,AUS,1,0,,,Oceania Nations Cup,Completed
HIST_TUN_EGY_20021120,FRIENDLY,2002-11-20,TUN,EGY,0,0,,,Friendly,Completed
HIST_MEX_ARG_20030204,FRIENDLY,2003-02-04,MEX,ARG,0,1,,,Friendly,Completed
HIST_SCO_AUT_20030430,FRIENDLY,2003-04-30,SCO,AUT,0,2,,,Friendly,Completed
HIST_ESP_ECU_20030430,FRIENDLY,2003-04-30,ESP,ECU,4,0,,,Friendly,Completed
HIST_FRA_NZL_20030622,OTHER_HIST,2003-06-22,FRA,NZL,5,0,,,Confederations Cup,Completed
HIST_COL_TUR_20030628,OTHER_HIST,2003-06-28,COL,TUR,1,2,,,Confederations Cup,Completed
HIST_MEX_BRA_20030713,OTHER_HIST,2003-07-13,MEX,BRA,1,0,,,Gold Cup,Completed
HIST_BEL_FRA_20040218,FRIENDLY,2004-02-18,BEL,FRA,0,2,,,Friendly,Completed
HIST_GER_BEL_20040331,FRIENDLY,2004-03-31,GER,BEL,3,0,,,Friendly,Completed
HIST_BRA_ARG_20040602,OTHER_HIST,2004-06-02,BRA,ARG,3,1,,,FIFA World Cup qualification,Completed
HIST_SUI_CRO_20040613,EURO2004,2004-06-13,SUI,CRO,0,0,,,UEFA Euro,Completed
HIST_SWE_NED_20040626,EURO2004,2004-06-26,SWE,NED,0,0,3,4,UEFA Euro,Completed
HIST_POR_NED_20040630,EURO2004,2004-06-30,POR,NED,2,1,,,UEFA Euro,Completed
HIST_IRQ_UZB_20040718,OTHER_HIST,2004-07-18,IRQ,UZB,0,1,,,AFC Asian Cup,Completed
HIST_PAN_USA_20040908,OTHER_HIST,2004-09-08,PAN,USA,1,1,,,FIFA World Cup qualification,Completed
HIST_IRN_GER_20041009,FRIENDLY,2004-10-09,IRN,GER,0,2,,,Friendly,Completed
HIST_QAT_IRN_20041013,OTHER_HIST,2004-10-13,QAT,IRN,2,3,,,FIFA World Cup qualification,Completed
HIST_QAT_JOR_20041117,OTHER_HIST,2004-11-17,QAT,JOR,2,0,,,FIFA World Cup qualification,Completed
HIST_GER_ARG_20050209,FRIENDLY,2005-02-09,GER,ARG,2,2,,,Friendly,Completed
HIST_POR_CAN_20050326,FRIENDLY,2005-03-26,POR,CAN,4,1,,,Friendly,Completed
HIST_AUS_NZL_20050609,FRIENDLY,2005-06-09,AUS,NZL,1,0,,,Friendly,Completed
HIST_RSA_PAN_20050717,OTHER_HIST,2005-07-17,RSA,PAN,1,1,3,4,Gold Cup,Completed
HIST_AUT_SCO_20050817,FRIENDLY,2005-08-17,AUT,SCO,2,2,,,Friendly,Completed
HIST_ESP_CAN_20050903,FRIENDLY,2005-09-03,ESP,CAN,2,1,,,Friendly,Completed
HIST_NOR_SCO_20050907,OTHER_HIST,2005-09-07,NOR,SCO,1,2,,,FIFA World Cup qualification,Completed
HIST_CIV_JOR_20060117,FRIENDLY,2006-01-17,CIV,JOR,2,0,,,Friendly,Completed
HIST_USA_JPN_20060210,FRIENDLY,2006-02-10,USA,JPN,3,2,,,Friendly,Completed
HIST_MEX_KOR_20060215,FRIENDLY,2006-02-15,MEX,KOR,0,1,,,Friendly,Completed
HIST_JAM_GHA_20060529,FRIENDLY,2006-05-29,JAM,GHA,1,4,,,Friendly,Completed
HIST_ESP_CRO_20060607,FRIENDLY,2006-06-07,ESP,CRO,2,1,,,Friendly,Completed
HIST_JPN_CRO_20060618,WC06,2006-06-18,JPN,CRO,0,0,,,World Cup Knockout,Completed
HIST_ITA_AUS_20060626,WC06,2006-06-26,ITA,AUS,1,0,,,World Cup Knockout,Completed
HIST_BRA_GHA_20060627,WC06,2006-06-27,BRA,GHA,3,0,,,World Cup Knockout,Completed
HIST_GER_POR_20060708,WC06,2006-07-08,GER,POR,3,1,,,World Cup Knockout,Completed
HIST_JAM_HAI_20061001,OTHER_HIST,2006-10-01,JAM,HAI,2,0,,,CFU Caribbean Cup qualification,Completed
HIST_AUS_GHA_20061114,FRIENDLY,2006-11-14,AUS,GHA,1,1,,,Friendly,Completed
HIST_KSA_IRQ_20070124,OTHER_HIST,2007-01-24,KSA,IRQ,1,0,,,Gulf Cup,Completed
HIST_GER_SUI_20070207,FRIENDLY,2007-02-07,GER,SUI,3,1,,,Friendly,Completed
HIST_HAI_PAN_20070324,FRIENDLY,2007-03-24,HAI,PAN,3,0,,,Friendly,Completed
HIST_JPN_COL_20070605,OTHER_HIST,2007-06-05,JPN,COL,0,0,,,Kirin Cup,Completed
HIST_URU_BRA_20070710,CA2007,2007-07-10,URU,BRA,2,2,3,4,Copa America,Completed
HIST_MEX_URU_20070714,CA2007,2007-07-14,MEX,URU,3,1,,,Copa America,Completed
HIST_IRQ_KSA_20070729,OTHER_HIST,2007-07-29,IRQ,KSA,1,0,,,AFC Asian Cup,Completed
HIST_SUI_JPN_20070911,FRIENDLY,2007-09-11,SUI,JPN,3,4,,,Friendly,Completed
HIST_AUT_ENG_20071116,FRIENDLY,2007-11-16,AUT,ENG,0,1,,,Friendly,Completed
HIST_QAT_CIV_20071121,FRIENDLY,2007-11-21,QAT,CIV,1,6,,,Friendly,Completed
HIST_TUR_SWE_20080206,FRIENDLY,2008-02-06,TUR,SWE,0,0,,,Friendly,Completed
HIST_ECU_HAI_20080326,FRIENDLY,2008-03-26,ECU,HAI,3,1,,,Friendly,Completed
HIST_ESP_ITA_20080326,FRIENDLY,2008-03-26,ESP,ITA,1,0,,,Friendly,Completed
HIST_POR_TUR_20080607,EURO2008,2008-06-07,POR,TUR,2,0,,,UEFA Euro,Completed
HIST_USA_ARG_20080608,FRIENDLY,2008-06-08,USA,ARG,0,0,,,Friendly,Completed
HIST_FRA_ITA_20080617,EURO2008,2008-06-17,FRA,ITA,0,2,,,UEFA Euro,Completed
HIST_AUS_RSA_20080819,FRIENDLY,2008-08-19,AUS,RSA,2,2,,,Friendly,Completed
HIST_ALG_SEN_20080905,OTHER_HIST,2008-09-05,ALG,SEN,3,2,,,FIFA World Cup qualification,Completed
HIST_ARG_PAR_20080906,OTHER_HIST,2008-09-06,ARG,PAR,1,1,,,FIFA World Cup qualification,Completed
HIST_KSA_IRN_20080906,OTHER_HIST,2008-09-06,KSA,IRN,1,1,,,FIFA World Cup qualification,Completed
HIST_UZB_AUS_20080910,OTHER_HIST,2008-09-10,UZB,AUS,0,1,,,FIFA World Cup qualification,Completed
HIST_KSA_KOR_20081119,OTHER_HIST,2008-11-19,KSA,KOR,0,2,,,FIFA World Cup qualification,Completed
HIST_GER_NOR_20090211,FRIENDLY,2009-02-11,GER,NOR,0,1,,,Friendly,Completed
HIST_POR_SWE_20090328,OTHER_HIST,2009-03-28,POR,SWE,0,0,,,FIFA World Cup qualification,Completed
HIST_URU_BRA_20090606,OTHER_HIST,2009-06-06,URU,BRA,0,4,,,FIFA World Cup qualification,Completed
HIST_NZL_ESP_20090614,OTHER_HIST,2009-06-14,NZL,ESP,0,5,,,Confederations Cup,Completed
HIST_BEL_TUR_20091010,OTHER_HIST,2009-10-10,BEL,TUR,2,0,,,FIFA World Cup qualification,Completed
HIST_GER_CIV_20091118,FRIENDLY,2009-11-18,GER,CIV,2,2,,,Friendly,Completed
HIST_MEX_SEN_20100510,FRIENDLY,2010-05-10,MEX,SEN,1,0,,,Friendly,Completed
HIST_KOR_ECU_20100516,FRIENDLY,2010-05-16,KOR,ECU,2,0,,,Friendly,Completed
HIST_TUR_CZE_20100522,FRIENDLY,2010-05-22,TUR,CZE,2,1,,,Friendly,Completed
HIST_RSA_MEX_20100611,WC10,2010-06-11,RSA,MEX,1,1,,,World Cup Knockout,Completed
HIST_POR_BRA_20100625,WC10,2010-06-25,POR,BRA,0,0,,,World Cup Knockout,Completed
HIST_NED_ESP_20100711,WC10,2010-07-11,NED,ESP,0,1,,,World Cup Knockout,Completed
HIST_IRN_IRQ_20101001,OTHER_HIST,2010-10-01,IRN,IRQ,2,1,,,WAFF Championship,Completed
HIST_COL_SEN_20110625,FRIENDLY,2011-06-25,COL,SEN,2,0,,,Friendly,Completed
HIST_URU_PAR_20110724,CA2011,2011-07-24,URU,PAR,3,0,,,Copa America,Completed
HIST_JAM_COL_20110906,FRIENDLY,2011-09-06,JAM,COL,0,2,,,Friendly,Completed
HIST_TUR_GER_20111007,EURO2011,2011-10-07,TUR,GER,1,3,,,UEFA Euro,Completed
HIST_ENG_ESP_20111112,FRIENDLY,2011-11-12,ENG,ESP,1,0,,,Friendly,Completed
HIST_CRO_TUR_20111115,EURO2011,2011-11-15,CRO,TUR,0,0,,,UEFA Euro,Completed
HIST_NOR_ENG_20120526,FRIENDLY,2012-05-26,NOR,ENG,0,1,,,Friendly,Completed
HIST_BRA_ARG_20120609,FRIENDLY,2012-06-09,BRA,ARG,3,4,,,Friendly,Completed
HIST_SCO_AUS_20120815,FRIENDLY,2012-08-15,SCO,AUS,3,1,,,Friendly,Completed
HIST_BRA_RSA_20120907,FRIENDLY,2012-09-07,BRA,RSA,1,0,,,Friendly,Completed
HIST_COL_PAR_20121012,OTHER_HIST,2012-10-12,COL,PAR,2,0,,,FIFA World Cup qualification,Completed
HIST_SUI_NOR_20121012,OTHER_HIST,2012-10-12,SUI,NOR,1,1,,,FIFA World Cup qualification,Completed
HIST_CPV_GHA_20121114,FRIENDLY,2012-11-14,CPV,GHA,0,1,,,Friendly,Completed
HIST_QAT_EGY_20121228,FRIENDLY,2012-12-28,QAT,EGY,0,2,,,Friendly,Completed
HIST_RSA_NOR_20130108,FRIENDLY,2013-01-08,RSA,NOR,0,1,,,Friendly,Completed
HIST_RSA_ALG_20130112,FRIENDLY,2013-01-12,RSA,ALG,0,0,,,Friendly,Completed
HIST_POR_ECU_20130206,FRIENDLY,2013-02-06,POR,ECU,2,3,,,Friendly,Completed
HIST_JPN_CAN_20130322,FRIENDLY,2013-03-22,JPN,CAN,2,1,,,Friendly,Completed
HIST_JAM_MEX_20130604,OTHER_HIST,2013-06-04,JAM,MEX,0,1,,,FIFA World Cup qualification,Completed
HIST_BRA_JPN_20130615,OTHER_HIST,2013-06-15,BRA,JPN,3,0,,,Confederations Cup,Completed
HIST_URU_ITA_20130630,OTHER_HIST,2013-06-30,URU,ITA,2,2,3,4,Confederations Cup,Completed
HIST_MEX_PAN_20130707,OTHER_HIST,2013-07-07,MEX,PAN,1,2,,,Gold Cup,Completed
HIST_JPN_AUS_20130725,OTHER_HIST,2013-07-25,JPN,AUS,3,2,,,EAFF Championship,Completed
HIST_COL_ECU_20130906,OTHER_HIST,2013-09-06,COL,ECU,1,0,,,FIFA World Cup qualification,Completed
HIST_CRO_BEL_20131011,OTHER_HIST,2013-10-11,CRO,BEL,1,2,,,FIFA World Cup qualification,Completed
HIST_IRQ_KSA_20131015,OTHER_HIST,2013-10-15,IRQ,KSA,0,2,,,AFC Asian Cup qualification,Completed
HIST_BRA_PAN_20140603,FRIENDLY,2014-06-03,BRA,PAN,4,0,,,Friendly,Completed
HIST_BEL_TUN_20140607,FRIENDLY,2014-06-07,BEL,TUN,1,0,,,Friendly,Completed
HIST_KOR_BEL_20140626,WC14,2014-06-26,KOR,BEL,0,1,,,World Cup Knockout,Completed
HIST_BRA_GER_20140708,WC14,2014-07-08,BRA,GER,1,7,,,World Cup Knockout,Completed
HIST_SEN_EGY_20140905,OTHER_HIST,2014-09-05,SEN,EGY,2,0,,,African Cup of Nations qualification,Completed
HIST_GER_SCO_20140907,EURO2014,2014-09-07,GER,SCO,2,1,,,UEFA Euro,Completed
HIST_USA_COL_20141114,FRIENDLY,2014-11-14,USA,COL,1,2,,,Friendly,Completed
HIST_ITA_CRO_20141116,EURO2014,2014-11-16,ITA,CRO,1,1,,,UEFA Euro,Completed
HIST_UZB_JOR_20141221,FRIENDLY,2014-12-21,UZB,JOR,2,1,,,Friendly,Completed
HIST_ALG_RSA_20150119,OTHER_HIST,2015-01-19,ALG,RSA,3,1,,,African Cup of Nations,Completed
HIST_JPN_UZB_20150331,FRIENDLY,2015-03-31,JPN,UZB,5,1,,,Friendly,Completed
HIST_USA_MEX_20150415,FRIENDLY,2015-04-15,USA,MEX,2,0,,,Friendly,Completed
HIST_ITA_POR_20150616,FRIENDLY,2015-06-16,ITA,POR,0,1,,,Friendly,Completed
HIST_TUR_NED_20150906,EURO2015,2015-09-06,TUR,NED,3,0,,,UEFA Euro,Completed
HIST_SWE_AUT_20150908,EURO2015,2015-09-08,SWE,AUT,1,4,,,UEFA Euro,Completed
HIST_JOR_AUS_20151008,OTHER_HIST,2015-10-08,JOR,AUS,2,0,,,FIFA World Cup qualification,Completed
HIST_MAR_CIV_20151009,FRIENDLY,2015-10-09,MAR,CIV,0,1,,,Friendly,Completed
HIST_PAR_ARG_20151013,OTHER_HIST,2015-10-13,PAR,ARG,0,0,,,FIFA World Cup qualification,Completed
HIST_FRA_GER_20151113,FRIENDLY,2015-11-13,FRA,GER,2,0,,,Friendly,Completed
HIST_ENG_NED_20160329,FRIENDLY,2016-03-29,ENG,NED,1,2,,,Friendly,Completed
HIST_CZE_CRO_20160617,EURO2016,2016-06-17,CZE,CRO,2,2,,,UEFA Euro,Completed
HIST_CZE_TUR_20160621,EURO2016,2016-06-21,CZE,TUR,0,2,,,UEFA Euro,Completed
HIST_USA_ARG_20160621,CA2016,2016-06-21,USA,ARG,0,4,,,Copa America,Completed
HIST_ITA_ESP_20160627,EURO2016,2016-06-27,ITA,ESP,2,0,,,UEFA Euro,Completed
HIST_COL_URU_20161011,OTHER_HIST,2016-10-11,COL,URU,2,2,,,FIFA World Cup qualification,Completed
HIST_CZE_NOR_20161111,OTHER_HIST,2016-11-11,CZE,NOR,2,1,,,FIFA World Cup qualification,Completed
HIST_ALG_TUN_20170119,OTHER_HIST,2017-01-19,ALG,TUN,1,2,,,African Cup of Nations,Completed
HIST_USA_GHA_20170701,FRIENDLY,2017-07-01,USA,GHA,2,1,,,Friendly,Completed
HIST_MEX_JAM_20170713,OTHER_HIST,2017-07-13,MEX,JAM,0,0,,,Gold Cup,Completed
HIST_CUW_MEX_20170716,OTHER_HIST,2017-07-16,CUW,MEX,0,2,,,Gold Cup,Completed
HIST_BRA_ECU_20170831,OTHER_HIST,2017-08-31,BRA,ECU,2,0,,,FIFA World Cup qualification,Completed
HIST_RSA_CPV_20170905,OTHER_HIST,2017-09-05,RSA,CPV,1,2,,,FIFA World Cup qualification,Completed
HIST_IRN_PAN_20171109,FRIENDLY,2017-11-09,IRN,PAN,2,1,,,Friendly,Completed
HIST_BEL_POR_20180602,FRIENDLY,2018-06-02,BEL,POR,0,0,,,Friendly,Completed
HIST_GER_KSA_20180608,FRIENDLY,2018-06-08,GER,KSA,2,1,,,Friendly,Completed
HIST_CRO_SEN_20180608,FRIENDLY,2018-06-08,CRO,SEN,2,1,,,Friendly,Completed
HIST_TUN_ESP_20180609,FRIENDLY,2018-06-09,TUN,ESP,0,1,,,Friendly,Completed
HIST_GER_MEX_20180617,WC18,2018-06-17,GER,MEX,0,1,,,World Cup Knockout,Completed
HIST_PAN_TUN_20180628,WC18,2018-06-28,PAN,TUN,1,2,,,World Cup Knockout,Completed
HIST_ENG_BEL_20180628,WC18,2018-06-28,ENG,BEL,0,1,,,World Cup Knockout,Completed
HIST_FRA_BEL_20180710,WC18,2018-07-10,FRA,BEL,1,0,,,World Cup Knockout,Completed
HIST_COL_ARG_20180911,FRIENDLY,2018-09-11,COL,ARG,0,0,,,Friendly,Completed
HIST_ARG_IRQ_20181011,FRIENDLY,2018-10-11,ARG,IRQ,4,0,,,Friendly,Completed
HIST_QAT_ECU_20181012,FRIENDLY,2018-10-12,QAT,ECU,4,3,,,Friendly,Completed
HIST_ITA_USA_20181120,FRIENDLY,2018-11-20,ITA,USA,1,0,,,Friendly,Completed
HIST_AUS_JOR_20190106,OTHER_HIST,2019-01-06,AUS,JOR,0,1,,,AFC Asian Cup,Completed
HIST_KOR_IRN_20190611,FRIENDLY,2019-06-11,KOR,IRN,1,1,,,Friendly,Completed
HIST_HAI_MEX_20190702,OTHER_HIST,2019-07-02,HAI,MEX,0,1,,,Gold Cup,Completed
HIST_GHA_TUN_20190708,OTHER_HIST,2019-07-08,GHA,TUN,1,1,3,4,African Cup of Nations,Completed
HIST_SEN_ALG_20190719,OTHER_HIST,2019-07-19,SEN,ALG,0,1,,,African Cup of Nations,Completed
HIST_NED_MEX_20201007,FRIENDLY,2020-10-07,NED,MEX,0,1,,,Friendly,Completed
HIST_ESP_GER_20201117,OTHER_HIST,2020-11-17,ESP,GER,6,0,,,UEFA Nations League,Completed
HIST_KOR_QAT_20201117,FRIENDLY,2020-11-17,KOR,QAT,2,1,,,Friendly,Completed
HIST_COL_ARG_20210608,OTHER_HIST,2021-06-08,COL,ARG,2,2,,,FIFA World Cup qualification,Completed
HIST_ARG_URU_20210618,CA2021,2021-06-18,ARG,URU,1,0,,,Copa America,Completed
HIST_BRA_ECU_20210627,CA2021,2021-06-27,BRA,ECU,1,1,,,Copa America,Completed
HIST_USA_HAI_20210711,OTHER_HIST,2021-07-11,USA,HAI,1,0,,,Gold Cup,Completed
HIST_USA_CAN_20210718,OTHER_HIST,2021-07-18,USA,CAN,1,0,,,Gold Cup,Completed
HIST_USA_QAT_20210729,OTHER_HIST,2021-07-29,USA,QAT,1,0,,,Gold Cup,Completed
HIST_BEL_FRA_20211007,OTHER_HIST,2021-10-07,BEL,FRA,2,3,,,UEFA Nations League,Completed
HIST_PAR_URU_20220127,OTHER_HIST,2022-01-27,PAR,URU,0,1,,,FIFA World Cup qualification,Completed
HIST_EGY_MAR_20220130,OTHER_HIST,2022-01-30,EGY,MAR,2,1,,,African Cup of Nations,Completed
HIST_KOR_IRN_20220324,OTHER_HIST,2022-03-24,KOR,IRN,2,0,,,FIFA World Cup qualification,Completed
HIST_NED_GER_20220329,FRIENDLY,2022-03-29,NED,GER,1,1,,,Friendly,Completed
HIST_ITA_GER_20220604,OTHER_HIST,2022-06-04,ITA,GER,1,1,,,UEFA Nations League,Completed
HIST_KSA_COL_20220605,FRIENDLY,2022-06-05,KSA,COL,0,1,,,Friendly,Completed
HIST_JPN_GHA_20220610,OTHER_HIST,2022-06-10,JPN,GHA,4,1,,,Kirin Cup,Completed
HIST_ENG_ITA_20220611,OTHER_HIST,2022-06-11,ENG,ITA,0,0,,,UEFA Nations League,Completed
HIST_JPN_KOR_20220727,OTHER_HIST,2022-07-27,JPN,KOR,3,0,,,EAFF Championship,Completed
HIST_IRN_SEN_20220927,FRIENDLY,2022-09-27,IRN,SEN,1,1,,,Friendly,Completed
HIST_SWE_ALG_20221119,FRIENDLY,2022-11-19,SWE,ALG,2,0,,,Friendly,Completed
HIST_ENG_IRN_20221121,WC22,2022-11-21,ENG,IRN,6,2,,,World Cup Knockout,Completed
HIST_ARG_AUS_20221203,WC22,2022-12-03,ARG,AUS,2,1,,,World Cup Knockout,Completed
HIST_CRO_BRA_20221209,WC22,2022-12-09,CRO,BRA,1,1,4,3,World Cup Knockout,Completed
HIST_ARG_PAN_20230323,FRIENDLY,2023-03-23,ARG,PAN,2,0,,,Friendly,Completed
HIST_MEX_JAM_20230326,OTHER_HIST,2023-03-26,MEX,JAM,2,2,,,CONCACAF Nations League,Completed
HIST_GER_FRA_20230912,FRIENDLY,2023-09-12,GER,FRA,2,1,,,Friendly,Completed
HIST_ESP_SCO_20231012,EURO2023,2023-10-12,ESP,SCO,2,0,,,UEFA Euro,Completed
HIST_USA_GHA_20231017,FRIENDLY,2023-10-17,USA,GHA,4,0,,,Friendly,Completed
HIST_SCO_NOR_20231119,EURO2023,2023-11-19,SCO,NOR,3,3,,,UEFA Euro,Completed
HIST_BRA_ARG_20231121,OTHER_HIST,2023-11-21,BRA,ARG,0,1,,,FIFA World Cup qualification,Completed
HIST_POR_SWE_20240321,FRIENDLY,2024-03-21,POR,SWE,5,2,,,Friendly,Completed
HIST_NOR_CZE_20240322,FRIENDLY,2024-03-22,NOR,CZE,1,2,,,Friendly,Completed
HIST_CIV_URU_20240326,FRIENDLY,2024-03-26,CIV,URU,2,1,,,Friendly,Completed
HIST_USA_COL_20240608,FRIENDLY,2024-06-08,USA,COL,1,5,,,Friendly,Completed
HIST_CZE_TUR_20240626,EURO2024,2024-06-26,CZE,TUR,1,2,,,UEFA Euro,Completed
HIST_PAR_BRA_20240628,CA2024,2024-06-28,PAR,BRA,1,4,,,Copa America,Completed
HIST_EGY_CPV_20240906,OTHER_HIST,2024-09-06,EGY,CPV,3,0,,,African Cup of Nations qualification,Completed
HIST_URU_PAR_20240906,OTHER_HIST,2024-09-06,URU,PAR,0,0,,,FIFA World Cup qualification,Completed
HIST_NED_GER_20240910,OTHER_HIST,2024-09-10,NED,GER,2,2,,,UEFA Nations League,Completed
HIST_IRN_QAT_20241015,OTHER_HIST,2024-10-15,IRN,QAT,4,1,,,FIFA World Cup qualification,Completed
HIST_FRA_CRO_20250323,OTHER_HIST,2025-03-23,FRA,CRO,2,0,,,UEFA Nations League,Completed
HIST_GER_ITA_20250323,OTHER_HIST,2025-03-23,GER,ITA,3,3,,,UEFA Nations League,Completed
HIST_MEX_SUI_20250607,FRIENDLY,2025-06-07,MEX,SUI,2,4,,,Friendly,Completed
HIST_JOR_IRQ_20250610,OTHER_HIST,2025-06-10,JOR,IRQ,0,1,,,FIFA World Cup qualification,Completed
HIST_CUW_CAN_20250621,OTHER_HIST,2025-06-21,CUW,CAN,1,1,,,Gold Cup,Completed
HIST_KSA_ALG_20251118,FRIENDLY,2025-11-18,KSA,ALG,0,2,,,Friendly,Completed
HIST_USA_SEN_20260531,FRIENDLY,2026-05-31,USA,SEN,3,2,,,Friendly,Completed
HIST_NED_UZB_20260608,FRIENDLY,2026-06-08,NED,UZB,2,1,,,Friendly,Completed
HIST_JAM_NZL_20000116,FRIENDLY,2000-01-16,JAM,NZL,2,1,,,Friendly,Completed
HIST_GHA_TUN_20000118,FRIENDLY,2000-01-18,GHA,TUN,2,0,,,Friendly,Completed
HIST_EGY_TUN_20000207,OTHER_HIST,2000-02-07,EGY,TUN,0,1,,,African Cup of Nations,Completed
HIST_MEX_CAN_20000220,OTHER_HIST,2000-02-20,MEX,CAN,1,2,,,Gold Cup,Completed
HIST_USA_TUN_20000312,FRIENDLY,2000-03-12,USA,TUN,1,1,,,Friendly,Completed
HIST_PAR_ECU_20000603,OTHER_HIST,2000-06-03,PAR,ECU,3,1,,,FIFA World Cup qualification,Completed
HIST_USA_RSA_20000603,OTHER_HIST,2000-06-03,USA,RSA,4,0,,,USA Cup,Completed
HIST_JAM_JPN_20000606,OTHER_HIST,2000-06-06,JAM,JPN,0,4,,,King Hassan II Tournament,Completed
HIST_USA_MEX_20000611,OTHER_HIST,2000-06-11,USA,MEX,3,0,,,USA Cup,Completed
HIST_POR_GER_20000620,EURO2000,2000-06-20,POR,GER,3,0,,,UEFA Euro,Completed
HIST_PAR_BRA_20000718,OTHER_HIST,2000-07-18,PAR,BRA,2,1,,,FIFA World Cup qualification,Completed
HIST_COL_URU_20000815,OTHER_HIST,2000-08-15,COL,URU,1,0,,,FIFA World Cup qualification,Completed
HIST_COL_AUS_20010228,FRIENDLY,2001-02-28,COL,AUS,3,2,,,Friendly,Completed
HIST_USA_MEX_20010228,OTHER_HIST,2001-02-28,USA,MEX,2,0,,,FIFA World Cup qualification,Completed
HIST_CIV_EGY_20010617,OTHER_HIST,2001-06-17,CIV,EGY,2,2,,,African Cup of Nations qualification,Completed
HIST_URU_ARG_20011114,OTHER_HIST,2001-11-14,URU,ARG,1,1,,,FIFA World Cup qualification,Completed
HIST_URU_KOR_20020213,FRIENDLY,2002-02-13,URU,KOR,2,1,,,Friendly,Completed
HIST_FRA_URU_20020606,WC02,2002-06-06,FRA,URU,0,0,,,World Cup Knockout,Completed
HIST_ARG_ENG_20020607,WC02,2002-06-07,ARG,ENG,0,1,,,World Cup Knockout,Completed
HIST_KOR_POR_20020614,WC02,2002-06-14,KOR,POR,1,0,,,World Cup Knockout,Completed
HIST_TUN_FRA_20020821,FRIENDLY,2002-08-21,TUN,FRA,1,1,,,Friendly,Completed
HIST_ENG_POR_20020907,FRIENDLY,2002-09-07,ENG,POR,1,1,,,Friendly,Completed
HIST_AUT_NOR_20021120,FRIENDLY,2002-11-20,AUT,NOR,0,1,,,Friendly,Completed
HIST_JAM_USA_20030212,FRIENDLY,2003-02-12,JAM,USA,1,2,,,Friendly,Completed
HIST_CZE_AUT_20030402,EURO2003,2003-04-02,CZE,AUT,4,0,,,UEFA Euro,Completed
HIST_ENG_TUR_20030402,EURO2003,2003-04-02,ENG,TUR,2,0,,,UEFA Euro,Completed
HIST_MEX_BRA_20030727,OTHER_HIST,2003-07-27,MEX,BRA,1,0,,,Gold Cup,Completed
HIST_NED_AUT_20030906,EURO2003,2003-09-06,NED,AUT,3,1,,,UEFA Euro,Completed
HIST_TUR_ENG_20031011,EURO2003,2003-10-11,TUR,ENG,0,0,,,UEFA Euro,Completed
HIST_IRN_NZL_20031012,FRIENDLY,2003-10-12,IRN,NZL,3,0,,,Friendly,Completed
HIST_TUN_MAR_20040214,OTHER_HIST,2004-02-14,TUN,MAR,2,1,,,African Cup of Nations,Completed
HIST_JAM_URU_20040218,FRIENDLY,2004-02-18,JAM,URU,2,0,,,Friendly,Completed
HIST_JPN_JOR_20040731,OTHER_HIST,2004-07-31,JPN,JOR,1,1,4,3,AFC Asian Cup,Completed
HIST_NOR_BEL_20040818,FRIENDLY,2004-08-18,NOR,BEL,2,2,,,Friendly,Completed
HIST_JAM_PAN_20040904,OTHER_HIST,2004-09-04,JAM,PAN,1,2,,,FIFA World Cup qualification,Completed
HIST_URU_ECU_20040905,OTHER_HIST,2004-09-05,URU,ECU,1,0,,,FIFA World Cup qualification,Completed
HIST_COL_PAR_20041009,OTHER_HIST,2004-10-09,COL,PAR,1,1,,,FIFA World Cup qualification,Completed
HIST_MEX_ECU_20041027,FRIENDLY,2004-10-27,MEX,ECU,2,1,,,Friendly,Completed
HIST_ENG_NED_20050209,FRIENDLY,2005-02-09,ENG,NED,0,0,,,Friendly,Completed
HIST_KSA_KOR_20050325,OTHER_HIST,2005-03-25,KSA,KOR,2,0,,,FIFA World Cup qualification,Completed
HIST_GER_ARG_20050621,OTHER_HIST,2005-06-21,GER,ARG,2,2,,,Confederations Cup,Completed
HIST_MEX_ARG_20050626,OTHER_HIST,2005-06-26,MEX,ARG,1,1,3,4,Confederations Cup,Completed
HIST_AUS_JAM_20051009,FRIENDLY,2005-10-09,AUS,JAM,5,0,,,Friendly,Completed
HIST_GER_USA_20060322,FRIENDLY,2006-03-22,GER,USA,4,1,,,Friendly,Completed
HIST_USA_MAR_20060523,FRIENDLY,2006-05-23,USA,MAR,0,1,,,Friendly,Completed
HIST_TUR_GHA_20060526,FRIENDLY,2006-05-26,TUR,GHA,1,1,,,Friendly,Completed
HIST_NOR_KOR_20060601,FRIENDLY,2006-06-01,NOR,KOR,0,0,,,Friendly,Completed
HIST_ENG_JAM_20060603,FRIENDLY,2006-06-03,ENG,JAM,6,0,,,Friendly,Completed
HIST_AUS_JPN_20060612,WC06,2006-06-12,AUS,JPN,3,1,,,World Cup Knockout,Completed
HIST_NED_CIV_20060616,WC06,2006-06-16,NED,CIV,2,1,,,World Cup Knockout,Completed
HIST_GER_SWE_20060816,FRIENDLY,2006-08-16,GER,SWE,3,0,,,Friendly,Completed
HIST_NOR_BRA_20060816,FRIENDLY,2006-08-16,NOR,BRA,1,1,,,Friendly,Completed
HIST_FRA_ITA_20060906,EURO2006,2006-09-06,FRA,ITA,3,1,,,UEFA Euro,Completed
HIST_ALG_CPV_20070324,OTHER_HIST,2007-03-24,ALG,CPV,2,0,,,African Cup of Nations qualification,Completed
HIST_ENG_BRA_20070601,FRIENDLY,2007-06-01,ENG,BRA,1,1,,,Friendly,Completed
HIST_BEL_POR_20070602,EURO2007,2007-06-02,BEL,POR,1,2,,,UEFA Euro,Completed
HIST_USA_CAN_20070621,OTHER_HIST,2007-06-21,USA,CAN,2,1,,,Gold Cup,Completed
HIST_USA_MEX_20070624,OTHER_HIST,2007-06-24,USA,MEX,2,1,,,Gold Cup,Completed
HIST_BRA_MEX_20070627,CA2007,2007-06-27,BRA,MEX,0,2,,,Copa America,Completed
HIST_KOR_IRQ_20070629,FRIENDLY,2007-06-29,KOR,IRQ,3,0,,,Friendly,Completed
HIST_KOR_JPN_20070728,OTHER_HIST,2007-07-28,KOR,JPN,0,0,4,3,AFC Asian Cup,Completed
HIST_ALG_BRA_20070822,FRIENDLY,2007-08-22,ALG,BRA,0,2,,,Friendly,Completed
HIST_SUI_NED_20070822,FRIENDLY,2007-08-22,SUI,NED,2,1,,,Friendly,Completed
HIST_SUI_USA_20071017,FRIENDLY,2007-10-17,SUI,USA,0,1,,,Friendly,Completed
HIST_COL_ARG_20071120,OTHER_HIST,2007-11-20,COL,ARG,2,1,,,FIFA World Cup qualification,Completed
HIST_GHA_MAR_20080128,OTHER_HIST,2008-01-28,GHA,MAR,2,0,,,African Cup of Nations,Completed
HIST_SEN_RSA_20080131,OTHER_HIST,2008-01-31,SEN,RSA,1,1,,,African Cup of Nations,Completed
HIST_BEL_MAR_20080326,FRIENDLY,2008-03-26,BEL,MAR,1,4,,,Friendly,Completed
HIST_CRO_TUR_20080620,EURO2008,2008-06-20,CRO,TUR,1,1,3,4,UEFA Euro,Completed
HIST_IRQ_QAT_20080622,OTHER_HIST,2008-06-22,IRQ,QAT,0,1,,,FIFA World Cup qualification,Completed
HIST_IRN_JOR_20080815,OTHER_HIST,2008-08-15,IRN,JOR,2,1,,,WAFF Championship,Completed
HIST_COL_URU_20080906,OTHER_HIST,2008-09-06,COL,URU,0,1,,,FIFA World Cup qualification,Completed
HIST_COL_PAR_20081011,OTHER_HIST,2008-10-11,COL,PAR,0,1,,,FIFA World Cup qualification,Completed
HIST_SWE_POR_20081011,OTHER_HIST,2008-10-11,SWE,POR,0,0,,,FIFA World Cup qualification,Completed
HIST_AUS_QAT_20081015,OTHER_HIST,2008-10-15,AUS,QAT,4,0,,,FIFA World Cup qualification,Completed
HIST_USA_SWE_20090124,FRIENDLY,2009-01-24,USA,SWE,3,2,,,Friendly,Completed
HIST_KOR_IRQ_20090328,FRIENDLY,2009-03-28,KOR,IRQ,2,1,,,Friendly,Completed
HIST_ECU_ARG_20090610,OTHER_HIST,2009-06-10,ECU,ARG,2,0,,,FIFA World Cup qualification,Completed
HIST_USA_MEX_20090726,OTHER_HIST,2009-07-26,USA,MEX,0,5,,,Gold Cup,Completed
HIST_MEX_USA_20090812,OTHER_HIST,2009-08-12,MEX,USA,2,1,,,FIFA World Cup qualification,Completed
HIST_URU_ARG_20091014,OTHER_HIST,2009-10-14,URU,ARG,0,1,,,FIFA World Cup qualification,Completed
HIST_AUT_ESP_20091118,FRIENDLY,2009-11-18,AUT,ESP,1,5,,,Friendly,Completed
HIST_GHA_EGY_20100131,OTHER_HIST,2010-01-31,GHA,EGY,0,1,,,African Cup of Nations,Completed
HIST_ITA_MEX_20100603,FRIENDLY,2010-06-03,ITA,MEX,1,2,,,Friendly,Completed
HIST_TUR_BEL_20100907,EURO2010,2010-09-07,TUR,BEL,3,2,,,UEFA Euro,Completed
HIST_KSA_UZB_20101009,FRIENDLY,2010-10-09,KSA,UZB,4,0,,,Friendly,Completed
HIST_SCO_ESP_20101012,EURO2010,2010-10-12,SCO,ESP,2,3,,,UEFA Euro,Completed
HIST_KSA_GHA_20101117,FRIENDLY,2010-11-17,KSA,GHA,0,0,,,Friendly,Completed
HIST_QAT_KSA_20101128,OTHER_HIST,2010-11-28,QAT,KSA,1,1,,,Gulf Cup,Completed
HIST_UZB_KOR_20110128,OTHER_HIST,2011-01-28,UZB,KOR,2,3,,,AFC Asian Cup,Completed
HIST_BRA_SCO_20110327,FRIENDLY,2011-03-27,BRA,SCO,2,0,,,Friendly,Completed
HIST_ENG_GHA_20110329,FRIENDLY,2011-03-29,ENG,GHA,1,1,,,Friendly,Completed
HIST_USA_PAN_20110611,OTHER_HIST,2011-06-11,USA,PAN,1,2,,,Gold Cup,Completed
HIST_CAN_PAN_20110614,OTHER_HIST,2011-06-14,CAN,PAN,1,1,,,Gold Cup,Completed
HIST_GER_BRA_20110810,FRIENDLY,2011-08-10,GER,BRA,3,2,,,Friendly,Completed
HIST_IRQ_JOR_20110902,OTHER_HIST,2011-09-02,IRQ,JOR,0,2,,,FIFA World Cup qualification,Completed
HIST_PAN_JAM_20120601,FRIENDLY,2012-06-01,PAN,JAM,2,1,,,Friendly,Completed
HIST_JPN_JOR_20120608,OTHER_HIST,2012-06-08,JPN,JOR,6,0,,,FIFA World Cup qualification,Completed
HIST_KSA_MAR_20120618,FRIENDLY,2012-06-18,KSA,MAR,4,0,,,Friendly,Completed
HIST_BRA_IRQ_20121011,FRIENDLY,2012-10-11,BRA,IRQ,6,0,,,Friendly,Completed
HIST_KOR_AUS_20121114,FRIENDLY,2012-11-14,KOR,AUS,1,2,,,Friendly,Completed
HIST_ENG_BRA_20130206,FRIENDLY,2013-02-06,ENG,BRA,2,1,,,Friendly,Completed
HIST_FRA_GER_20130206,FRIENDLY,2013-02-06,FRA,GER,1,2,,,Friendly,Completed
HIST_ESP_URU_20130206,FRIENDLY,2013-02-06,ESP,URU,3,1,,,Friendly,Completed
HIST_TUR_CZE_20130206,FRIENDLY,2013-02-06,TUR,CZE,0,2,,,Friendly,Completed
HIST_KOR_UZB_20130611,OTHER_HIST,2013-06-11,KOR,UZB,1,0,,,FIFA World Cup qualification,Completed
HIST_PAN_JAM_20130906,OTHER_HIST,2013-09-06,PAN,JAM,0,0,,,FIFA World Cup qualification,Completed
HIST_ENG_GER_20131119,FRIENDLY,2013-11-19,ENG,GER,0,1,,,Friendly,Completed
HIST_USA_KOR_20140201,FRIENDLY,2014-02-01,USA,KOR,2,0,,,Friendly,Completed
HIST_USA_TUR_20140601,FRIENDLY,2014-06-01,USA,TUR,2,1,,,Friendly,Completed
HIST_NED_ARG_20140709,WC14,2014-07-09,NED,ARG,0,0,3,4,World Cup Knockout,Completed
HIST_SEN_TUN_20141010,OTHER_HIST,2014-10-10,SEN,TUN,0,0,,,African Cup of Nations qualification,Completed
HIST_JOR_KOR_20141114,FRIENDLY,2014-11-14,JOR,KOR,0,1,,,Friendly,Completed
HIST_EGY_SEN_20141115,OTHER_HIST,2014-11-15,EGY,SEN,0,1,,,African Cup of Nations qualification,Completed
HIST_IRN_KOR_20141118,FRIENDLY,2014-11-18,IRN,KOR,1,0,,,Friendly,Completed
HIST_POR_ARG_20141118,FRIENDLY,2014-11-18,POR,ARG,1,0,,,Friendly,Completed
HIST_TUN_ALG_20150111,FRIENDLY,2015-01-11,TUN,ALG,1,1,,,Friendly,Completed
HIST_CIV_GHA_20150208,OTHER_HIST,2015-02-08,CIV,GHA,0,0,4,3,African Cup of Nations,Completed
HIST_URU_JAM_20150613,CA2015,2015-06-13,URU,JAM,1,0,,,Copa America,Completed
HIST_PAN_MEX_20150722,OTHER_HIST,2015-07-22,PAN,MEX,1,2,,,Gold Cup,Completed
HIST_KOR_JAM_20151013,FRIENDLY,2015-10-13,KOR,JAM,3,0,,,Friendly,Completed
HIST_JOR_IRQ_20161106,FRIENDLY,2016-11-06,JOR,IRQ,0,0,,,Friendly,Completed
HIST_KOR_CAN_20161111,FRIENDLY,2016-11-11,KOR,CAN,2,0,,,Friendly,Completed
HIST_JPN_KSA_20161115,OTHER_HIST,2016-11-15,JPN,KSA,2,1,,,FIFA World Cup qualification,Completed
HIST_EGY_TUN_20170108,FRIENDLY,2017-01-08,EGY,TUN,1,0,,,Friendly,Completed
HIST_SEN_ALG_20170123,OTHER_HIST,2017-01-23,SEN,ALG,2,2,,,African Cup of Nations,Completed
HIST_URU_BRA_20170323,OTHER_HIST,2017-03-23,URU,BRA,1,4,,,FIFA World Cup qualification,Completed
HIST_CIV_SEN_20170327,FRIENDLY,2017-03-27,CIV,SEN,1,1,,,Friendly,Completed
HIST_BRA_PAR_20170328,OTHER_HIST,2017-03-28,BRA,PAR,3,0,,,FIFA World Cup qualification,Completed
HIST_IRQ_JPN_20170613,OTHER_HIST,2017-06-13,IRQ,JPN,1,1,,,FIFA World Cup qualification,Completed
HIST_SCO_NED_20171109,FRIENDLY,2017-11-09,SCO,NED,0,1,,,Friendly,Completed
HIST_SEN_UZB_20180323,FRIENDLY,2018-03-23,SEN,UZB,1,1,,,Friendly,Completed
HIST_BEL_KSA_20180327,FRIENDLY,2018-03-27,BEL,KSA,4,0,,,Friendly,Completed
HIST_ESP_ARG_20180327,FRIENDLY,2018-03-27,ESP,ARG,6,1,,,Friendly,Completed
HIST_IRN_UZB_20180519,FRIENDLY,2018-05-19,IRN,UZB,1,0,,,Friendly,Completed
HIST_POR_TUN_20180528,FRIENDLY,2018-05-28,POR,TUN,2,2,,,Friendly,Completed
HIST_POR_ALG_20180607,FRIENDLY,2018-06-07,POR,ALG,3,0,,,Friendly,Completed
HIST_BEL_TUN_20180623,WC18,2018-06-23,BEL,TUN,5,2,,,World Cup Knockout,Completed
HIST_JPN_SEN_20180624,WC18,2018-06-24,JPN,SEN,2,2,,,World Cup Knockout,Completed
HIST_MEX_URU_20180907,FRIENDLY,2018-09-07,MEX,URU,1,4,,,Friendly,Completed
HIST_NED_GER_20181013,OTHER_HIST,2018-10-13,NED,GER,3,0,,,UEFA Nations League,Completed
HIST_BRA_URU_20181116,FRIENDLY,2018-11-16,BRA,URU,1,0,,,Friendly,Completed
HIST_QAT_IRN_20181231,FRIENDLY,2018-12-31,QAT,IRN,1,2,,,Friendly,Completed
HIST_NED_GER_20190324,EURO2019,2019-03-24,NED,GER,2,3,,,UEFA Euro,Completed
HIST_TUR_FRA_20190608,EURO2019,2019-06-08,TUR,FRA,2,0,,,UEFA Euro,Completed
HIST_URU_ECU_20190616,CA2019,2019-06-16,URU,ECU,4,0,,,Copa America,Completed
HIST_RSA_MAR_20190701,OTHER_HIST,2019-07-01,RSA,MAR,0,1,,,African Cup of Nations,Completed
HIST_NOR_ESP_20191012,EURO2019,2019-10-12,NOR,ESP,1,1,,,UEFA Euro,Completed
HIST_FRA_TUR_20191014,EURO2019,2019-10-14,FRA,TUR,1,1,,,UEFA Euro,Completed
HIST_CAN_USA_20191015,OTHER_HIST,2019-10-15,CAN,USA,2,0,,,CONCACAF Nations League,Completed
HIST_GHA_RSA_20191114,OTHER_HIST,2019-11-14,GHA,RSA,2,0,,,African Cup of Nations qualification,Completed
HIST_KSA_PAR_20191119,FRIENDLY,2019-11-19,KSA,PAR,0,0,,,Friendly,Completed
HIST_JOR_IRQ_20201112,FRIENDLY,2020-11-12,JOR,IRQ,0,0,,,Friendly,Completed
HIST_SWE_CRO_20201114,OTHER_HIST,2020-11-14,SWE,CRO,2,1,,,UEFA Nations League,Completed
HIST_BEL_ENG_20201115,OTHER_HIST,2020-11-15,BEL,ENG,2,0,,,UEFA Nations League,Completed
HIST_FRA_SWE_20201117,OTHER_HIST,2020-11-17,FRA,SWE,4,2,,,UEFA Nations League,Completed
HIST_USA_JAM_20210325,FRIENDLY,2021-03-25,USA,JAM,4,1,,,Friendly,Completed
HIST_QAT_POR_20210904,FRIENDLY,2021-09-04,QAT,POR,1,3,,,Friendly,Completed
HIST_URU_ECU_20210909,OTHER_HIST,2021-09-09,URU,ECU,1,0,,,FIFA World Cup qualification,Completed
HIST_ITA_ESP_20211006,OTHER_HIST,2021-10-06,ITA,ESP,1,2,,,UEFA Nations League,Completed
HIST_URU_COL_20211007,OTHER_HIST,2021-10-07,URU,COL,0,0,,,FIFA World Cup qualification,Completed
HIST_IRQ_KOR_20211116,OTHER_HIST,2021-11-16,IRQ,KOR,0,3,,,FIFA World Cup qualification,Completed
HIST_CIV_EGY_20220126,OTHER_HIST,2022-01-26,CIV,EGY,0,0,3,4,African Cup of Nations,Completed
HIST_ENG_CIV_20220329,FRIENDLY,2022-03-29,ENG,CIV,3,0,,,Friendly,Completed
HIST_POR_SUI_20220605,OTHER_HIST,2022-06-05,POR,SUI,4,0,,,UEFA Nations League,Completed
HIST_MAR_RSA_20220609,OTHER_HIST,2022-06-09,MAR,RSA,2,1,,,African Cup of Nations qualification,Completed
HIST_POR_CZE_20220609,OTHER_HIST,2022-06-09,POR,CZE,2,0,,,UEFA Nations League,Completed
HIST_JPN_USA_20220923,OTHER_HIST,2022-09-23,JPN,USA,2,0,,,Kirin Challenge Cup,Completed
HIST_SEN_NED_20221121,WC22,2022-11-21,SEN,NED,0,2,,,World Cup Knockout,Completed
HIST_FRA_AUS_20221122,WC22,2022-11-22,FRA,AUS,4,1,,,World Cup Knockout,Completed
HIST_MAR_CRO_20221123,WC22,2022-11-23,MAR,CRO,0,0,,,World Cup Knockout,Completed
HIST_BEL_MAR_20221127,WC22,2022-11-27,BEL,MAR,0,2,,,World Cup Knockout,Completed
HIST_POR_URU_20221128,WC22,2022-11-28,POR,URU,2,0,,,World Cup Knockout,Completed
HIST_HAI_MEX_20230629,OTHER_HIST,2023-06-29,HAI,MEX,1,3,,,Gold Cup,Completed
HIST_PAN_QAT_20230708,OTHER_HIST,2023-07-08,PAN,QAT,4,0,,,Gold Cup,Completed
HIST_JAM_HAI_20230912,OTHER_HIST,2023-09-12,JAM,HAI,2,2,,,CONCACAF Nations League,Completed
HIST_EGY_TUN_20230912,FRIENDLY,2023-09-12,EGY,TUN,1,3,,,Friendly,Completed
HIST_AUS_NZL_20231017,OTHER_HIST,2023-10-17,AUS,NZL,2,0,,,Soccer Ashes,Completed
HIST_ENG_ITA_20231017,EURO2023,2023-10-17,ENG,ITA,3,1,,,UEFA Euro,Completed
HIST_UZB_IRN_20231121,OTHER_HIST,2023-11-21,UZB,IRN,2,2,,,FIFA World Cup qualification,Completed
HIST_KSA_KOR_20240130,OTHER_HIST,2024-01-30,KSA,KOR,1,1,3,4,AFC Asian Cup,Completed
HIST_NED_AUT_20240625,EURO2024,2024-06-25,NED,AUT,2,3,,,UEFA Euro,Completed
HIST_AUT_TUR_20240702,EURO2024,2024-07-02,AUT,TUR,1,2,,,UEFA Euro,Completed
HIST_MEX_USA_20241015,FRIENDLY,2024-10-15,MEX,USA,2,0,,,Friendly,Completed
HIST_URU_ECU_20241015,OTHER_HIST,2024-10-15,URU,ECU,0,0,,,FIFA World Cup qualification,Completed
HIST_CRO_POR_20241118,OTHER_HIST,2024-11-18,CRO,POR,1,1,,,UEFA Nations League,Completed
HIST_CRO_FRA_20250320,OTHER_HIST,2025-03-20,CRO,FRA,2,0,,,UEFA Nations League,Completed
HIST_CIV_NZL_20250607,OTHER_HIST,2025-06-07,CIV,NZL,0,1,,,Canadian Shield,Completed
HIST_MEX_JPN_20250906,FRIENDLY,2025-09-06,MEX,JPN,0,0,,,Friendly,Completed
HIST_KOR_PAR_20251014,FRIENDLY,2025-10-14,KOR,PAR,2,0,,,Friendly,Completed
HIST_CIV_KOR_20260328,FRIENDLY,2026-03-28,CIV,KOR,4,0,,,Friendly,Completed
HIST_SCO_JPN_20260328,FRIENDLY,2026-03-28,SCO,JPN,0,1,,,Friendly,Completed
HIST_BEL_TUN_20260606,FRIENDLY,2026-06-06,BEL,TUN,5,0,,,Friendly,Completed
HIST_SWE_ESP_20000603,FRIENDLY,2000-06-03,SWE,ESP,1,1,,,Friendly,Completed
HIST_AUS_PAR_20000615,FRIENDLY,2000-06-15,AUS,PAR,2,1,,,Friendly,Completed
HIST_FRA_POR_20000628,EURO2000,2000-06-28,FRA,POR,2,1,,,UEFA Euro,Completed
HIST_MEX_ECU_20000920,FRIENDLY,2000-09-20,MEX,ECU,2,0,,,Friendly,Completed
HIST_SCO_AUS_20001115,FRIENDLY,2000-11-15,SCO,AUS,0,2,,,Friendly,Completed
HIST_MEX_COL_20010131,FRIENDLY,2001-01-31,MEX,COL,2,3,,,Friendly,Completed
HIST_MAR_SEN_20010224,OTHER_HIST,2001-02-24,MAR,SEN,0,0,,,FIFA World Cup qualification,Completed
HIST_FRA_GER_20010227,FRIENDLY,2001-02-27,FRA,GER,1,0,,,Friendly,Completed
HIST_CRO_AUT_20010228,FRIENDLY,2001-02-28,CRO,AUT,1,0,,,Friendly,Completed
HIST_ITA_ARG_20010228,FRIENDLY,2001-02-28,ITA,ARG,1,2,,,Friendly,Completed
HIST_CAN_IRN_20010426,FRIENDLY,2001-04-26,CAN,IRN,1,0,,,Friendly,Completed
HIST_FRA_MEX_20010603,OTHER_HIST,2001-06-03,FRA,MEX,4,0,,,Confederations Cup,Completed
HIST_MEX_USA_20010701,OTHER_HIST,2001-07-01,MEX,USA,1,0,,,FIFA World Cup qualification,Completed
HIST_BRA_PAN_20010809,FRIENDLY,2001-08-09,BRA,PAN,5,0,,,Friendly,Completed
HIST_CZE_KOR_20010815,FRIENDLY,2001-08-15,CZE,KOR,5,0,,,Friendly,Completed
HIST_AUT_TUR_20011110,OTHER_HIST,2001-11-10,AUT,TUR,0,1,,,FIFA World Cup qualification,Completed
HIST_PAR_COL_20011114,OTHER_HIST,2001-11-14,PAR,COL,0,4,,,FIFA World Cup qualification,Completed
HIST_ALG_GHA_20011205,FRIENDLY,2001-12-05,ALG,GHA,1,1,,,Friendly,Completed
HIST_MEX_KOR_20020127,OTHER_HIST,2002-01-27,MEX,KOR,0,0,3,4,Gold Cup,Completed
HIST_USA_CAN_20020130,OTHER_HIST,2002-01-30,USA,CAN,0,0,4,3,Gold Cup,Completed
HIST_ITA_USA_20020213,FRIENDLY,2002-02-13,ITA,USA,1,0,,,Friendly,Completed
HIST_NED_ENG_20020213,FRIENDLY,2002-02-13,NED,ENG,1,1,,,Friendly,Completed
HIST_SWE_SUI_20020327,FRIENDLY,2002-03-27,SWE,SUI,1,1,,,Friendly,Completed
HIST_CZE_ITA_20020518,FRIENDLY,2002-05-18,CZE,ITA,1,0,,,Friendly,Completed
HIST_RSA_TUR_20020523,FRIENDLY,2002-05-23,RSA,TUR,2,0,,,Friendly,Completed
HIST_BRA_TUR_20020603,WC02,2002-06-03,BRA,TUR,2,1,,,World Cup Knockout,Completed
HIST_USA_POR_20020605,WC02,2002-06-05,USA,POR,3,2,,,World Cup Knockout,Completed
HIST_ECU_CRO_20020613,WC02,2002-06-13,ECU,CRO,1,0,,,World Cup Knockout,Completed
HIST_QAT_IRQ_20021120,FRIENDLY,2002-11-20,QAT,IRQ,2,1,,,Friendly,Completed
HIST_MEX_PAR_20030326,FRIENDLY,2003-03-26,MEX,PAR,1,1,,,Friendly,Completed
HIST_NED_CZE_20030329,EURO2003,2003-03-29,NED,CZE,1,1,,,UEFA Euro,Completed
HIST_ENG_CRO_20030820,FRIENDLY,2003-08-20,ENG,CRO,3,1,,,Friendly,Completed
HIST_ALG_QAT_20030904,FRIENDLY,2003-09-04,ALG,QAT,1,0,,,Friendly,Completed
HIST_JPN_SEN_20030910,FRIENDLY,2003-09-10,JPN,SEN,0,1,,,Friendly,Completed
HIST_NOR_POR_20030910,FRIENDLY,2003-09-10,NOR,POR,0,1,,,Friendly,Completed
HIST_JPN_KOR_20031210,OTHER_HIST,2003-12-10,JPN,KOR,0,0,,,EAFF Championship,Completed
HIST_SWE_ENG_20040331,FRIENDLY,2004-03-31,SWE,ENG,1,0,,,Friendly,Completed
HIST_ECU_COL_20040602,OTHER_HIST,2004-06-02,ECU,COL,2,1,,,FIFA World Cup qualification,Completed
HIST_ARG_PAR_20040606,OTHER_HIST,2004-06-06,ARG,PAR,0,0,,,FIFA World Cup qualification,Completed
HIST_PAR_URU_20040718,CA2004,2004-07-18,PAR,URU,1,3,,,Copa America,Completed
HIST_BRA_COL_20041013,OTHER_HIST,2004-10-13,BRA,COL,0,0,,,FIFA World Cup qualification,Completed
HIST_URU_PAR_20041117,OTHER_HIST,2004-11-17,URU,PAR,1,0,,,FIFA World Cup qualification,Completed
HIST_KOR_GER_20041219,FRIENDLY,2004-12-19,KOR,GER,3,1,,,Friendly,Completed
HIST_PAR_KOR_20050119,FRIENDLY,2005-01-19,PAR,KOR,1,1,,,Friendly,Completed
HIST_MEX_SWE_20050126,FRIENDLY,2005-01-26,MEX,SWE,0,0,,,Friendly,Completed
HIST_KSA_UZB_20050608,OTHER_HIST,2005-06-08,KSA,UZB,3,0,,,FIFA World Cup qualification,Completed
HIST_EGY_SEN_20051229,FRIENDLY,2005-12-29,EGY,SEN,4,2,,,Friendly,Completed
HIST_EGY_CIV_20060128,OTHER_HIST,2006-01-28,EGY,CIV,3,1,,,African Cup of Nations,Completed
HIST_USA_NOR_20060129,FRIENDLY,2006-01-29,USA,NOR,5,0,,,Friendly,Completed
HIST_USA_JAM_20060411,FRIENDLY,2006-04-11,USA,JAM,1,1,,,Friendly,Completed
HIST_NED_AUS_20060604,FRIENDLY,2006-06-04,NED,AUS,1,1,,,Friendly,Completed
HIST_SWE_ENG_20060620,WC06,2006-06-20,SWE,ENG,2,2,,,World Cup Knockout,Completed
HIST_ENG_POR_20060701,WC06,2006-07-01,ENG,POR,0,0,3,4,World Cup Knockout,Completed
HIST_CIV_SWE_20061115,FRIENDLY,2006-11-15,CIV,SWE,1,0,,,Friendly,Completed
HIST_JAM_PAN_20070326,FRIENDLY,2007-03-26,JAM,PAN,1,1,,,Friendly,Completed
HIST_ITA_SCO_20070328,EURO2007,2007-03-28,ITA,SCO,2,0,,,UEFA Euro,Completed
HIST_MEX_PAN_20070613,OTHER_HIST,2007-06-13,MEX,PAN,1,0,,,Gold Cup,Completed
HIST_CIV_EGY_20070822,FRIENDLY,2007-08-22,CIV,EGY,0,0,,,Friendly,Completed
HIST_SWE_USA_20070822,FRIENDLY,2007-08-22,SWE,USA,1,0,,,Friendly,Completed
HIST_AUT_JPN_20070907,FRIENDLY,2007-09-07,AUT,JPN,0,0,,,Friendly,Completed
HIST_MEX_PAN_20070909,FRIENDLY,2007-09-09,MEX,PAN,1,0,,,Friendly,Completed
HIST_ITA_RSA_20071017,FRIENDLY,2007-10-17,ITA,RSA,2,0,,,Friendly,Completed
HIST_BRA_URU_20071121,OTHER_HIST,2007-11-21,BRA,URU,2,1,,,FIFA World Cup qualification,Completed
HIST_ENG_SUI_20080206,FRIENDLY,2008-02-06,ENG,SUI,2,1,,,Friendly,Completed
HIST_FRA_ECU_20080527,FRIENDLY,2008-05-27,FRA,ECU,2,0,,,Friendly,Completed
HIST_CZE_SCO_20080530,FRIENDLY,2008-05-30,CZE,SCO,3,1,,,Friendly,Completed
HIST_HAI_CUW_20080615,OTHER_HIST,2008-06-15,HAI,CUW,0,0,,,FIFA World Cup qualification,Completed
HIST_COL_ECU_20080820,FRIENDLY,2008-08-20,COL,ECU,0,1,,,Friendly,Completed
HIST_QAT_UZB_20080906,OTHER_HIST,2008-09-06,QAT,UZB,3,0,,,FIFA World Cup qualification,Completed
HIST_MEX_JAM_20080906,OTHER_HIST,2008-09-06,MEX,JAM,3,0,,,FIFA World Cup qualification,Completed
HIST_BEL_ESP_20081015,OTHER_HIST,2008-10-15,BEL,ESP,1,2,,,FIFA World Cup qualification,Completed
HIST_ESP_ENG_20090211,FRIENDLY,2009-02-11,ESP,ENG,2,0,,,Friendly,Completed
HIST_UZB_QAT_20090328,OTHER_HIST,2009-03-28,UZB,QAT,4,0,,,FIFA World Cup qualification,Completed
HIST_ARG_COL_20090606,OTHER_HIST,2009-06-06,ARG,COL,1,0,,,FIFA World Cup qualification,Completed
HIST_JPN_QAT_20090610,OTHER_HIST,2009-06-10,JPN,QAT,1,1,,,FIFA World Cup qualification,Completed
HIST_EGY_ITA_20090618,OTHER_HIST,2009-06-18,EGY,ITA,1,0,,,Confederations Cup,Completed
HIST_EGY_USA_20090621,OTHER_HIST,2009-06-21,EGY,USA,0,3,,,Confederations Cup,Completed
HIST_ENG_CRO_20090909,OTHER_HIST,2009-09-09,ENG,CRO,5,1,,,FIFA World Cup qualification,Completed
HIST_CRO_QAT_20091008,FRIENDLY,2009-10-08,CRO,QAT,3,2,,,Friendly,Completed
HIST_EGY_ALG_20091114,OTHER_HIST,2009-11-14,EGY,ALG,2,0,,,FIFA World Cup qualification,Completed
HIST_ALG_EGY_20100128,OTHER_HIST,2010-01-28,ALG,EGY,0,4,,,African Cup of Nations,Completed
HIST_JPN_CIV_20100604,FRIENDLY,2010-06-04,JPN,CIV,0,2,,,Friendly,Completed
HIST_KOR_JPN_20101012,FRIENDLY,2010-10-12,KOR,JPN,0,0,,,Friendly,Completed
HIST_NED_TUR_20101117,FRIENDLY,2010-11-17,NED,TUR,1,0,,,Friendly,Completed
HIST_COL_ECU_20110326,FRIENDLY,2011-03-26,COL,ECU,2,0,,,Friendly,Completed
HIST_CAN_ECU_20110601,FRIENDLY,2011-06-01,CAN,ECU,2,2,,,Friendly,Completed
HIST_ENG_SUI_20110604,EURO2011,2011-06-04,ENG,SUI,2,2,,,UEFA Euro,Completed
HIST_USA_CAN_20110607,OTHER_HIST,2011-06-07,USA,CAN,2,0,,,Gold Cup,Completed
HIST_USA_PAN_20110622,OTHER_HIST,2011-06-22,USA,PAN,1,0,,,Gold Cup,Completed
HIST_URU_MEX_20110712,CA2011,2011-07-12,URU,MEX,1,0,,,Copa America,Completed
HIST_USA_MEX_20110810,FRIENDLY,2011-08-10,USA,MEX,1,1,,,Friendly,Completed
HIST_MEX_BRA_20111011,FRIENDLY,2011-10-11,MEX,BRA,1,2,,,Friendly,Completed
HIST_BRA_EGY_20111114,FRIENDLY,2011-11-14,BRA,EGY,2,0,,,Friendly,Completed
HIST_PAR_PAN_20120229,FRIENDLY,2012-02-29,PAR,PAN,1,0,,,Friendly,Completed
HIST_POR_NED_20120617,EURO2012,2012-06-17,POR,NED,2,1,,,UEFA Euro,Completed
HIST_ENG_ITA_20120815,FRIENDLY,2012-08-15,ENG,ITA,2,1,,,Friendly,Completed
HIST_URU_ECU_20120911,OTHER_HIST,2012-09-11,URU,ECU,1,1,,,FIFA World Cup qualification,Completed
HIST_IRQ_JOR_20121114,OTHER_HIST,2012-11-14,IRQ,JOR,1,0,,,FIFA World Cup qualification,Completed
HIST_NED_ITA_20130206,FRIENDLY,2013-02-06,NED,ITA,1,1,,,Friendly,Completed
HIST_CRO_SCO_20130607,OTHER_HIST,2013-06-07,CRO,SCO,0,1,,,FIFA World Cup qualification,Completed
HIST_JAM_USA_20130607,OTHER_HIST,2013-06-07,JAM,USA,1,2,,,FIFA World Cup qualification,Completed
HIST_ECU_ARG_20130611,OTHER_HIST,2013-06-11,ECU,ARG,1,1,,,FIFA World Cup qualification,Completed
HIST_ITA_HAI_20130611,FRIENDLY,2013-06-11,ITA,HAI,2,2,,,Friendly,Completed
HIST_KOR_IRN_20130618,OTHER_HIST,2013-06-18,KOR,IRN,0,1,,,FIFA World Cup qualification,Completed
HIST_BRA_URU_20130626,OTHER_HIST,2013-06-26,BRA,URU,2,1,,,Confederations Cup,Completed
HIST_KOR_AUS_20130720,OTHER_HIST,2013-07-20,KOR,AUS,0,0,,,EAFF Championship,Completed
HIST_SUI_BRA_20130814,FRIENDLY,2013-08-14,SUI,BRA,1,0,,,Friendly,Completed
HIST_PAR_ARG_20130910,OTHER_HIST,2013-09-10,PAR,ARG,2,5,,,FIFA World Cup qualification,Completed
HIST_AUS_CAN_20131015,FRIENDLY,2013-10-15,AUS,CAN,3,0,,,Friendly,Completed
HIST_SEN_CIV_20131116,OTHER_HIST,2013-11-16,SEN,CIV,1,1,,,FIFA World Cup qualification,Completed
HIST_JPN_NZL_20140305,FRIENDLY,2014-03-05,JPN,NZL,4,2,,,Friendly,Completed
HIST_AUS_RSA_20140526,FRIENDLY,2014-05-26,AUS,RSA,1,1,,,Friendly,Completed
HIST_CZE_AUT_20140603,FRIENDLY,2014-06-03,CZE,AUT,1,2,,,Friendly,Completed
HIST_KOR_ALG_20140622,WC14,2014-06-22,KOR,ALG,2,4,,,World Cup Knockout,Completed
HIST_AUT_SWE_20140908,EURO2014,2014-09-08,AUT,SWE,1,1,,,UEFA Euro,Completed
HIST_RSA_CIV_20141130,FRIENDLY,2014-11-30,RSA,CIV,2,0,,,Friendly,Completed
HIST_UZB_IRQ_20141228,FRIENDLY,2014-12-28,UZB,IRQ,0,0,,,Friendly,Completed
HIST_IRQ_JPN_20150116,OTHER_HIST,2015-01-16,IRQ,JPN,0,1,,,AFC Asian Cup,Completed
HIST_USA_PAN_20150208,FRIENDLY,2015-02-08,USA,PAN,2,0,,,Friendly,Completed
HIST_GER_AUS_20150325,FRIENDLY,2015-03-25,GER,AUS,2,2,,,Friendly,Completed
HIST_FRA_BRA_20150326,FRIENDLY,2015-03-26,FRA,BRA,1,3,,,Friendly,Completed
HIST_CRO_NOR_20150328,EURO2015,2015-03-28,CRO,NOR,5,1,,,UEFA Euro,Completed
HIST_KSA_JOR_20150330,FRIENDLY,2015-03-30,KSA,JOR,2,1,,,Friendly,Completed
HIST_ARG_COL_20150626,CA2015,2015-06-26,ARG,COL,0,0,4,3,Copa America,Completed
HIST_ARG_ECU_20151008,OTHER_HIST,2015-10-08,ARG,ECU,0,2,,,FIFA World Cup qualification,Completed
HIST_ECU_URU_20151112,OTHER_HIST,2015-11-12,ECU,URU,2,1,,,FIFA World Cup qualification,Completed
HIST_HAI_JAM_20151117,OTHER_HIST,2015-11-17,HAI,JAM,0,1,,,FIFA World Cup qualification,Completed
HIST_CZE_SCO_20160324,FRIENDLY,2016-03-24,CZE,SCO,0,1,,,Friendly,Completed
HIST_CZE_KOR_20160605,FRIENDLY,2016-06-05,CZE,KOR,1,2,,,Friendly,Completed
HIST_USA_PAR_20160611,CA2016,2016-06-11,USA,PAR,1,0,,,Copa America,Completed
HIST_ECU_HAI_20160612,CA2016,2016-06-12,ECU,HAI,4,0,,,Copa America,Completed
HIST_URU_JAM_20160613,CA2016,2016-06-13,URU,JAM,3,0,,,Copa America,Completed
HIST_CRO_POR_20160625,EURO2016,2016-06-25,CRO,POR,0,1,,,UEFA Euro,Completed
HIST_USA_COL_20160625,CA2016,2016-06-25,USA,COL,0,1,,,Copa America,Completed
HIST_JOR_QAT_20160818,FRIENDLY,2016-08-18,JOR,QAT,2,3,,,Friendly,Completed
HIST_IRN_KOR_20161011,OTHER_HIST,2016-10-11,IRN,KOR,1,0,,,FIFA World Cup qualification,Completed
HIST_RSA_GHA_20161011,FRIENDLY,2016-10-11,RSA,GHA,1,1,,,Friendly,Completed
HIST_KOR_UZB_20161115,OTHER_HIST,2016-11-15,KOR,UZB,2,1,,,FIFA World Cup qualification,Completed
HIST_MAR_CIV_20170124,OTHER_HIST,2017-01-24,MAR,CIV,1,0,,,African Cup of Nations,Completed
HIST_KSA_IRQ_20170328,OTHER_HIST,2017-03-28,KSA,IRQ,1,0,,,FIFA World Cup qualification,Completed
HIST_UZB_QAT_20170328,OTHER_HIST,2017-03-28,UZB,QAT,1,0,,,FIFA World Cup qualification,Completed
HIST_MEX_NZL_20170621,OTHER_HIST,2017-06-21,MEX,NZL,2,1,,,Confederations Cup,Completed
HIST_CPV_RSA_20170901,OTHER_HIST,2017-09-01,CPV,RSA,2,1,,,FIFA World Cup qualification,Completed
HIST_MEX_PAN_20170901,OTHER_HIST,2017-09-01,MEX,PAN,1,0,,,FIFA World Cup qualification,Completed
HIST_CAN_JAM_20170902,FRIENDLY,2017-09-02,CAN,JAM,2,0,,,Friendly,Completed
HIST_ENG_GER_20171110,FRIENDLY,2017-11-10,ENG,GER,0,0,,,Friendly,Completed
HIST_JAM_KOR_20180130,FRIENDLY,2018-01-30,JAM,KOR,2,2,,,Friendly,Completed
HIST_JPN_GHA_20180530,FRIENDLY,2018-05-30,JPN,GHA,0,2,,,Friendly,Completed
HIST_ESP_SUI_20180603,FRIENDLY,2018-06-03,ESP,SUI,1,1,,,Friendly,Completed
HIST_KOR_SEN_20180611,FRIENDLY,2018-06-11,KOR,SEN,0,2,,,Friendly,Completed
HIST_EGY_URU_20180615,WC18,2018-06-15,EGY,URU,0,1,,,World Cup Knockout,Completed
HIST_URU_POR_20180630,WC18,2018-06-30,URU,POR,2,1,,,World Cup Knockout,Completed
HIST_BEL_ENG_20180714,WC18,2018-07-14,BEL,ENG,2,0,,,World Cup Knockout,Completed
HIST_CZE_BRA_20190326,FRIENDLY,2019-03-26,CZE,BRA,1,3,,,Friendly,Completed
HIST_MAR_ARG_20190326,FRIENDLY,2019-03-26,MAR,ARG,0,1,,,Friendly,Completed
HIST_ARG_COL_20190615,CA2019,2019-06-15,ARG,COL,0,2,,,Copa America,Completed
HIST_JAM_PAN_20190630,OTHER_HIST,2019-06-30,JAM,PAN,1,0,,,Gold Cup,Completed
HIST_USA_JAM_20190703,OTHER_HIST,2019-07-03,USA,JAM,3,1,,,Gold Cup,Completed
HIST_USA_MEX_20190707,OTHER_HIST,2019-07-07,USA,MEX,0,1,,,Gold Cup,Completed
HIST_CZE_ENG_20191011,EURO2019,2019-10-11,CZE,ENG,2,1,,,UEFA Euro,Completed
HIST_FRA_CRO_20200908,OTHER_HIST,2020-09-08,FRA,CRO,4,2,,,UEFA Nations League,Completed
HIST_BEL_CIV_20201008,FRIENDLY,2020-10-08,BEL,CIV,1,1,,,Friendly,Completed
HIST_MEX_ALG_20201013,FRIENDLY,2020-10-13,MEX,ALG,2,2,,,Friendly,Completed
HIST_MEX_KOR_20201114,FRIENDLY,2020-11-14,MEX,KOR,3,2,,,Friendly,Completed
HIST_COL_ECU_20210613,CA2021,2021-06-13,COL,ECU,1,0,,,Copa America,Completed
HIST_KSA_UZB_20210615,OTHER_HIST,2021-06-15,KSA,UZB,3,0,,,FIFA World Cup qualification,Completed
HIST_HAI_CAN_20210715,OTHER_HIST,2021-07-15,HAI,CAN,1,4,,,Gold Cup,Completed
HIST_KOR_IRQ_20210902,OTHER_HIST,2021-09-02,KOR,IRQ,0,0,,,FIFA World Cup qualification,Completed
HIST_IRN_KOR_20211012,OTHER_HIST,2021-10-12,IRN,KOR,1,1,,,FIFA World Cup qualification,Completed
HIST_JOR_UZB_20211012,FRIENDLY,2021-10-12,JOR,UZB,3,0,,,Friendly,Completed
HIST_ITA_SUI_20211112,OTHER_HIST,2021-11-12,ITA,SUI,1,1,,,FIFA World Cup qualification,Completed
HIST_COL_PAR_20211116,OTHER_HIST,2021-11-16,COL,PAR,0,0,,,FIFA World Cup qualification,Completed
HIST_JAM_MEX_20220127,OTHER_HIST,2022-01-27,JAM,MEX,1,2,,,FIFA World Cup qualification,Completed
HIST_ARG_COL_20220201,OTHER_HIST,2022-02-01,ARG,COL,1,0,,,FIFA World Cup qualification,Completed
HIST_MEX_USA_20220324,OTHER_HIST,2022-03-24,MEX,USA,0,0,,,FIFA World Cup qualification,Completed
HIST_FRA_RSA_20220329,FRIENDLY,2022-03-29,FRA,RSA,5,0,,,Friendly,Completed
HIST_IRN_ALG_20220612,FRIENDLY,2022-06-12,IRN,ALG,1,2,,,Friendly,Completed
HIST_MEX_PAR_20220831,FRIENDLY,2022-08-31,MEX,PAR,0,1,,,Friendly,Completed
HIST_AUS_NZL_20220922,FRIENDLY,2022-09-22,AUS,NZL,1,0,,,Friendly,Completed
HIST_BRA_GHA_20220923,FRIENDLY,2022-09-23,BRA,GHA,3,0,,,Friendly,Completed
HIST_SUI_CZE_20220927,OTHER_HIST,2022-09-27,SUI,CZE,2,1,,,UEFA Nations League,Completed
HIST_SUI_GHA_20221117,FRIENDLY,2022-11-17,SUI,GHA,0,2,,,Friendly,Completed
HIST_BEL_CAN_20221123,WC22,2022-11-23,BEL,CAN,1,0,,,World Cup Knockout,Completed
HIST_GHA_URU_20221202,WC22,2022-12-02,GHA,URU,0,2,,,World Cup Knockout,Completed
HIST_MEX_UZB_20230912,FRIENDLY,2023-09-12,MEX,UZB,3,3,,,Friendly,Completed
HIST_IRQ_QAT_20231013,FRIENDLY,2023-10-13,IRQ,QAT,0,0,3,4,Friendly,Completed
HIST_TUN_CPV_20240110,FRIENDLY,2024-01-10,TUN,CPV,2,0,,,Friendly,Completed
HIST_CPV_EGY_20240122,OTHER_HIST,2024-01-22,CPV,EGY,2,2,,,African Cup of Nations,Completed
HIST_RSA_TUN_20240124,OTHER_HIST,2024-01-24,RSA,TUN,0,0,,,African Cup of Nations,Completed
HIST_NED_SCO_20240322,FRIENDLY,2024-03-22,NED,SCO,4,0,,,Friendly,Completed
HIST_FRA_BEL_20240701,EURO2024,2024-07-01,FRA,BEL,1,0,,,UEFA Euro,Completed
HIST_BEL_FRA_20241014,OTHER_HIST,2024-10-14,BEL,FRA,1,2,,,UEFA Nations League,Completed
HIST_GER_NED_20241014,OTHER_HIST,2024-10-14,GER,NED,1,0,,,UEFA Nations League,Completed
HIST_CAN_PAN_20241015,FRIENDLY,2024-10-15,CAN,PAN,2,1,,,Friendly,Completed
HIST_UZB_JOR_20250122,FRIENDLY,2025-01-22,UZB,JOR,0,0,,,Friendly,Completed
HIST_COL_PAR_20250325,OTHER_HIST,2025-03-25,COL,PAR,2,2,,,FIFA World Cup qualification,Completed
HIST_ARG_COL_20250610,OTHER_HIST,2025-06-10,ARG,COL,1,1,,,FIFA World Cup qualification,Completed
HIST_HAI_CUW_20250610,OTHER_HIST,2025-06-10,HAI,CUW,1,5,,,FIFA World Cup qualification,Completed
HIST_JPN_BRA_20251014,OTHER_HIST,2025-10-14,JPN,BRA,3,2,,,Kirin Cup,Completed
HIST_CAN_COL_20251014,FRIENDLY,2025-10-14,CAN,COL,0,0,,,Friendly,Completed
HIST_BRA_PAN_20260531,FRIENDLY,2026-05-31,BRA,PAN,6,2,,,Friendly,Completed
WC26_A1,WC26,2026-06-11,MEX,RSA,,,,,Group,Scheduled
WC26_A2,WC26,2026-06-11,KOR,CZE,,,,,Group,Scheduled
WC26_A3,WC26,2026-06-17,MEX,KOR,,,,,Group,Scheduled
WC26_A4,WC26,2026-06-17,RSA,CZE,,,,,Group,Scheduled
WC26_A5,WC26,2026-06-23,MEX,CZE,,,,,Group,Scheduled
WC26_A6,WC26,2026-06-23,RSA,KOR,,,,,Group,Scheduled
WC26_B1,WC26,2026-06-11,CAN,ITA,,,,,Group,Scheduled
WC26_B2,WC26,2026-06-11,QAT,SUI,,,,,Group,Scheduled
WC26_B3,WC26,2026-06-17,CAN,QAT,,,,,Group,Scheduled
WC26_B4,WC26,2026-06-17,ITA,SUI,,,,,Group,Scheduled
WC26_B5,WC26,2026-06-23,CAN,SUI,,,,,Group,Scheduled
WC26_B6,WC26,2026-06-23,ITA,QAT,,,,,Group,Scheduled
WC26_C1,WC26,2026-06-11,BRA,MAR,,,,,Group,Scheduled
WC26_C2,WC26,2026-06-11,HAI,SCO,,,,,Group,Scheduled
WC26_C3,WC26,2026-06-17,BRA,HAI,,,,,Group,Scheduled
WC26_C4,WC26,2026-06-17,MAR,SCO,,,,,Group,Scheduled
WC26_C5,WC26,2026-06-23,BRA,SCO,,,,,Group,Scheduled
WC26_C6,WC26,2026-06-23,MAR,HAI,,,,,Group,Scheduled
WC26_D1,WC26,2026-06-12,USA,PAR,,,,,Group,Scheduled
WC26_D2,WC26,2026-06-12,AUS,TUR,,,,,Group,Scheduled
WC26_D3,WC26,2026-06-18,USA,AUS,,,,,Group,Scheduled
WC26_D4,WC26,2026-06-18,PAR,TUR,,,,,Group,Scheduled
WC26_D5,WC26,2026-06-24,USA,TUR,,,,,Group,Scheduled
WC26_D6,WC26,2026-06-24,PAR,AUS,,,,,Group,Scheduled
WC26_E1,WC26,2026-06-12,GER,CUW,,,,,Group,Scheduled
WC26_E2,WC26,2026-06-12,CIV,ECU,,,,,Group,Scheduled
WC26_E3,WC26,2026-06-18,GER,CIV,,,,,Group,Scheduled
WC26_E4,WC26,2026-06-18,CUW,ECU,,,,,Group,Scheduled
WC26_E5,WC26,2026-06-24,GER,ECU,,,,,Group,Scheduled
WC26_E6,WC26,2026-06-24,CUW,CIV,,,,,Group,Scheduled
WC26_F1,WC26,2026-06-12,NED,JPN,,,,,Group,Scheduled
WC26_F2,WC26,2026-06-12,SWE,TUN,,,,,Group,Scheduled
WC26_F3,WC26,2026-06-18,NED,SWE,,,,,Group,Scheduled
WC26_F4,WC26,2026-06-18,JPN,TUN,,,,,Group,Scheduled
WC26_F5,WC26,2026-06-24,NED,TUN,,,,,Group,Scheduled
WC26_F6,WC26,2026-06-24,JPN,SWE,,,,,Group,Scheduled
WC26_G1,WC26,2026-06-13,BEL,EGY,,,,,Group,Scheduled
WC26_G2,WC26,2026-06-13,IRN,NZL,,,,,Group,Scheduled
WC26_G3,WC26,2026-06-19,BEL,IRN,,,,,Group,Scheduled
WC26_G4,WC26,2026-06-19,EGY,NZL,,,,,Group,Scheduled
WC26_G5,WC26,2026-06-25,BEL,NZL,,,,,Group,Scheduled
WC26_G6,WC26,2026-06-25,EGY,IRN,,,,,Group,Scheduled
WC26_H1,WC26,2026-06-13,ESP,CPV,,,,,Group,Scheduled
WC26_H2,WC26,2026-06-13,KSA,URU,,,,,Group,Scheduled
WC26_H3,WC26,2026-06-19,ESP,KSA,,,,,Group,Scheduled
WC26_H4,WC26,2026-06-19,CPV,URU,,,,,Group,Scheduled
WC26_H5,WC26,2026-06-25,ESP,URU,,,,,Group,Scheduled
WC26_H6,WC26,2026-06-25,CPV,KSA,,,,,Group,Scheduled
WC26_I1,WC26,2026-06-13,FRA,SEN,,,,,Group,Scheduled
WC26_I2,WC26,2026-06-13,IRQ,NOR,,,,,Group,Scheduled
WC26_I3,WC26,2026-06-19,FRA,IRQ,,,,,Group,Scheduled
WC26_I4,WC26,2026-06-19,SEN,NOR,,,,,Group,Scheduled
WC26_I5,WC26,2026-06-25,FRA,NOR,,,,,Group,Scheduled
WC26_I6,WC26,2026-06-25,SEN,IRQ,,,,,Group,Scheduled
WC26_J1,WC26,2026-06-14,ARG,ALG,,,,,Group,Scheduled
WC26_J2,WC26,2026-06-14,AUT,JOR,,,,,Group,Scheduled
WC26_J3,WC26,2026-06-20,ARG,AUT,,,,,Group,Scheduled
WC26_J4,WC26,2026-06-20,ALG,JOR,,,,,Group,Scheduled
WC26_J5,WC26,2026-06-26,ARG,JOR,,,,,Group,Scheduled
WC26_J6,WC26,2026-06-26,ALG,AUT,,,,,Group,Scheduled
WC26_K1,WC26,2026-06-14,POR,JAM,,,,,Group,Scheduled
WC26_K2,WC26,2026-06-14,UZB,COL,,,,,Group,Scheduled
WC26_K3,WC26,2026-06-20,POR,UZB,,,,,Group,Scheduled
WC26_K4,WC26,2026-06-20,JAM,COL,,,,,Group,Scheduled
WC26_K5,WC26,2026-06-26,POR,COL,,,,,Group,Scheduled
WC26_K6,WC26,2026-06-26,JAM,UZB,,,,,Group,Scheduled
WC26_L1,WC26,2026-06-14,ENG,CRO,,,,,Group,Scheduled
WC26_L2,WC26,2026-06-14,GHA,PAN,,,,,Group,Scheduled
WC26_L3,WC26,2026-06-20,ENG,GHA,,,,,Group,Scheduled
WC26_L4,WC26,2026-06-20,CRO,PAN,,,,,Group,Scheduled
WC26_L5,WC26,2026-06-26,ENG,PAN,,,,,Group,Scheduled
WC26_L6,WC26,2026-06-26,CRO,GHA,,,,,Group,Scheduled
