match_id,team_id,goals,possession,shots,shots_on_target,corners,fouls,yellow_cards,red_cards,expected_goals
HIST_NZL_KOR_20000123,NZL,0,0.5,12,4,4,12,1,0,0.0
HIST_USA_HAI_20000212,USA,3,0.5,12,4,4,12,1,0,3.0
HIST_AUT_SWE_20000329,AUT,1,0.5,12,4,4,12,1,0,1.0
HIST_AUT_CRO_20000426,CRO,2,0.5,12,4,4,12,1,0,2.0
HIST_NED_SCO_20000426,SCO,0,0.5,12,4,4,12,1,0,0.0
HIST_PAR_URU_20000426,PAR,1,0.5,12,4,4,12,1,0,1.0
HIST_PAR_URU_20000426,URU,0,0.5,12,4,4,12,1,0,0.0
HIST_CPV_SEN_20000514,CPV,1,0.5,12,4,4,12,1,0,1.0
HIST_ENG_BRA_20000527,BRA,1,0.5,12,4,4,12,1,0,1.0
HIST_JOR_IRQ_20000602,IRQ,4,0.5,12,4,4,12,1,0,4.0
HIST_NOR_ITA_20000603,ITA,0,0.5,12,4,4,12,1,0,0.0
HIST_MAR_FRA_20000606,FRA,5,0.5,12,4,4,12,1,0,5.0
HIST_IRN_EGY_20000607,EGY,1,0.5,12,4,4,12,1,0,1.0
HIST_TUN_SEN_20000611,TUN,4,0.5,12,4,4,12,1,0,4.0
HIST_BEL_ITA_20000614,BEL,0,0.5,12,4,4,12,1,0,0.0
HIST_ALG_SEN_20000616,ALG,1,0.5,12,4,4,12,1,0,1.0
HIST_ENG_GER_20000617,ENG,1,0.5,12,4,4,12,1,0,1.0
HIST_TUN_ALG_20000628,ALG,2,0.5,12,4,4,12,1,0,2.0
HIST_AUT_IRN_20000901,IRN,1,0.5,12,4,4,12,1,0,1.0
HIST_ENG_GER_20001007,GER,1,0.5,12,4,4,12,1,0,1.0
HIST_ARG_URU_20001008,ARG,2,0.5,12,4,4,12,1,0,2.0
HIST_AUT_ESP_20001011,AUT,1,0.5,12,4,4,12,1,0,1.0
HIST_QAT_UZB_20001014,QAT,1,0.5,12,4,4,12,1,0,1.0
HIST_JPN_QAT_20001020,QAT,1,0.5,12,4,4,12,1,0,1.0
HIST_KOR_KSA_20001026,KSA,2,0.5,12,4,4,12,1,0,2.0
HIST_TUN_MAR_20010113,MAR,1,0.5,12,4,4,12,1,0,1.0
HIST_EGY_MAR_20010128,MAR,0,0.5,12,4,4,12,1,0,0.0
HIST_ITA_ARG_20010228,ITA,1,0.5,12,4,4,12,1,0,1.0
HIST_ITA_ARG_20010228,ARG,2,0.5,12,4,4,12,1,0,2.0
HIST_POR_NED_20010328,POR,2,0.5,12,4,4,12,1,0,2.0
HIST_UZB_JOR_20010427,JOR,2,0.5,12,4,4,12,1,0,2.0
HIST_TUN_CIV_20010520,TUN,1,0.5,12,4,4,12,1,0,1.0
HIST_MEX_AUS_20010530,AUS,2,0.5,12,4,4,12,1,0,2.0
HIST_NZL_AUS_20010620,AUS,2,0.5,12,4,4,12,1,0,2.0
HIST_MEX_USA_20010701,MEX,1,0.5,12,4,4,12,1,0,1.0
HIST_ALG_EGY_20010721,ALG,1,0.5,12,4,4,12,1,0,1.0
HIST_QAT_IRN_20010801,QAT,2,0.5,12,4,4,12,1,0,2.0
HIST_KSA_QAT_20010805,KSA,1,0.5,12,4,4,12,1,0,1.0
HIST_ECU_ARG_20010815,ARG,2,0.5,12,4,4,12,1,0,2.0
HIST_ENG_NED_20010815,NED,2,0.5,12,4,4,12,1,0,2.0
HIST_JAM_MEX_20010902,JAM,1,0.5,12,4,4,12,1,0,1.0
HIST_COL_ECU_20010905,COL,0,0.5,12,4,4,12,1,0,0.0
HIST_JPN_SEN_20011004,SEN,2,0.5,12,4,4,12,1,0,2.0
HIST_FRA_ALG_20011006,ALG,1,0.5,12,4,4,12,1,0,1.0
HIST_URU_COL_20011007,URU,1,0.5,12,4,4,12,1,0,1.0
HIST_ECU_URU_20011107,ECU,1,0.5,12,4,4,12,1,0,1.0
HIST_KOR_SEN_20011108,SEN,1,0.5,12,4,4,12,1,0,1.0
HIST_AUT_TUR_20011110,AUT,0,0.5,12,4,4,12,1,0,0.0
HIST_CZE_BEL_20011114,BEL,1,0.5,12,4,4,12,1,0,1.0
HIST_ALG_GHA_20011205,GHA,1,0.5,12,4,4,12,1,0,1.0
HIST_USA_KOR_20020119,KOR,1,0.5,12,4,4,12,1,0,1.0
HIST_CAN_ECU_20020122,ECU,2,0.5,12,4,4,12,1,0,2.0
HIST_TUN_KOR_20020313,KOR,0,0.5,12,4,4,12,1,0,0.0
HIST_KOR_TUR_20020326,TUR,0,0.5,12,4,4,12,1,0,0.0
HIST_NED_ESP_20020327,ESP,0,0.5,12,4,4,12,1,0,0.0
HIST_NOR_SWE_20020417,NOR,0,0.5,12,4,4,12,1,0,0.0
HIST_MEX_COL_20020512,COL,1,0.5,12,4,4,12,1,0,1.0
HIST_USA_NED_20020519,USA,0,0.5,12,4,4,12,1,0,0.0
HIST_RSA_TUR_20020523,TUR,0,0.5,12,4,4,12,1,0,0.0
HIST_KOR_FRA_20020526,FRA,3,0.5,12,4,4,12,1,0,3.0
HIST_ITA_CRO_20020608,ITA,1,0.5,12,4,4,12,1,0,1.0
HIST_BRA_BEL_20020617,BRA,2,0.5,12,4,4,12,1,0,2.0
HIST_ENG_BRA_20020621,ENG,1,0.5,12,4,4,12,1,0,1.0
HIST_JOR_IRQ_20020907,JOR,2,0.5,12,4,4,12,1,0,2.0
HIST_IRN_PAR_20020919,PAR,1,0.5,12,4,4,12,1,0,1.0
HIST_MEX_PAR_20030326,PAR,1,0.5,12,4,4,12,1,0,1.0
HIST_NED_CZE_20030329,NED,1,0.5,12,4,4,12,1,0,1.0
HIST_NED_POR_20030430,NED,1,0.5,12,4,4,12,1,0,1.0
HIST_RSA_JAM_20030430,RSA,0,0.5,12,4,4,12,1,0,0.0
HIST_RSA_JAM_20030430,JAM,0,0.5,12,4,4,12,1,0,0.0
HIST_USA_MEX_20030508,MEX,0,0.5,12,4,4,12,1,0,0.0
HIST_TUR_USA_20030619,USA,1,0.5,12,4,4,12,1,0,1.0
HIST_FRA_JPN_20030620,FRA,2,0.5,12,4,4,12,1,0,2.0
HIST_JAM_COL_20030713,JAM,0,0.5,12,4,4,12,1,0,0.0
HIST_ARG_URU_20030820,ARG,3,0.5,12,4,4,12,1,0,3.0
HIST_JOR_IRQ_20030826,JOR,2,0.5,12,4,4,12,1,0,2.0
HIST_AUS_JAM_20030907,AUS,2,0.5,12,4,4,12,1,0,2.0
HIST_JPN_SEN_20030910,JPN,0,0.5,12,4,4,12,1,0,0.0
HIST_JOR_IRN_20030926,JOR,3,0.5,12,4,4,12,1,0,3.0
HIST_EGY_RSA_20031115,EGY,2,0.5,12,4,4,12,1,0,2.0
HIST_GER_FRA_20031115,GER,0,0.5,12,4,4,12,1,0,0.0
HIST_SWE_NOR_20040122,SWE,0,0.5,12,4,4,12,1,0,0.0
HIST_JPN_IRQ_20040212,JPN,2,0.5,12,4,4,12,1,0,2.0
HIST_JPN_IRQ_20040212,IRQ,0,0.5,12,4,4,12,1,0,0.0
HIST_MAR_SUI_20040218,MAR,2,0.5,12,4,4,12,1,0,2.0
HIST_MEX_ECU_20040310,MEX,2,0.5,12,4,4,12,1,0,2.0
HIST_JOR_QAT_20040331,JOR,1,0.5,12,4,4,12,1,0,1.0
HIST_AUS_TUR_20040524,AUS,0,0.5,12,4,4,12,1,0,0.0
HIST_ALG_JOR_20040530,JOR,1,0.5,12,4,4,12,1,0,1.0
HIST_RSA_CPV_20040605,RSA,2,0.5,12,4,4,12,1,0,2.0
HIST_ENG_SUI_20040617,SUI,0,0.5,12,4,4,12,1,0,0.0
HIST_ARG_COL_20040627,ARG,0,0.5,12,4,4,12,1,0,0.0
HIST_BRA_PAR_20040714,PAR,2,0.5,12,4,4,12,1,0,2.0
HIST_COL_URU_20040724,COL,1,0.5,12,4,4,12,1,0,1.0
HIST_AUT_ENG_20040904,AUT,2,0.5,12,4,4,12,1,0,2.0
HIST_ITA_NOR_20040904,NOR,1,0.5,12,4,4,12,1,0,1.0
HIST_IRN_GER_20041009,GER,2,0.5,12,4,4,12,1,0,2.0
HIST_QAT_IRN_20041013,IRN,3,0.5,12,4,4,12,1,0,3.0
HIST_AUS_NOR_20041116,AUS,2,0.5,12,4,4,12,1,0,2.0
HIST_COL_KOR_20050115,COL,2,0.5,12,4,4,12,1,0,2.0
HIST_ENG_NED_20050209,ENG,0,0.5,12,4,4,12,1,0,0.0
HIST_PAN_MEX_20050330,MEX,1,0.5,12,4,4,12,1,0,1.0
HIST_JOR_IRQ_20050608,JOR,0,0.5,12,4,4,12,1,0,0.0
HIST_KSA_UZB_20050608,KSA,3,0.5,12,4,4,12,1,0,3.0
HIST_GER_ARG_20050621,GER,2,0.5,12,4,4,12,1,0,2.0
HIST_MEX_ARG_20050626,ARG,1,0.5,12,4,4,12,1,0,1.0
HIST_GER_MEX_20050629,GER,4,0.5,12,4,4,12,1,0,4.0
HIST_USA_CAN_20050709,CAN,0,0.5,12,4,4,12,1,0,0.0
HIST_NED_GER_20050817,NED,2,0.5,12,4,4,12,1,0,2.0
HIST_SCO_ITA_20050903,ITA,1,0.5,12,4,4,12,1,0,1.0
HIST_ESP_CAN_20050903,CAN,1,0.5,12,4,4,12,1,0,1.0
HIST_NOR_SCO_20050907,NOR,1,0.5,12,4,4,12,1,0,1.0
HIST_ENG_ARG_20051112,ENG,3,0.5,12,4,4,12,1,0,3.0
HIST_KOR_CRO_20060129,CRO,0,0.5,12,4,4,12,1,0,0.0
HIST_MEX_KOR_20060215,KOR,1,0.5,12,4,4,12,1,0,1.0
HIST_ARG_CRO_20060301,ARG,2,0.5,12,4,4,12,1,0,2.0
HIST_AUT_CAN_20060301,AUT,0,0.5,12,4,4,12,1,0,0.0
HIST_USA_JAM_20060411,USA,1,0.5,12,4,4,12,1,0,1.0
HIST_POR_CPV_20060527,POR,4,0.5,12,4,4,12,1,0,4.0
HIST_SUI_CIV_20060527,SUI,1,0.5,12,4,4,12,1,0,1.0
HIST_ARG_CIV_20060610,CIV,1,0.5,12,4,4,12,1,0,1.0
HIST_MEX_IRN_20060611,MEX,3,0.5,12,4,4,12,1,0,3.0
HIST_BRA_CRO_20060613,CRO,0,0.5,12,4,4,12,1,0,0.0
HIST_FRA_KOR_20060618,KOR,1,0.5,12,4,4,12,1,0,1.0
HIST_NED_ARG_20060621,ARG,0,0.5,12,4,4,12,1,0,0.0
HIST_FRA_ITA_20060906,FRA,3,0.5,12,4,4,12,1,0,3.0
HIST_AUS_GHA_20061114,AUS,1,0.5,12,4,4,12,1,0,1.0
HIST_ECU_SWE_20070121,SWE,1,0.5,12,4,4,12,1,0,1.0
HIST_BEL_CZE_20070207,BEL,0,0.5,12,4,4,12,1,0,0.0
HIST_HAI_PAN_20070324,PAN,0,0.5,12,4,4,12,1,0,0.0
HIST_JOR_IRQ_20070612,IRQ,0,0.5,12,4,4,12,1,0,0.0
HIST_IRN_UZB_20070711,IRN,2,0.5,12,4,4,12,1,0,2.0
HIST_KSA_UZB_20070722,UZB,1,0.5,12,4,4,12,1,0,1.0
HIST_KOR_JPN_20070728,KOR,0,0.5,12,4,4,12,1,0,0.0
HIST_NOR_ARG_20070822,ARG,1,0.5,12,4,4,12,1,0,1.0
HIST_ITA_FRA_20070908,ITA,0,0.5,12,4,4,12,1,0,0.0
HIST_MEX_PAN_20070909,MEX,1,0.5,12,4,4,12,1,0,1.0
HIST_AUS_ARG_20070911,ARG,1,0.5,12,4,4,12,1,0,1.0
HIST_ITA_RSA_20071017,RSA,0,0.5,12,4,4,12,1,0,0.0
HIST_JPN_EGY_20071017,JPN,4,0.5,12,4,4,12,1,0,4.0
HIST_PAR_ECU_20071117,ECU,1,0.5,12,4,4,12,1,0,1.0
HIST_ESP_SWE_20071117,SWE,0,0.5,12,4,4,12,1,0,0.0
HIST_AUT_TUN_20071121,AUT,0,0.5,12,4,4,12,1,0,0.0
HIST_BRA_URU_20071121,BRA,2,0.5,12,4,4,12,1,0,2.0
HIST_ESP_FRA_20080206,FRA,0,0.5,12,4,4,12,1,0,0.0
HIST_CIV_PAR_20080522,PAR,1,0.5,12,4,4,12,1,0,1.0
HIST_JPN_CIV_20080524,CIV,0,0.5,12,4,4,12,1,0,0.0
HIST_IRQ_AUS_20080607,IRQ,1,0.5,12,4,4,12,1,0,1.0
HIST_CZE_POR_20080611,POR,3,0.5,12,4,4,12,1,0,3.0
HIST_ENG_CZE_20080820,CZE,2,0.5,12,4,4,12,1,0,2.0
HIST_ALG_SEN_20080905,SEN,2,0.5,12,4,4,12,1,0,2.0
HIST_URU_ECU_20080910,URU,0,0.5,12,4,4,12,1,0,0.0
HIST_KOR_UZB_20081011,KOR,3,0.5,12,4,4,12,1,0,3.0
HIST_SWE_POR_20081011,POR,0,0.5,12,4,4,12,1,0,0.0
HIST_BEL_ESP_20081015,ESP,2,0.5,12,4,4,12,1,0,2.0
HIST_FRA_URU_20081119,URU,0,0.5,12,4,4,12,1,0,0.0
HIST_GER_NOR_20090211,NOR,1,0.5,12,4,4,12,1,0,1.0
HIST_POR_RSA_20090331,POR,2,0.5,12,4,4,12,1,0,2.0
HIST_IRN_SEN_20090401,IRN,1,0.5,12,4,4,12,1,0,1.0
HIST_TUR_ESP_20090401,ESP,2,0.5,12,4,4,12,1,0,2.0
HIST_ECU_PAR_20090401,ECU,1,0.5,12,4,4,12,1,0,1.0
HIST_ARG_PAN_20090520,PAN,1,0.5,12,4,4,12,1,0,1.0
HIST_ARG_COL_20090606,ARG,1,0.5,12,4,4,12,1,0,1.0
HIST_QAT_AUS_20090606,QAT,0,0.5,12,4,4,12,1,0,0.0
HIST_JPN_QAT_20090610,JPN,1,0.5,12,4,4,12,1,0,1.0
HIST_KOR_IRN_20090617,KOR,1,0.5,12,4,4,12,1,0,1.0
HIST_EGY_USA_20090621,EGY,0,0.5,12,4,4,12,1,0,0.0
HIST_CAN_JAM_20090703,CAN,1,0.5,12,4,4,12,1,0,1.0
HIST_USA_MEX_20090726,USA,0,0.5,12,4,4,12,1,0,0.0
HIST_ARG_GHA_20090930,ARG,2,0.5,12,4,4,12,1,0,2.0
HIST_SUI_NOR_20091114,NOR,1,0.5,12,4,4,12,1,0,1.0
HIST_AUT_ESP_20091118,ESP,5,0.5,12,4,4,12,1,0,5.0
HIST_ITA_SWE_20091118,ITA,1,0.5,12,4,4,12,1,0,1.0
HIST_JAM_CAN_20100131,CAN,0,0.5,12,4,4,12,1,0,0.0
HIST_SCO_CZE_20100303,CZE,0,0.5,12,4,4,12,1,0,0.0
HIST_PAR_RSA_20100331,PAR,1,0.5,12,4,4,12,1,0,1.0
HIST_TUN_FRA_20100530,TUN,1,0.5,12,4,4,12,1,0,1.0
HIST_ITA_PAR_20100614,PAR,1,0.5,12,4,4,12,1,0,1.0
HIST_NED_JPN_20100619,JPN,0,0.5,12,4,4,12,1,0,0.0
HIST_USA_BRA_20100810,BRA,2,0.5,12,4,4,12,1,0,2.0
HIST_MEX_ESP_20100811,MEX,1,0.5,12,4,4,12,1,0,1.0
HIST_RSA_GHA_20100811,GHA,0,0.5,12,4,4,12,1,0,0.0
HIST_JOR_IRQ_20100916,IRQ,1,0.5,12,4,4,12,1,0,1.0
HIST_IRN_BRA_20101007,IRN,0,0.5,12,4,4,12,1,0,0.0
HIST_IRN_BRA_20101007,BRA,3,0.5,12,4,4,12,1,0,3.0
HIST_QAT_IRQ_20101012,IRQ,2,0.5,12,4,4,12,1,0,2.0
HIST_ARG_BRA_20101117,BRA,0,0.5,12,4,4,12,1,0,0.0
HIST_POR_ESP_20101117,ESP,0,0.5,12,4,4,12,1,0,0.0
HIST_IRQ_IRN_20110111,IRQ,1,0.5,12,4,4,12,1,0,1.0
HIST_JOR_KSA_20110113,KSA,0,0.5,12,4,4,12,1,0,0.0
HIST_UZB_JOR_20110121,JOR,1,0.5,12,4,4,12,1,0,1.0
HIST_IRN_KOR_20110122,IRN,0,0.5,12,4,4,12,1,0,0.0
HIST_GER_ITA_20110209,GER,1,0.5,12,4,4,12,1,0,1.0
HIST_ESP_CZE_20110325,CZE,1,0.5,12,4,4,12,1,0,1.0
HIST_RSA_EGY_20110326,EGY,0,0.5,12,4,4,12,1,0,0.0
HIST_USA_ESP_20110604,USA,0,0.5,12,4,4,12,1,0,0.0
HIST_JPN_CZE_20110607,CZE,0,0.5,12,4,4,12,1,0,0.0
HIST_PAR_ECU_20110703,ECU,0,0.5,12,4,4,12,1,0,0.0
HIST_BRA_PAR_20110709,BRA,2,0.5,12,4,4,12,1,0,2.0
HIST_JOR_IRQ_20110716,IRQ,1,0.5,12,4,4,12,1,0,1.0
HIST_BRA_PAR_20110717,BRA,0,0.5,12,4,4,12,1,0,0.0
HIST_URU_PAR_20110724,URU,3,0.5,12,4,4,12,1,0,3.0
HIST_URU_PAR_20110724,PAR,0,0.5,12,4,4,12,1,0,0.0
HIST_NOR_CZE_20110810,CZE,0,0.5,12,4,4,12,1,0,0.0
HIST_BRA_GHA_20110905,BRA,1,0.5,12,4,4,12,1,0,1.0
HIST_BRA_GHA_20110905,GHA,0,0.5,12,4,4,12,1,0,0.0
HIST_UZB_JPN_20110906,JPN,1,0.5,12,4,4,12,1,0,1.0
HIST_ARG_BRA_20110914,ARG,0,0.5,12,4,4,12,1,0,0.0
HIST_ENG_NED_20120229,ENG,2,0.5,12,4,4,12,1,0,2.0
HIST_IRN_QAT_20120229,IRN,2,0.5,12,4,4,12,1,0,2.0
HIST_SUI_ARG_20120229,SUI,1,0.5,12,4,4,12,1,0,1.0
HIST_NOR_CRO_20120602,NOR,1,0.5,12,4,4,12,1,0,1.0
HIST_ESP_ITA_20120610,ITA,1,0.5,12,4,4,12,1,0,1.0
HIST_JOR_UZB_20120813,JOR,0,0.5,12,4,4,12,1,0,0.0
HIST_SWE_BRA_20120815,BRA,3,0.5,12,4,4,12,1,0,3.0
HIST_ESP_KSA_20120907,ESP,5,0.5,12,4,4,12,1,0,5.0
HIST_PAN_CAN_20120911,CAN,0,0.5,12,4,4,12,1,0,0.0
HIST_URU_ECU_20120911,ECU,1,0.5,12,4,4,12,1,0,1.0
HIST_IRN_KOR_20121016,IRN,1,0.5,12,4,4,12,1,0,1.0
HIST_IRN_UZB_20121114,UZB,1,0.5,12,4,4,12,1,0,1.0
HIST_GHA_CPV_20130202,CPV,0,0.5,12,4,4,12,1,0,0.0
HIST_SWE_ARG_20130206,ARG,3,0.5,12,4,4,12,1,0,3.0
HIST_JAM_PAN_20130322,PAN,1,0.5,12,4,4,12,1,0,1.0
HIST_JOR_JPN_20130326,JPN,1,0.5,12,4,4,12,1,0,1.0
HIST_PAN_MEX_20130607,PAN,0,0.5,12,4,4,12,1,0,0.0
HIST_HAI_ESP_20130608,ESP,2,0.5,12,4,4,12,1,0,2.0
HIST_BRA_FRA_20130609,FRA,0,0.5,12,4,4,12,1,0,0.0
HIST_ITA_JPN_20130619,ITA,4,0.5,12,4,4,12,1,0,4.0
HIST_ESP_ITA_20130627,ESP,0,0.5,12,4,4,12,1,0,0.0
HIST_KOR_HAI_20130906,KOR,4,0.5,12,4,4,12,1,0,4.0
HIST_TUN_CPV_20130907,CPV,0,0.5,12,4,4,12,1,0,0.0
HIST_UZB_JOR_20130910,UZB,1,0.5,12,4,4,12,1,0,1.0
HIST_JOR_URU_20131113,JOR,0,0.5,12,4,4,12,1,0,0.0
HIST_MEX_NZL_20131113,NZL,1,0.5,12,4,4,12,1,0,1.0
HIST_SCO_USA_20131115,SCO,0,0.5,12,4,4,12,1,0,0.0
HIST_BEL_JPN_20131119,BEL,2,0.5,12,4,4,12,1,0,2.0
HIST_MEX_KOR_20140129,MEX,4,0.5,12,4,4,12,1,0,4.0
HIST_USA_KOR_20140201,KOR,0,0.5,12,4,4,12,1,0,0.0
HIST_RSA_BRA_20140305,BRA,5,0.5,12,4,4,12,1,0,5.0
HIST_USA_TUR_20140601,USA,2,0.5,12,4,4,12,1,0,2.0
HIST_FRA_JAM_20140608,JAM,0,0.5,12,4,4,12,1,0,0.0
HIST_COL_CIV_20140619,CIV,1,0.5,12,4,4,12,1,0,1.0
HIST_GER_GHA_20140621,GER,2,0.5,12,4,4,12,1,0,2.0
HIST_GER_ALG_20140630,ALG,1,0.5,12,4,4,12,1,0,1.0
HIST_FRA_GER_20140704,GER,1,0.5,12,4,4,12,1,0,1.0
HIST_BEL_AUS_20140904,AUS,0,0.5,12,4,4,12,1,0,0.0
HIST_ITA_NED_20140904,ITA,2,0.5,12,4,4,12,1,0,2.0
HIST_QAT_UZB_20141006,UZB,0,0.5,12,4,4,12,1,0,0.0
HIST_JPN_BRA_20141014,JPN,0,0.5,12,4,4,12,1,0,0.0
HIST_IRN_IRQ_20150104,IRN,1,0.5,12,4,4,12,1,0,1.0
HIST_KOR_UZB_20150122,UZB,0,0.5,12,4,4,12,1,0,0.0
HIST_QAT_ALG_20150326,QAT,1,0.5,12,4,4,12,1,0,1.0
HIST_ARG_ECU_20150331,ECU,1,0.5,12,4,4,12,1,0,1.0
HIST_NOR_SWE_20150608,NOR,0,0.5,12,4,4,12,1,0,0.0
HIST_BRA_COL_20150617,BRA,0,0.5,12,4,4,12,1,0,0.0
HIST_JAM_CAN_20150711,CAN,0,0.5,12,4,4,12,1,0,0.0
HIST_JPN_KOR_20150805,JPN,1,0.5,12,4,4,12,1,0,1.0
HIST_BEL_ITA_20151113,ITA,1,0.5,12,4,4,12,1,0,1.0
HIST_ESP_ENG_20151113,ESP,2,0.5,12,4,4,12,1,0,2.0
HIST_ESP_ENG_20151113,ENG,0,0.5,12,4,4,12,1,0,0.0
HIST_MEX_CAN_20160329,CAN,0,0.5,12,4,4,12,1,0,0.0
HIST_ITA_SCO_20160529,SCO,0,0.5,12,4,4,12,1,0,0.0
HIST_AUT_NED_20160604,NED,2,0.5,12,4,4,12,1,0,2.0
HIST_MEX_JAM_20160609,MEX,2,0.5,12,4,4,12,1,0,2.0
HIST_USA_PAR_20160611,USA,1,0.5,12,4,4,12,1,0,1.0
HIST_USA_ECU_20160616,USA,2,0.5,12,4,4,12,1,0,2.0
HIST_JOR_QAT_20160818,QAT,3,0.5,12,4,4,12,1,0,3.0
HIST_RSA_EGY_20160906,EGY,0,0.5,12,4,4,12,1,0,0.0
HIST_ARG_PAR_20161011,PAR,1,0.5,12,4,4,12,1,0,1.0
HIST_ENG_ESP_20161115,ENG,2,0.5,12,4,4,12,1,0,2.0
HIST_ENG_ESP_20161115,ESP,2,0.5,12,4,4,12,1,0,2.0
HIST_EGY_TUN_20170108,TUN,0,0.5,12,4,4,12,1,0,0.0
HIST_BRA_COL_20170126,BRA,1,0.5,12,4,4,12,1,0,1.0
HIST_KSA_IRQ_20170328,KSA,1,0.5,12,4,4,12,1,0,1.0
HIST_KSA_IRQ_20170328,IRQ,0,0.5,12,4,4,12,1,0,0.0
HIST_ITA_URU_20170607,URU,0,0.5,12,4,4,12,1,0,0.0
HIST_SWE_FRA_20170609,SWE,2,0.5,12,4,4,12,1,0,2.0
HIST_SWE_FRA_20170609,FRA,1,0.5,12,4,4,12,1,0,1.0
HIST_NOR_CZE_20170610,CZE,1,0.5,12,4,4,12,1,0,1.0
HIST_IRN_UZB_20170612,IRN,2,0.5,12,4,4,12,1,0,2.0
HIST_AUS_BRA_20170613,BRA,4,0.5,12,4,4,12,1,0,4.0
HIST_MEX_JAM_20170723,JAM,1,0.5,12,4,4,12,1,0,1.0
HIST_GER_NOR_20170904,GER,6,0.5,12,4,4,12,1,0,6.0
HIST_COL_BRA_20170905,COL,1,0.5,12,4,4,12,1,0,1.0
HIST_UZB_KOR_20170905,KOR,0,0.5,12,4,4,12,1,0,0.0
HIST_ECU_ARG_20171010,ARG,3,0.5,12,4,4,12,1,0,3.0
HIST_NED_SWE_20171010,NED,2,0.5,12,4,4,12,1,0,2.0
HIST_JPN_BRA_20171110,JPN,1,0.5,12,4,4,12,1,0,1.0
HIST_IRQ_KSA_20180228,IRQ,4,0.5,12,4,4,12,1,0,4.0
HIST_IRQ_KSA_20180228,KSA,1,0.5,12,4,4,12,1,0,1.0
HIST_IRQ_QAT_20180321,IRQ,2,0.5,12,4,4,12,1,0,2.0
HIST_MAR_UZB_20180327,UZB,0,0.5,12,4,4,12,1,0,0.0
HIST_ESP_ARG_20180327,ARG,1,0.5,12,4,4,12,1,0,1.0
HIST_ARG_HAI_20180529,HAI,0,0.5,12,4,4,12,1,0,0.0
HIST_TUR_TUN_20180601,TUN,2,0.5,12,4,4,12,1,0,2.0
HIST_CZE_AUS_20180601,AUS,4,0.5,12,4,4,12,1,0,4.0
HIST_BEL_EGY_20180606,BEL,3,0.5,12,4,4,12,1,0,3.0
HIST_GER_KSA_20180608,GER,2,0.5,12,4,4,12,1,0,2.0
HIST_SUI_JPN_20180608,SUI,2,0.5,12,4,4,12,1,0,2.0
HIST_KOR_SEN_20180611,SEN,2,0.5,12,4,4,12,1,0,2.0
HIST_IRN_ESP_20180620,IRN,0,0.5,12,4,4,12,1,0,0.0
HIST_BEL_TUN_20180623,BEL,5,0.5,12,4,4,12,1,0,5.0
HIST_KOR_MEX_20180623,KOR,1,0.5,12,4,4,12,1,0,1.0
HIST_ENG_PAN_20180624,ENG,6,0.5,12,4,4,12,1,0,6.0
HIST_ENG_BEL_20180628,BEL,1,0.5,12,4,4,12,1,0,1.0
HIST_BRA_MEX_20180702,MEX,0,0.5,12,4,4,12,1,0,0.0
HIST_URU_FRA_20180706,URU,0,0.5,12,4,4,12,1,0,0.0
HIST_SWE_ENG_20180707,ENG,2,0.5,12,4,4,12,1,0,2.0
HIST_FRA_NED_20180909,FRA,2,0.5,12,4,4,12,1,0,2.0
HIST_KOR_URU_20181012,KOR,2,0.5,12,4,4,12,1,0,2.0
HIST_QAT_ECU_20181012,QAT,4,0.5,12,4,4,12,1,0,4.0
HIST_ESP_ENG_20181015,ESP,2,0.5,12,4,4,12,1,0,2.0
HIST_ESP_ENG_20181015,ENG,3,0.5,12,4,4,12,1,0,3.0
HIST_KOR_PAN_20181016,PAN,2,0.5,12,4,4,12,1,0,2.0
HIST_ENG_CZE_20190322,ENG,5,0.5,12,4,4,12,1,0,5.0
HIST_CZE_BRA_20190326,BRA,3,0.5,12,4,4,12,1,0,3.0
HIST_KOR_COL_20190326,KOR,2,0.5,12,4,4,12,1,0,2.0
HIST_ARG_PAR_20190619,ARG,1,0.5,12,4,4,12,1,0,1.0
HIST_RSA_MAR_20190701,MAR,1,0.5,12,4,4,12,1,0,1.0
HIST_JOR_KSA_20190810,JOR,3,0.5,12,4,4,12,1,0,3.0
HIST_SWE_NOR_20190908,SWE,1,0.5,12,4,4,12,1,0,1.0
HIST_HAI_CUW_20190910,HAI,1,0.5,12,4,4,12,1,0,1.0
HIST_GER_ARG_20191009,GER,2,0.5,12,4,4,12,1,0,2.0
HIST_BEL_CIV_20201008,CIV,1,0.5,12,4,4,12,1,0,1.0
HIST_POR_SWE_20201014,POR,3,0.5,12,4,4,12,1,0,3.0
HIST_GER_CZE_20201111,CZE,0,0.5,12,4,4,12,1,0,0.0
HIST_JOR_IRQ_20201112,JOR,0,0.5,12,4,4,12,1,0,0.0
HIST_UZB_IRQ_20201117,UZB,1,0.5,12,4,4,12,1,0,1.0
HIST_USA_MEX_20210606,MEX,2,0.5,12,4,4,12,1,0,2.0
HIST_MAR_GHA_20210608,MAR,1,0.5,12,4,4,12,1,0,1.0
HIST_PAN_CUW_20210612,PAN,2,0.5,12,4,4,12,1,0,2.0
HIST_BEL_POR_20210627,BEL,1,0.5,12,4,4,12,1,0,1.0
HIST_BEL_POR_20210627,POR,0,0.5,12,4,4,12,1,0,0.0
HIST_CRO_ESP_20210628,CRO,3,0.5,12,4,4,12,1,0,3.0
HIST_SUI_ESP_20210702,ESP,1,0.5,12,4,4,12,1,0,1.0
HIST_ARG_COL_20210706,COL,1,0.5,12,4,4,12,1,0,1.0
HIST_NOR_NED_20210901,NOR,1,0.5,12,4,4,12,1,0,1.0
HIST_BEL_CZE_20210905,BEL,3,0.5,12,4,4,12,1,0,3.0
HIST_PAN_USA_20211010,PAN,1,0.5,12,4,4,12,1,0,1.0
HIST_PAN_USA_20211010,USA,0,0.5,12,4,4,12,1,0,0.0
HIST_AUS_KSA_20211111,AUS,0,0.5,12,4,4,12,1,0,0.0
HIST_CAN_MEX_20211116,MEX,1,0.5,12,4,4,12,1,0,1.0
HIST_EGY_JOR_20211211,EGY,3,0.5,12,4,4,12,1,0,3.0
HIST_QAT_EGY_20211218,QAT,0,0.5,12,4,4,12,1,0,0.0
HIST_MAR_GHA_20220110,GHA,0,0.5,12,4,4,12,1,0,0.0
HIST_PAR_URU_20220127,PAR,0,0.5,12,4,4,12,1,0,0.0
HIST_PAR_URU_20220127,URU,1,0.5,12,4,4,12,1,0,1.0
HIST_ARG_COL_20220201,COL,0,0.5,12,4,4,12,1,0,0.0
HIST_EGY_SEN_20220325,EGY,1,0.5,12,4,4,12,1,0,1.0
HIST_SEN_EGY_20220329,EGY,0,0.5,12,4,4,12,1,0,0.0
HIST_ECU_ARG_20220329,ARG,1,0.5,12,4,4,12,1,0,1.0
HIST_AUT_SCO_20220329,AUT,2,0.5,12,4,4,12,1,0,2.0
HIST_ENG_CIV_20220329,CIV,0,0.5,12,4,4,12,1,0,0.0
HIST_JPN_PAR_20220602,PAR,1,0.5,12,4,4,12,1,0,1.0
HIST_ITA_GER_20220604,ITA,1,0.5,12,4,4,12,1,0,1.0
HIST_CAN_CUW_20220609,CUW,0,0.5,12,4,4,12,1,0,0.0
HIST_ENG_ITA_20220611,ITA,0,0.5,12,4,4,12,1,0,0.0
HIST_JPN_KOR_20220727,KOR,0,0.5,12,4,4,12,1,0,0.0
HIST_CAN_QAT_20220923,QAT,0,0.5,12,4,4,12,1,0,0.0
HIST_IRN_URU_20220923,IRN,1,0.5,12,4,4,12,1,0,1.0
HIST_AUT_CRO_20220925,CRO,3,0.5,12,4,4,12,1,0,3.0
HIST_ENG_GER_20220926,GER,3,0.5,12,4,4,12,1,0,3.0
HIST_ECU_JPN_20220927,JPN,0,0.5,12,4,4,12,1,0,0.0
HIST_JPN_CAN_20221117,JPN,1,0.5,12,4,4,12,1,0,1.0
HIST_COL_PAR_20221119,COL,2,0.5,12,4,4,12,1,0,2.0
HIST_BEL_CAN_20221123,CAN,0,0.5,12,4,4,12,1,0,0.0
HIST_ESP_GER_20221127,ESP,1,0.5,12,4,4,12,1,0,1.0
HIST_QAT_NED_20221129,NED,2,0.5,12,4,4,12,1,0,2.0
HIST_ARG_CRO_20221213,ARG,3,0.5,12,4,4,12,1,0,3.0
HIST_ARG_PAN_20230323,PAN,0,0.5,12,4,4,12,1,0,0.0
HIST_ITA_ENG_20230323,ITA,1,0.5,12,4,4,12,1,0,1.0
HIST_ESP_NOR_20230325,ESP,3,0.5,12,4,4,12,1,0,3.0
HIST_MEX_JAM_20230326,JAM,2,0.5,12,4,4,12,1,0,2.0
HIST_MAR_CPV_20230612,CPV,0,0.5,12,4,4,12,1,0,0.0
HIST_USA_CAN_20230618,CAN,0,0.5,12,4,4,12,1,0,0.0
HIST_ALG_TUN_20230620,TUN,1,0.5,12,4,4,12,1,0,1.0
HIST_MEX_AUS_20230909,AUS,2,0.5,12,4,4,12,1,0,2.0
HIST_KOR_KSA_20230912,KSA,0,0.5,12,4,4,12,1,0,0.0
HIST_COL_URU_20231012,URU,2,0.5,12,4,4,12,1,0,2.0
HIST_CUW_PAN_20231013,CUW,1,0.5,12,4,4,12,1,0,1.0
HIST_ENG_AUS_20231013,AUS,0,0.5,12,4,4,12,1,0,0.0
HIST_MEX_GHA_20231014,GHA,0,0.5,12,4,4,12,1,0,0.0
HIST_IRQ_KOR_20240106,KOR,1,0.5,12,4,4,12,1,0,1.0
HIST_TUN_CPV_20240110,TUN,2,0.5,12,4,4,12,1,0,2.0
HIST_USA_JAM_20240321,USA,3,0.5,12,4,4,12,1,0,3.0
HIST_ESP_COL_20240322,ESP,0,0.5,12,4,4,12,1,0,0.0
HIST_MEX_URU_20240605,URU,4,0.5,12,4,4,12,1,0,4.0
HIST_USA_COL_20240608,USA,1,0.5,12,4,4,12,1,0,1.0
HIST_USA_COL_20240608,COL,5,0.5,12,4,4,12,1,0,5.0
HIST_USA_BRA_20240612,USA,1,0.5,12,4,4,12,1,0,1.0
HIST_PAN_PAR_20240616,PAN,0,0.5,12,4,4,12,1,0,0.0
HIST_ARG_CAN_20240620,CAN,0,0.5,12,4,4,12,1,0,0.0
HIST_CZE_TUR_20240626,TUR,2,0.5,12,4,4,12,1,0,2.0
HIST_ENG_SUI_20240706,ENG,1,0.5,12,4,4,12,1,0,1.0
HIST_PAR_BRA_20240910,BRA,0,0.5,12,4,4,12,1,0,0.0
HIST_SCO_POR_20241015,SCO,0,0.5,12,4,4,12,1,0,0.0
HIST_IRQ_JOR_20241114,JOR,0,0.5,12,4,4,12,1,0,0.0
HIST_ITA_FRA_20241117,ITA,1,0.5,12,4,4,12,1,0,1.0
HIST_GER_ITA_20250323,GER,3,0.5,12,4,4,12,1,0,3.0
HIST_ECU_BRA_20250605,BRA,0,0.5,12,4,4,12,1,0,0.0
HIST_AUS_JPN_20250605,JPN,0,0.5,12,4,4,12,1,0,0.0
HIST_SWE_ALG_20250610,ALG,3,0.5,12,4,4,12,1,0,3.0
HIST_JOR_IRQ_20250610,IRQ,1,0.5,12,4,4,12,1,0,1.0
HIST_HAI_CUW_20250610,CUW,5,0.5,12,4,4,12,1,0,5.0
HIST_MEX_KSA_20250628,MEX,2,0.5,12,4,4,12,1,0,2.0
HIST_USA_KOR_20250906,KOR,2,0.5,12,4,4,12,1,0,2.0
HIST_JPN_GHA_20251114,GHA,0,0.5,12,4,4,12,1,0,0.0
HIST_CPV_EGY_20251117,EGY,1,0.5,12,4,4,12,1,0,1.0
HIST_MAR_KSA_20251208,MAR,1,0.5,12,4,4,12,1,0,1.0
HIST_KSA_EGY_20260327,EGY,4,0.5,12,4,4,12,1,0,4.0
HIST_CIV_SCO_20260331,CIV,1,0.5,12,4,4,12,1,0,1.0
HIST_MEX_BEL_20260331,MEX,1,0.5,12,4,4,12,1,0,1.0
HIST_USA_SEN_20260531,SEN,2,0.5,12,4,4,12,1,0,2.0
HIST_NOR_SWE_20260601,SWE,1,0.5,12,4,4,12,1,0,1.0
HIST_FRA_CIV_20260604,CIV,2,0.5,12,4,4,12,1,0,2.0
HIST_ENG_NZL_20260606,NZL,0,0.5,12,4,4,12,1,0,0.0
HIST_GHA_TUN_20000118,GHA,2,0.5,12,4,4,12,1,0,2.0
HIST_NED_GER_20000223,NED,2,0.5,12,4,4,12,1,0,2.0
HIST_NED_SCO_20000426,NED,0,0.5,12,4,4,12,1,0,0.0
HIST_NOR_BEL_20000426,BEL,2,0.5,12,4,4,12,1,0,2.0
HIST_JAM_PAN_20000514,PAN,1,0.5,12,4,4,12,1,0,1.0
HIST_ENG_BRA_20000527,ENG,1,0.5,12,4,4,12,1,0,1.0
HIST_IRQ_UZB_20000902,UZB,0,0.5,12,4,4,12,1,0,0.0
HIST_NED_POR_20001011,NED,0,0.5,12,4,4,12,1,0,0.0
HIST_JPN_UZB_20001017,JPN,8,0.5,12,4,4,12,1,0,8.0
HIST_TUR_FRA_20001115,FRA,4,0.5,12,4,4,12,1,0,4.0
HIST_TUN_MAR_20010113,TUN,0,0.5,12,4,4,12,1,0,0.0
HIST_FRA_GER_20010227,FRA,1,0.5,12,4,4,12,1,0,1.0
HIST_USA_BRA_20010303,USA,1,0.5,12,4,4,12,1,0,1.0
HIST_MEX_BRA_20010307,MEX,3,0.5,12,4,4,12,1,0,3.0
HIST_SCO_BEL_20010324,SCO,2,0.5,12,4,4,12,1,0,2.0
HIST_ESP_JPN_20010425,ESP,1,0.5,12,4,4,12,1,0,1.0
HIST_ALG_MAR_20010504,MAR,2,0.5,12,4,4,12,1,0,2.0
HIST_BRA_MEX_20010712,BRA,0,0.5,12,4,4,12,1,0,0.0
HIST_CZE_KOR_20010815,CZE,5,0.5,12,4,4,12,1,0,5.0
HIST_ARG_BRA_20010905,ARG,2,0.5,12,4,4,12,1,0,2.0
HIST_COL_ECU_20010905,ECU,0,0.5,12,4,4,12,1,0,0.0
HIST_IRQ_KSA_20011005,IRQ,1,0.5,12,4,4,12,1,0,1.0
HIST_IRQ_KSA_20011005,KSA,2,0.5,12,4,4,12,1,0,2.0
HIST_AUS_URU_20011120,AUS,1,0.5,12,4,4,12,1,0,1.0
HIST_AUS_URU_20011120,URU,0,0.5,12,4,4,12,1,0,0.0
HIST_SEN_ALG_20011230,SEN,1,0.5,12,4,4,12,1,0,1.0
HIST_QAT_IRQ_20020113,IRQ,3,0.5,12,4,4,12,1,0,3.0
HIST_HAI_CAN_20020118,CAN,2,0.5,12,4,4,12,1,0,2.0
HIST_KSA_QAT_20020130,QAT,1,0.5,12,4,4,12,1,0,1.0
HIST_ITA_USA_20020213,ITA,1,0.5,12,4,4,12,1,0,1.0
HIST_ESP_POR_20020213,ESP,1,0.5,12,4,4,12,1,0,1.0
HIST_ENG_ITA_20020327,ENG,1,0.5,12,4,4,12,1,0,1.0
HIST_FRA_SCO_20020327,SCO,0,0.5,12,4,4,12,1,0,0.0
HIST_ARG_ENG_20020607,ENG,1,0.5,12,4,4,12,1,0,1.0
HIST_TUN_BEL_20020610,TUN,1,0.5,12,4,4,12,1,0,1.0
HIST_KOR_ITA_20020618,KOR,2,0.5,12,4,4,12,1,0,2.0
HIST_ENG_BRA_20020621,BRA,2,0.5,12,4,4,12,1,0,2.0
HIST_KOR_GER_20020625,GER,1,0.5,12,4,4,12,1,0,1.0
HIST_IRN_MAR_20020917,MAR,1,0.5,12,4,4,12,1,0,1.0
HIST_TUN_EGY_20021120,EGY,0,0.5,12,4,4,12,1,0,0.0
HIST_ENG_AUS_20030212,AUS,3,0.5,12,4,4,12,1,0,3.0
HIST_ESP_GER_20030212,GER,1,0.5,12,4,4,12,1,0,1.0
HIST_TUN_SWE_20030212,SWE,0,0.5,12,4,4,12,1,0,0.0
HIST_CZE_AUT_20030402,CZE,4,0.5,12,4,4,12,1,0,4.0
HIST_ESP_ECU_20030430,ESP,4,0.5,12,4,4,12,1,0,4.0
HIST_SUI_ITA_20030430,ITA,2,0.5,12,4,4,12,1,0,2.0
HIST_TUN_SEN_20030430,SEN,0,0.5,12,4,4,12,1,0,0.0
HIST_KOR_ARG_20030611,ARG,1,0.5,12,4,4,12,1,0,1.0
HIST_TUR_USA_20030619,TUR,2,0.5,12,4,4,12,1,0,2.0
HIST_RSA_CIV_20030622,RSA,2,0.5,12,4,4,12,1,0,2.0
HIST_ARG_URU_20030716,ARG,2,0.5,12,4,4,12,1,0,2.0
HIST_COL_BRA_20030907,COL,1,0.5,12,4,4,12,1,0,1.0
HIST_EGY_IRQ_20031218,EGY,2,0.5,12,4,4,12,1,0,2.0
HIST_TUN_SEN_20040207,SEN,0,0.5,12,4,4,12,1,0,0.0
HIST_MAR_ALG_20040208,ALG,1,0.5,12,4,4,12,1,0,1.0
HIST_ARG_ECU_20040330,ARG,1,0.5,12,4,4,12,1,0,1.0
HIST_SWE_ENG_20040331,ENG,0,0.5,12,4,4,12,1,0,0.0
HIST_TUN_CIV_20040331,CIV,2,0.5,12,4,4,12,1,0,2.0
HIST_KOR_TUR_20040605,KOR,2,0.5,12,4,4,12,1,0,2.0
HIST_HAI_JAM_20040612,HAI,1,0.5,12,4,4,12,1,0,1.0
HIST_GHA_RSA_20040620,RSA,0,0.5,12,4,4,12,1,0,0.0
HIST_JOR_IRQ_20040621,JOR,2,0.5,12,4,4,12,1,0,2.0
HIST_AUT_GER_20040818,AUT,1,0.5,12,4,4,12,1,0,1.0
HIST_JAM_USA_20040818,USA,1,0.5,12,4,4,12,1,0,1.0
HIST_JAM_PAN_20040904,JAM,1,0.5,12,4,4,12,1,0,1.0
HIST_GHA_CPV_20040905,GHA,2,0.5,12,4,4,12,1,0,2.0
HIST_URU_ECU_20040905,URU,1,0.5,12,4,4,12,1,0,1.0
HIST_RSA_AUS_20050209,AUS,1,0.5,12,4,4,12,1,0,1.0
HIST_IRN_JPN_20050325,IRN,2,0.5,12,4,4,12,1,0,2.0
HIST_AUS_IRQ_20050326,AUS,2,0.5,12,4,4,12,1,0,2.0
HIST_USA_ENG_20050528,USA,1,0.5,12,4,4,12,1,0,1.0
HIST_GER_TUN_20050618,TUN,0,0.5,12,4,4,12,1,0,0.0
HIST_RSA_GHA_20050618,GHA,2,0.5,12,4,4,12,1,0,2.0
HIST_JPN_BRA_20050622,BRA,2,0.5,12,4,4,12,1,0,2.0
HIST_GER_BRA_20050625,BRA,3,0.5,12,4,4,12,1,0,3.0
HIST_MEX_ARG_20050626,MEX,1,0.5,12,4,4,12,1,0,1.0
HIST_USA_JAM_20050716,USA,3,0.5,12,4,4,12,1,0,3.0
HIST_AUT_SCO_20050817,SCO,2,0.5,12,4,4,12,1,0,2.0
HIST_CRO_BRA_20050817,BRA,1,0.5,12,4,4,12,1,0,1.0
HIST_NOR_SUI_20050817,NOR,0,0.5,12,4,4,12,1,0,0.0
HIST_POR_EGY_20050817,EGY,0,0.5,12,4,4,12,1,0,0.0
HIST_GER_RSA_20050907,GER,4,0.5,12,4,4,12,1,0,4.0
HIST_MEX_PAN_20050907,PAN,0,0.5,12,4,4,12,1,0,0.0
HIST_QAT_IRQ_20051011,IRQ,0,0.5,12,4,4,12,1,0,0.0
HIST_MEX_URU_20051026,URU,1,0.5,12,4,4,12,1,0,1.0
HIST_EGY_SEN_20051229,SEN,2,0.5,12,4,4,12,1,0,2.0
HIST_MAR_CIV_20060121,CIV,1,0.5,12,4,4,12,1,0,1.0
HIST_JOR_SWE_20060123,JOR,0,0.5,12,4,4,12,1,0,0.0
HIST_MEX_NOR_20060125,MEX,2,0.5,12,4,4,12,1,0,2.0
HIST_KOR_SEN_20060523,KOR,1,0.5,12,4,4,12,1,0,1.0
HIST_JAM_GHA_20060529,GHA,4,0.5,12,4,4,12,1,0,4.0
HIST_NED_MEX_20060601,MEX,1,0.5,12,4,4,12,1,0,1.0
HIST_TUN_KSA_20060614,TUN,2,0.5,12,4,4,12,1,0,2.0
HIST_TUN_KSA_20060614,KSA,2,0.5,12,4,4,12,1,0,2.0
HIST_CZE_GHA_20060617,GHA,2,0.5,12,4,4,12,1,0,2.0
HIST_CRO_AUS_20060622,AUS,2,0.5,12,4,4,12,1,0,2.0
HIST_JOR_IRQ_20060721,JOR,2,0.5,12,4,4,12,1,0,2.0
HIST_JAM_HAI_20061001,JAM,2,0.5,12,4,4,12,1,0,2.0
HIST_EGY_RSA_20061115,RSA,0,0.5,12,4,4,12,1,0,0.0
HIST_IRN_KOR_20061115,IRN,2,0.5,12,4,4,12,1,0,2.0
HIST_CIV_SWE_20061115,SWE,0,0.5,12,4,4,12,1,0,0.0
HIST_JPN_KSA_20061115,JPN,3,0.5,12,4,4,12,1,0,3.0
HIST_JPN_KSA_20061115,KSA,1,0.5,12,4,4,12,1,0,1.0
HIST_NED_ENG_20061115,NED,1,0.5,12,4,4,12,1,0,1.0
HIST_ECU_SWE_20070118,SWE,1,0.5,12,4,4,12,1,0,1.0
HIST_AUT_GHA_20070324,GHA,1,0.5,12,4,4,12,1,0,1.0
HIST_USA_MEX_20070624,MEX,1,0.5,12,4,4,12,1,0,1.0
HIST_PAR_COL_20070628,COL,0,0.5,12,4,4,12,1,0,0.0
HIST_KOR_IRQ_20070629,KOR,3,0.5,12,4,4,12,1,0,3.0
HIST_IRQ_UZB_20070702,UZB,2,0.5,12,4,4,12,1,0,2.0
HIST_ENG_GER_20070822,ENG,1,0.5,12,4,4,12,1,0,1.0
HIST_SCO_RSA_20070822,SCO,1,0.5,12,4,4,12,1,0,1.0
HIST_QAT_IRQ_20071016,IRQ,2,0.5,12,4,4,12,1,0,2.0
HIST_ENG_CRO_20071121,CRO,3,0.5,12,4,4,12,1,0,3.0
HIST_GHA_MAR_20080128,GHA,2,0.5,12,4,4,12,1,0,2.0
HIST_USA_MEX_20080206,USA,2,0.5,12,4,4,12,1,0,2.0
HIST_SCO_CRO_20080326,CRO,1,0.5,12,4,4,12,1,0,1.0
HIST_RSA_PAR_20080326,RSA,3,0.5,12,4,4,12,1,0,3.0
HIST_FRA_PAR_20080531,FRA,0,0.5,12,4,4,12,1,0,0.0
HIST_SUI_TUR_20080611,SUI,1,0.5,12,4,4,12,1,0,1.0
HIST_SUI_TUR_20080611,TUR,2,0.5,12,4,4,12,1,0,2.0
HIST_FRA_ITA_20080617,ITA,2,0.5,12,4,4,12,1,0,2.0
HIST_CUW_HAI_20080622,CUW,0,0.5,12,4,4,12,1,0,0.0
HIST_ESP_ITA_20080622,ITA,0,0.5,12,4,4,12,1,0,0.0
HIST_GER_ESP_20080629,ESP,1,0.5,12,4,4,12,1,0,1.0
HIST_AUS_RSA_20080819,RSA,2,0.5,12,4,4,12,1,0,2.0
HIST_AUT_TUR_20081119,AUT,2,0.5,12,4,4,12,1,0,2.0
HIST_JAM_CAN_20081119,CAN,0,0.5,12,4,4,12,1,0,0.0
HIST_KSA_QAT_20090105,KSA,0,0.5,12,4,4,12,1,0,0.0
HIST_FRA_ARG_20090211,ARG,2,0.5,12,4,4,12,1,0,2.0
HIST_URU_BRA_20090606,URU,0,0.5,12,4,4,12,1,0,0.0
HIST_BRA_PAR_20090610,BRA,2,0.5,12,4,4,12,1,0,2.0
HIST_NED_NOR_20090610,NED,2,0.5,12,4,4,12,1,0,2.0
HIST_IRQ_NZL_20090620,NZL,0,0.5,12,4,4,12,1,0,0.0
HIST_ESP_USA_20090624,USA,2,0.5,12,4,4,12,1,0,2.0
HIST_RSA_BRA_20090625,RSA,0,0.5,12,4,4,12,1,0,0.0
HIST_ECU_JAM_20090812,ECU,0,0.5,12,4,4,12,1,0,0.0
HIST_SUI_ITA_20090812,ITA,0,0.5,12,4,4,12,1,0,0.0
HIST_URU_COL_20090909,URU,3,0.5,12,4,4,12,1,0,3.0
HIST_KOR_SEN_20091014,SEN,0,0.5,12,4,4,12,1,0,0.0
HIST_QAT_IRN_20091228,QAT,3,0.5,12,4,4,12,1,0,3.0
HIST_CIV_KOR_20100303,KOR,2,0.5,12,4,4,12,1,0,2.0
HIST_NED_USA_20100303,USA,1,0.5,12,4,4,12,1,0,1.0
HIST_GER_AUS_20100613,GER,4,0.5,12,4,4,12,1,0,4.0
HIST_ARG_KOR_20100617,ARG,4,0.5,12,4,4,12,1,0,4.0
HIST_USA_ALG_20100623,ALG,0,0.5,12,4,4,12,1,0,0.0
HIST_NOR_FRA_20100811,FRA,1,0.5,12,4,4,12,1,0,1.0
HIST_MEX_COL_20100907,MEX,1,0.5,12,4,4,12,1,0,1.0
HIST_CRO_NOR_20101012,CRO,2,0.5,12,4,4,12,1,0,2.0
HIST_NED_SWE_20101012,SWE,1,0.5,12,4,4,12,1,0,1.0
HIST_UZB_AUS_20110125,UZB,0,0.5,12,4,4,12,1,0,0.0
HIST_AUS_JPN_20110129,JPN,1,0.5,12,4,4,12,1,0,1.0
HIST_MEX_PAR_20110326,MEX,3,0.5,12,4,4,12,1,0,3.0
HIST_AUT_GER_20110603,GER,2,0.5,12,4,4,12,1,0,2.0
HIST_BRA_NED_20110604,BRA,0,0.5,12,4,4,12,1,0,0.0
HIST_MAR_ALG_20110604,ALG,0,0.5,12,4,4,12,1,0,0.0
HIST_COL_SEN_20110625,COL,2,0.5,12,4,4,12,1,0,2.0
HIST_ITA_ESP_20110810,ESP,1,0.5,12,4,4,12,1,0,1.0
HIST_SEN_MAR_20110810,MAR,2,0.5,12,4,4,12,1,0,2.0
HIST_QAT_IRQ_20110819,IRQ,1,0.5,12,4,4,12,1,0,1.0
HIST_ECU_JAM_20110902,JAM,2,0.5,12,4,4,12,1,0,2.0
HIST_GER_AUT_20110902,AUT,2,0.5,12,4,4,12,1,0,2.0
HIST_KSA_AUS_20110906,KSA,1,0.5,12,4,4,12,1,0,1.0
HIST_SWE_NED_20111011,SWE,3,0.5,12,4,4,12,1,0,3.0
HIST_NED_SUI_20111111,NED,0,0.5,12,4,4,12,1,0,0.0
HIST_RSA_CIV_20111112,RSA,1,0.5,12,4,4,12,1,0,1.0
HIST_ITA_URU_20111115,ITA,0,0.5,12,4,4,12,1,0,0.0
HIST_GER_FRA_20120229,FRA,2,0.5,12,4,4,12,1,0,2.0
HIST_PAR_PAN_20120229,PAN,0,0.5,12,4,4,12,1,0,0.0
HIST_PAN_JAM_20120601,JAM,1,0.5,12,4,4,12,1,0,1.0
HIST_ITA_CRO_20120614,CRO,1,0.5,12,4,4,12,1,0,1.0
HIST_SWE_ENG_20120615,ENG,3,0.5,12,4,4,12,1,0,3.0
HIST_ENG_ITA_20120624,ITA,0,0.5,12,4,4,12,1,0,0.0
HIST_POR_ESP_20120627,ESP,0,0.5,12,4,4,12,1,0,0.0
HIST_GER_ITA_20120628,GER,1,0.5,12,4,4,12,1,0,1.0
HIST_JOR_IRN_20120905,JOR,0,0.5,12,4,4,12,1,0,0.0
HIST_JAM_USA_20120907,JAM,2,0.5,12,4,4,12,1,0,2.0
HIST_UZB_KOR_20120911,KOR,2,0.5,12,4,4,12,1,0,2.0
HIST_GER_SWE_20121016,SWE,4,0.5,12,4,4,12,1,0,4.0
HIST_AUT_CIV_20121114,CIV,3,0.5,12,4,4,12,1,0,3.0
HIST_ITA_FRA_20121114,FRA,2,0.5,12,4,4,12,1,0,2.0
HIST_KSA_ARG_20121114,KSA,0,0.5,12,4,4,12,1,0,0.0
HIST_GHA_EGY_20130110,EGY,0,0.5,12,4,4,12,1,0,0.0
HIST_QAT_EGY_20130307,EGY,1,0.5,12,4,4,12,1,0,1.0
HIST_CRO_SCO_20130607,CRO,0,0.5,12,4,4,12,1,0,0.0
HIST_ECU_ARG_20130611,ECU,1,0.5,12,4,4,12,1,0,1.0
HIST_KOR_IRN_20130618,IRN,1,0.5,12,4,4,12,1,0,1.0
HIST_UZB_QAT_20130618,QAT,1,0.5,12,4,4,12,1,0,1.0
HIST_BRA_URU_20130626,URU,1,0.5,12,4,4,12,1,0,1.0
HIST_MEX_CIV_20130814,MEX,4,0.5,12,4,4,12,1,0,4.0
HIST_KSA_NZL_20130905,NZL,1,0.5,12,4,4,12,1,0,1.0
HIST_ITA_CZE_20130910,ITA,2,0.5,12,4,4,12,1,0,2.0
HIST_JPN_GHA_20130910,GHA,1,0.5,12,4,4,12,1,0,1.0
HIST_KOR_CRO_20130910,KOR,1,0.5,12,4,4,12,1,0,1.0
HIST_URU_COL_20130910,URU,2,0.5,12,4,4,12,1,0,2.0
HIST_GHA_EGY_20131015,GHA,6,0.5,12,4,4,12,1,0,6.0
HIST_SWE_GER_20131015,SWE,3,0.5,12,4,4,12,1,0,3.0
HIST_JOR_URU_20131113,URU,5,0.5,12,4,4,12,1,0,5.0
HIST_ARG_ECU_20131115,ECU,0,0.5,12,4,4,12,1,0,0.0
HIST_CZE_CAN_20131115,CZE,2,0.5,12,4,4,12,1,0,2.0
HIST_ITA_GER_20131115,ITA,1,0.5,12,4,4,12,1,0,1.0
HIST_KOR_SUI_20131115,KOR,2,0.5,12,4,4,12,1,0,2.0
HIST_KSA_IRQ_20131115,KSA,2,0.5,12,4,4,12,1,0,2.0
HIST_KSA_IRQ_20131115,IRQ,1,0.5,12,4,4,12,1,0,1.0
HIST_NED_JPN_20131116,JPN,2,0.5,12,4,4,12,1,0,2.0
HIST_SEN_CIV_20131116,CIV,1,0.5,12,4,4,12,1,0,1.0
HIST_EGY_GHA_20131119,EGY,2,0.5,12,4,4,12,1,0,2.0
HIST_NZL_MEX_20131120,NZL,2,0.5,12,4,4,12,1,0,2.0
HIST_QAT_JOR_20140107,JOR,0,0.5,12,4,4,12,1,0,0.0
HIST_FRA_NED_20140305,NED,0,0.5,12,4,4,12,1,0,0.0
HIST_AUS_RSA_20140526,RSA,1,0.5,12,4,4,12,1,0,1.0
HIST_FRA_NOR_20140527,FRA,4,0.5,12,4,4,12,1,0,4.0
HIST_USA_TUR_20140601,TUR,1,0.5,12,4,4,12,1,0,1.0
HIST_CRO_AUS_20140606,CRO,1,0.5,12,4,4,12,1,0,1.0
HIST_KOR_ALG_20140622,KOR,2,0.5,12,4,4,12,1,0,2.0
HIST_NED_MEX_20140629,NED,2,0.5,12,4,4,12,1,0,2.0
HIST_BRA_NED_20140712,BRA,0,0.5,12,4,4,12,1,0,0.0
HIST_GER_ARG_20140713,GER,1,0.5,12,4,4,12,1,0,1.0
HIST_MAR_QAT_20140903,MAR,0,0.5,12,4,4,12,1,0,0.0
HIST_JPN_URU_20140905,JPN,0,0.5,12,4,4,12,1,0,0.0
HIST_AUT_SWE_20140908,SWE,1,0.5,12,4,4,12,1,0,1.0
HIST_ESP_GER_20141118,GER,1,0.5,12,4,4,12,1,0,1.0
HIST_TUN_CPV_20150118,TUN,1,0.5,12,4,4,12,1,0,1.0
HIST_RSA_SEN_20150123,RSA,1,0.5,12,4,4,12,1,0,1.0
HIST_KOR_IRQ_20150126,IRQ,0,0.5,12,4,4,12,1,0,0.0
HIST_GER_AUS_20150325,GER,2,0.5,12,4,4,12,1,0,2.0
HIST_NED_USA_20150605,NED,3,0.5,12,4,4,12,1,0,3.0
HIST_ARG_URU_20150616,URU,0,0.5,12,4,4,12,1,0,0.0
HIST_ARG_PAR_20150630,PAR,1,0.5,12,4,4,12,1,0,1.0
HIST_RSA_SEN_20150908,RSA,1,0.5,12,4,4,12,1,0,1.0
HIST_KOR_JAM_20151013,JAM,0,0.5,12,4,4,12,1,0,0.0
HIST_PAR_ARG_20151013,PAR,0,0.5,12,4,4,12,1,0,0.0
HIST_ARG_BRA_20151113,BRA,1,0.5,12,4,4,12,1,0,1.0
HIST_ITA_ESP_20160324,ESP,1,0.5,12,4,4,12,1,0,1.0
HIST_PAR_BRA_20160329,BRA,2,0.5,12,4,4,12,1,0,2.0
HIST_ESP_CZE_20160613,CZE,0,0.5,12,4,4,12,1,0,0.0
HIST_USA_ECU_20160616,ECU,1,0.5,12,4,4,12,1,0,1.0
HIST_CZE_TUR_20160621,CZE,0,0.5,12,4,4,12,1,0,0.0
HIST_USA_ARG_20160621,USA,0,0.5,12,4,4,12,1,0,0.0
HIST_NOR_GER_20160904,GER,3,0.5,12,4,4,12,1,0,3.0
HIST_IRQ_KSA_20160906,IRQ,1,0.5,12,4,4,12,1,0,1.0
HIST_IRQ_KSA_20160906,KSA,2,0.5,12,4,4,12,1,0,2.0
HIST_NED_FRA_20161010,FRA,1,0.5,12,4,4,12,1,0,1.0
HIST_RSA_GHA_20161011,GHA,1,0.5,12,4,4,12,1,0,1.0
HIST_URU_ECU_20161110,ECU,1,0.5,12,4,4,12,1,0,1.0
HIST_EGY_GHA_20161113,GHA,0,0.5,12,4,4,12,1,0,0.0
HIST_ITA_GER_20161115,ITA,0,0.5,12,4,4,12,1,0,0.0
HIST_PAR_ECU_20170323,PAR,2,0.5,12,4,4,12,1,0,2.0
HIST_POR_SWE_20170328,SWE,3,0.5,12,4,4,12,1,0,3.0
HIST_MEX_CRO_20170528,CRO,2,0.5,12,4,4,12,1,0,2.0
HIST_IRQ_KOR_20170607,IRQ,0,0.5,12,4,4,12,1,0,0.0
HIST_CAN_CUW_20170613,CAN,2,0.5,12,4,4,12,1,0,2.0
HIST_MEX_NZL_20170621,NZL,1,0.5,12,4,4,12,1,0,1.0
HIST_MEX_JAM_20170713,MEX,0,0.5,12,4,4,12,1,0,0.0
HIST_KOR_IRN_20170831,KOR,0,0.5,12,4,4,12,1,0,0.0
HIST_KSA_JAM_20171007,KSA,5,0.5,12,4,4,12,1,0,5.0
HIST_KSA_JAM_20171007,JAM,2,0.5,12,4,4,12,1,0,2.0
HIST_QAT_CZE_20171111,QAT,0,0.5,12,4,4,12,1,0,0.0
HIST_QAT_CZE_20171111,CZE,1,0.5,12,4,4,12,1,0,1.0
HIST_FRA_COL_20180323,COL,3,0.5,12,4,4,12,1,0,3.0
HIST_NOR_AUS_20180323,NOR,4,0.5,12,4,4,12,1,0,4.0
HIST_ALG_IRN_20180327,ALG,1,0.5,12,4,4,12,1,0,1.0
HIST_ARG_HAI_20180529,ARG,4,0.5,12,4,4,12,1,0,4.0
HIST_FRA_ITA_20180601,ITA,1,0.5,12,4,4,12,1,0,1.0
HIST_ALG_CPV_20180601,CPV,3,0.5,12,4,4,12,1,0,3.0
HIST_COL_EGY_20180601,COL,0,0.5,12,4,4,12,1,0,0.0
HIST_CRO_BRA_20180603,CRO,0,0.5,12,4,4,12,1,0,0.0
HIST_COL_JPN_20180619,COL,1,0.5,12,4,4,12,1,0,1.0
HIST_POR_MAR_20180620,POR,1,0.5,12,4,4,12,1,0,1.0
HIST_IRN_ESP_20180620,ESP,1,0.5,12,4,4,12,1,0,1.0
HIST_KSA_EGY_20180625,KSA,2,0.5,12,4,4,12,1,0,2.0
HIST_BEL_JPN_20180702,BEL,3,0.5,12,4,4,12,1,0,3.0
HIST_COL_ENG_20180703,COL,1,0.5,12,4,4,12,1,0,1.0
HIST_SWE_TUR_20180910,SWE,2,0.5,12,4,4,12,1,0,2.0
HIST_BEL_SUI_20181012,BEL,2,0.5,12,4,4,12,1,0,2.0
HIST_BEL_SUI_20181012,SUI,1,0.5,12,4,4,12,1,0,1.0
HIST_KOR_URU_20181012,URU,1,0.5,12,4,4,12,1,0,1.0
HIST_SCO_POR_20181014,POR,3,0.5,12,4,4,12,1,0,3.0
HIST_FRA_GER_20181016,FRA,2,0.5,12,4,4,12,1,0,2.0
HIST_ARG_BRA_20181016,ARG,0,0.5,12,4,4,12,1,0,0.0
HIST_ITA_USA_20181120,ITA,1,0.5,12,4,4,12,1,0,1.0
HIST_AUS_UZB_20190121,AUS,0,0.5,12,4,4,12,1,0,0.0
HIST_KOR_QAT_20190125,KOR,0,0.5,12,4,4,12,1,0,0.0
HIST_JPN_QAT_20190201,QAT,3,0.5,12,4,4,12,1,0,3.0
HIST_TUR_FRA_20190608,FRA,0,0.5,12,4,4,12,1,0,0.0
HIST_SUI_ENG_20190609,SUI,0,0.5,12,4,4,12,1,0,0.0
HIST_BEL_SCO_20190611,BEL,3,0.5,12,4,4,12,1,0,3.0
HIST_JAM_PAN_20190630,JAM,1,0.5,12,4,4,12,1,0,1.0
HIST_RSA_MAR_20190701,RSA,0,0.5,12,4,4,12,1,0,0.0
HIST_BRA_SEN_20191010,BRA,1,0.5,12,4,4,12,1,0,1.0
HIST_SUI_GER_20200906,SUI,1,0.5,12,4,4,12,1,0,1.0
HIST_SUI_GER_20200906,GER,1,0.5,12,4,4,12,1,0,1.0
HIST_GER_TUR_20201007,GER,3,0.5,12,4,4,12,1,0,3.0
HIST_GER_TUR_20201007,TUR,3,0.5,12,4,4,12,1,0,3.0
HIST_ARG_ECU_20201008,ARG,1,0.5,12,4,4,12,1,0,1.0
HIST_GHA_QAT_20201012,QAT,1,0.5,12,4,4,12,1,0,1.0
HIST_CRO_POR_20201117,CRO,2,0.5,12,4,4,12,1,0,2.0
HIST_CRO_POR_20201117,POR,3,0.5,12,4,4,12,1,0,3.0
HIST_KOR_QAT_20201117,KOR,2,0.5,12,4,4,12,1,0,2.0
HIST_JPN_KOR_20210325,KOR,0,0.5,12,4,4,12,1,0,0.0
HIST_BRA_ECU_20210604,ECU,0,0.5,12,4,4,12,1,0,0.0
HIST_SEN_CPV_20210608,CPV,0,0.5,12,4,4,12,1,0,0.0
HIST_ESP_SWE_20210614,SWE,0,0.5,12,4,4,12,1,0,0.0
HIST_CUW_PAN_20210615,PAN,0,0.5,12,4,4,12,1,0,0.0
HIST_SUI_TUR_20210620,SUI,3,0.5,12,4,4,12,1,0,3.0
HIST_SUI_TUR_20210620,TUR,1,0.5,12,4,4,12,1,0,1.0
HIST_BRA_COL_20210623,COL,1,0.5,12,4,4,12,1,0,1.0
HIST_ENG_GER_20210629,GER,0,0.5,12,4,4,12,1,0,0.0
HIST_MEX_CAN_20210729,MEX,2,0.5,12,4,4,12,1,0,2.0
HIST_SWE_UZB_20210905,UZB,1,0.5,12,4,4,12,1,0,1.0
HIST_RSA_GHA_20210906,GHA,0,0.5,12,4,4,12,1,0,0.0
HIST_NED_TUR_20210907,TUR,1,0.5,12,4,4,12,1,0,1.0
HIST_ITA_ESP_20211006,ITA,1,0.5,12,4,4,12,1,0,1.0
HIST_URU_COL_20211007,URU,0,0.5,12,4,4,12,1,0,0.0
HIST_BEL_FRA_20211007,FRA,3,0.5,12,4,4,12,1,0,3.0
HIST_IRN_KOR_20211012,KOR,1,0.5,12,4,4,12,1,0,1.0
HIST_JOR_UZB_20211012,JOR,3,0.5,12,4,4,12,1,0,3.0
HIST_KSA_JOR_20211201,KSA,0,0.5,12,4,4,12,1,0,0.0
HIST_JOR_MAR_20211204,MAR,4,0.5,12,4,4,12,1,0,4.0
HIST_TUN_EGY_20211215,EGY,0,0.5,12,4,4,12,1,0,0.0
HIST_QAT_ALG_20211215,QAT,1,0.5,12,4,4,12,1,0,1.0
HIST_JAM_MEX_20220127,MEX,2,0.5,12,4,4,12,1,0,2.0
HIST_EGY_MAR_20220130,EGY,2,0.5,12,4,4,12,1,0,2.0
HIST_MEX_PAN_20220202,MEX,1,0.5,12,4,4,12,1,0,1.0
HIST_SEN_EGY_20220206,SEN,0,0.5,12,4,4,12,1,0,0.0
HIST_ENG_SUI_20220326,ENG,2,0.5,12,4,4,12,1,0,2.0
HIST_ENG_CIV_20220329,ENG,3,0.5,12,4,4,12,1,0,3.0
HIST_MEX_URU_20220602,URU,3,0.5,12,4,4,12,1,0,3.0
HIST_JPN_BRA_20220606,JPN,0,0.5,12,4,4,12,1,0,0.0
HIST_ECU_CPV_20220611,ECU,1,0.5,12,4,4,12,1,0,1.0
HIST_JAM_MEX_20220614,JAM,1,0.5,12,4,4,12,1,0,1.0
HIST_CZE_POR_20220924,CZE,0,0.5,12,4,4,12,1,0,0.0
HIST_CAN_URU_20220927,CAN,0,0.5,12,4,4,12,1,0,0.0
HIST_IRQ_ECU_20221112,IRQ,0,0.5,12,4,4,12,1,0,0.0
HIST_KSA_CRO_20221116,KSA,0,0.5,12,4,4,12,1,0,0.0
HIST_QAT_ECU_20221120,ECU,2,0.5,12,4,4,12,1,0,2.0
HIST_JPN_ESP_20221201,JPN,2,0.5,12,4,4,12,1,0,2.0
HIST_CAN_MAR_20221201,MAR,2,0.5,12,4,4,12,1,0,2.0
HIST_GHA_URU_20221202,GHA,0,0.5,12,4,4,12,1,0,0.0
HIST_JPN_CRO_20221205,JPN,1,0.5,12,4,4,12,1,0,1.0
HIST_FRA_MAR_20221214,MAR,0,0.5,12,4,4,12,1,0,0.0
HIST_ARG_FRA_20221218,ARG,3,0.5,12,4,4,12,1,0,3.0
HIST_MAR_BRA_20230325,BRA,1,0.5,12,4,4,12,1,0,1.0
HIST_SCO_ESP_20230328,ESP,0,0.5,12,4,4,12,1,0,0.0
HIST_NED_CRO_20230614,NED,2,0.5,12,4,4,12,1,0,2.0
HIST_USA_JAM_20230624,JAM,1,0.5,12,4,4,12,1,0,1.0
HIST_GER_FRA_20230912,GER,2,0.5,12,4,4,12,1,0,2.0
HIST_AUT_BEL_20231013,BEL,3,0.5,12,4,4,12,1,0,3.0
HIST_ALG_EGY_20231016,EGY,1,0.5,12,4,4,12,1,0,1.0
HIST_URU_BRA_20231017,URU,2,0.5,12,4,4,12,1,0,2.0
HIST_ENG_ITA_20231017,ENG,3,0.5,12,4,4,12,1,0,3.0
HIST_COL_BRA_20231116,BRA,1,0.5,12,4,4,12,1,0,1.0
HIST_MEX_COL_20231216,MEX,2,0.5,12,4,4,12,1,0,2.0
HIST_CPV_EGY_20240122,EGY,2,0.5,12,4,4,12,1,0,2.0
HIST_AUS_UZB_20240123,UZB,1,0.5,12,4,4,12,1,0,1.0
HIST_CPV_RSA_20240203,RSA,0,0.5,12,4,4,12,1,0,0.0
HIST_ENG_BEL_20240326,ENG,2,0.5,12,4,4,12,1,0,2.0
HIST_CIV_URU_20240326,CIV,2,0.5,12,4,4,12,1,0,2.0
HIST_KSA_JOR_20240611,JOR,2,0.5,12,4,4,12,1,0,2.0
HIST_AUT_FRA_20240617,AUT,0,0.5,12,4,4,12,1,0,0.0
HIST_CRO_ITA_20240624,ITA,1,0.5,12,4,4,12,1,0,1.0
HIST_NED_ENG_20240710,ENG,2,0.5,12,4,4,12,1,0,2.0
HIST_CAN_URU_20240713,CAN,2,0.5,12,4,4,12,1,0,2.0
HIST_FRA_ITA_20240906,FRA,1,0.5,12,4,4,12,1,0,1.0
HIST_USA_CAN_20240907,USA,1,0.5,12,4,4,12,1,0,1.0
HIST_NOR_AUT_20240909,NOR,2,0.5,12,4,4,12,1,0,2.0
HIST_NED_GER_20240910,NED,2,0.5,12,4,4,12,1,0,2.0
HIST_ITA_BEL_20241010,ITA,2,0.5,12,4,4,12,1,0,2.0
HIST_JPN_AUS_20241015,AUS,1,0.5,12,4,4,12,1,0,1.0
HIST_QAT_UZB_20241114,UZB,2,0.5,12,4,4,12,1,0,2.0
HIST_CRO_POR_20241118,CRO,1,0.5,12,4,4,12,1,0,1.0
HIST_CRO_POR_20241118,POR,1,0.5,12,4,4,12,1,0,1.0
HIST_ESP_SUI_20241118,ESP,3,0.5,12,4,4,12,1,0,3.0
HIST_USA_JAM_20241118,JAM,2,0.5,12,4,4,12,1,0,2.0
HIST_PAN_MEX_20250323,PAN,1,0.5,12,4,4,12,1,0,1.0
HIST_ESP_NED_20250323,NED,3,0.5,12,4,4,12,1,0,3.0
HIST_QAT_IRN_20250605,QAT,1,0.5,12,4,4,12,1,0,1.0
HIST_IRQ_KOR_20250605,IRQ,0,0.5,12,4,4,12,1,0,0.0
HIST_MEX_SUI_20250607,SUI,4,0.5,12,4,4,12,1,0,4.0
HIST_MEX_TUR_20250610,MEX,1,0.5,12,4,4,12,1,0,1.0
HIST_CAN_CIV_20250610,CIV,0,0.5,12,4,4,12,1,0,0.0
HIST_USA_HAI_20250622,USA,2,0.5,12,4,4,12,1,0,2.0
HIST_PAN_JAM_20250624,PAN,4,0.5,12,4,4,12,1,0,4.0
HIST_ECU_ARG_20250909,ECU,1,0.5,12,4,4,12,1,0,1.0
HIST_SWE_SUI_20251010,SUI,2,0.5,12,4,4,12,1,0,2.0
HIST_MEX_COL_20251011,COL,4,0.5,12,4,4,12,1,0,4.0
HIST_UZB_URU_20251013,UZB,1,0.5,12,4,4,12,1,0,1.0
HIST_CAN_ECU_20251113,ECU,0,0.5,12,4,4,12,1,0,0.0
HIST_USA_PAR_20251115,PAR,1,0.5,12,4,4,12,1,0,1.0
HIST_KSA_ALG_20251118,KSA,0,0.5,12,4,4,12,1,0,0.0
HIST_QAT_TUN_20251207,TUN,3,0.5,12,4,4,12,1,0,3.0
HIST_MAR_KSA_20251208,KSA,0,0.5,12,4,4,12,1,0,0.0
HIST_SEN_EGY_20260114,SEN,1,0.5,12,4,4,12,1,0,1.0
HIST_BRA_FRA_20260326,FRA,2,0.5,12,4,4,12,1,0,2.0
HIST_COL_FRA_20260329,FRA,3,0.5,12,4,4,12,1,0,3.0
HIST_NED_ECU_20260331,NED,1,0.5,12,4,4,12,1,0,1.0
HIST_BRA_EGY_20260606,BRA,2,0.5,12,4,4,12,1,0,2.0
HIST_NZL_KOR_20000121,NZL,0,0.5,12,4,4,12,1,0,0.0
HIST_EGY_SEN_20000128,SEN,0,0.5,12,4,4,12,1,0,0.0
HIST_NED_GER_20000223,GER,1,0.5,12,4,4,12,1,0,1.0
HIST_TUR_NOR_20000223,NOR,2,0.5,12,4,4,12,1,0,2.0
HIST_MAR_JAM_20000604,JAM,0,0.5,12,4,4,12,1,0,0.0
HIST_MAR_FRA_20000606,MAR,1,0.5,12,4,4,12,1,0,1.0
HIST_AUS_PAR_20000612,AUS,0,0.5,12,4,4,12,1,0,0.0
HIST_AUS_PAR_20000612,PAR,0,0.5,12,4,4,12,1,0,0.0
HIST_EGY_GHA_20000617,GHA,0,0.5,12,4,4,12,1,0,0.0
HIST_ITA_SWE_20000619,SWE,1,0.5,12,4,4,12,1,0,1.0
HIST_AUS_NZL_20000628,NZL,0,0.5,12,4,4,12,1,0,0.0
HIST_SEN_EGY_20000709,SEN,0,0.5,12,4,4,12,1,0,0.0
HIST_ARG_ECU_20000719,ECU,0,0.5,12,4,4,12,1,0,0.0
HIST_GER_ESP_20000816,ESP,1,0.5,12,4,4,12,1,0,1.0
HIST_MEX_PAN_20000903,PAN,1,0.5,12,4,4,12,1,0,1.0
HIST_NED_POR_20001011,POR,2,0.5,12,4,4,12,1,0,2.0
HIST_SCO_AUS_20001115,SCO,0,0.5,12,4,4,12,1,0,0.0
HIST_SCO_AUS_20001115,AUS,2,0.5,12,4,4,12,1,0,2.0
HIST_HAI_PAN_20010405,PAN,1,0.5,12,4,4,12,1,0,1.0
HIST_PAN_HAI_20010424,PAN,2,0.5,12,4,4,12,1,0,2.0
HIST_EGY_KOR_20010426,KOR,2,0.5,12,4,4,12,1,0,2.0
HIST_AUS_FRA_20010601,AUS,1,0.5,12,4,4,12,1,0,1.0
HIST_KOR_MEX_20010601,KOR,2,0.5,12,4,4,12,1,0,2.0
HIST_USA_ECU_20010607,USA,0,0.5,12,4,4,12,1,0,0.0
HIST_CIV_EGY_20010617,CIV,2,0.5,12,4,4,12,1,0,2.0
HIST_IRN_KSA_20010824,IRN,2,0.5,12,4,4,12,1,0,2.0
HIST_GER_ENG_20010901,GER,1,0.5,12,4,4,12,1,0,1.0
HIST_TUR_SWE_20010905,TUR,1,0.5,12,4,4,12,1,0,1.0
HIST_IRQ_IRN_20010907,IRQ,1,0.5,12,4,4,12,1,0,1.0
HIST_QAT_UZB_20010928,UZB,2,0.5,12,4,4,12,1,0,2.0
HIST_USA_JAM_20011007,JAM,1,0.5,12,4,4,12,1,0,1.0
HIST_ECU_URU_20011107,URU,1,0.5,12,4,4,12,1,0,1.0
HIST_URU_ARG_20011114,ARG,1,0.5,12,4,4,12,1,0,1.0
HIST_QAT_IRQ_20020113,QAT,1,0.5,12,4,4,12,1,0,1.0
HIST_USA_KOR_20020119,USA,2,0.5,12,4,4,12,1,0,2.0
HIST_MEX_KOR_20020127,MEX,0,0.5,12,4,4,12,1,0,0.0
HIST_RSA_MAR_20020130,RSA,3,0.5,12,4,4,12,1,0,3.0
HIST_KSA_QAT_20020130,KSA,3,0.5,12,4,4,12,1,0,3.0
HIST_CAN_KOR_20020202,CAN,2,0.5,12,4,4,12,1,0,2.0
HIST_BEL_NOR_20020213,NOR,0,0.5,12,4,4,12,1,0,0.0
HIST_BEL_ALG_20020514,ALG,0,0.5,12,4,4,12,1,0,0.0
HIST_KSA_SEN_20020514,SEN,2,0.5,12,4,4,12,1,0,2.0
HIST_SUI_CAN_20020515,CAN,3,0.5,12,4,4,12,1,0,3.0
HIST_CZE_ITA_20020518,ITA,0,0.5,12,4,4,12,1,0,0.0
HIST_USA_NED_20020519,NED,2,0.5,12,4,4,12,1,0,2.0
HIST_ITA_ECU_20020603,ITA,2,0.5,12,4,4,12,1,0,2.0
HIST_GER_USA_20020621,USA,0,0.5,12,4,4,12,1,0,0.0
HIST_KOR_GER_20020625,KOR,0,0.5,12,4,4,12,1,0,0.0
HIST_GER_BRA_20020630,BRA,2,0.5,12,4,4,12,1,0,2.0
HIST_JOR_IRN_20020830,IRN,0,0.5,12,4,4,12,1,0,0.0
HIST_IRQ_IRN_20020905,IRN,0,0.5,12,4,4,12,1,0,0.0
HIST_AUT_NED_20021016,NED,3,0.5,12,4,4,12,1,0,3.0
HIST_MEX_ARG_20030204,ARG,1,0.5,12,4,4,12,1,0,1.0
HIST_ALG_BEL_20030212,ALG,1,0.5,12,4,4,12,1,0,1.0
HIST_TUN_SWE_20030212,TUN,1,0.5,12,4,4,12,1,0,1.0
HIST_EGY_QAT_20030319,EGY,6,0.5,12,4,4,12,1,0,6.0
HIST_CRO_BEL_20030329,CRO,4,0.5,12,4,4,12,1,0,4.0
HIST_CRO_BEL_20030329,BEL,0,0.5,12,4,4,12,1,0,0.0
HIST_POR_BRA_20030329,POR,2,0.5,12,4,4,12,1,0,2.0
HIST_SWE_CRO_20030430,CRO,2,0.5,12,4,4,12,1,0,2.0
HIST_JPN_KOR_20030531,KOR,1,0.5,12,4,4,12,1,0,1.0
HIST_JPN_ARG_20030608,ARG,4,0.5,12,4,4,12,1,0,4.0
HIST_JPN_PAR_20030611,PAR,0,0.5,12,4,4,12,1,0,0.0
HIST_JPN_COL_20030622,COL,1,0.5,12,4,4,12,1,0,1.0
HIST_BRA_TUR_20030623,BRA,2,0.5,12,4,4,12,1,0,2.0
HIST_FRA_TUR_20030626,FRA,3,0.5,12,4,4,12,1,0,3.0
HIST_SUI_FRA_20030820,SUI,0,0.5,12,4,4,12,1,0,0.0
HIST_EGY_SEN_20031010,EGY,1,0.5,12,4,4,12,1,0,1.0
HIST_NED_SCO_20031119,SCO,0,0.5,12,4,4,12,1,0,0.0
HIST_SEN_RSA_20040118,SEN,2,0.5,12,4,4,12,1,0,2.0
HIST_NED_FRA_20040331,FRA,0,0.5,12,4,4,12,1,0,0.0
HIST_USA_MEX_20040428,USA,1,0.5,12,4,4,12,1,0,1.0
HIST_AUS_TUR_20040524,TUR,1,0.5,12,4,4,12,1,0,1.0
HIST_ENG_JPN_20040601,ENG,1,0.5,12,4,4,12,1,0,1.0
HIST_KOR_TUR_20040605,TUR,1,0.5,12,4,4,12,1,0,1.0
HIST_FRA_ENG_20040613,FRA,2,0.5,12,4,4,12,1,0,2.0
HIST_IRQ_UZB_20040718,UZB,1,0.5,12,4,4,12,1,0,1.0
HIST_URU_BRA_20040721,BRA,1,0.5,12,4,4,12,1,0,1.0
HIST_JPN_IRN_20040728,JPN,0,0.5,12,4,4,12,1,0,0.0
HIST_TUN_RSA_20040818,TUN,0,0.5,12,4,4,12,1,0,0.0
HIST_TUN_RSA_20040818,RSA,2,0.5,12,4,4,12,1,0,2.0
HIST_ALG_SEN_20041117,ALG,1,0.5,12,4,4,12,1,0,1.0
HIST_SCO_SWE_20041117,SCO,1,0.5,12,4,4,12,1,0,1.0
HIST_COL_KOR_20050115,KOR,1,0.5,12,4,4,12,1,0,1.0
HIST_PAR_KOR_20050119,PAR,1,0.5,12,4,4,12,1,0,1.0
HIST_KOR_EGY_20050204,KOR,0,0.5,12,4,4,12,1,0,0.0
HIST_MEX_ARG_20050309,ARG,1,0.5,12,4,4,12,1,0,1.0
HIST_URU_BRA_20050330,BRA,1,0.5,12,4,4,12,1,0,1.0
HIST_CPV_RSA_20050604,CPV,1,0.5,12,4,4,12,1,0,1.0
HIST_NOR_ITA_20050604,NOR,0,0.5,12,4,4,12,1,0,0.0
HIST_BRA_PAR_20050605,BRA,4,0.5,12,4,4,12,1,0,4.0
HIST_BRA_ARG_20050629,ARG,1,0.5,12,4,4,12,1,0,1.0
HIST_SUI_FRA_20051008,SUI,1,0.5,12,4,4,12,1,0,1.0
HIST_AUS_JAM_20051009,AUS,5,0.5,12,4,4,12,1,0,5.0
HIST_QAT_IRQ_20051011,QAT,0,0.5,12,4,4,12,1,0,0.0
HIST_CZE_NOR_20051116,NOR,0,0.5,12,4,4,12,1,0,0.0
HIST_CIV_ITA_20051116,CIV,1,0.5,12,4,4,12,1,0,1.0
HIST_EGY_RSA_20060114,EGY,1,0.5,12,4,4,12,1,0,1.0
HIST_USA_JPN_20060210,USA,3,0.5,12,4,4,12,1,0,3.0
HIST_QAT_UZB_20060301,QAT,2,0.5,12,4,4,12,1,0,2.0
HIST_BEL_KSA_20060511,BEL,2,0.5,12,4,4,12,1,0,2.0
HIST_NOR_PAR_20060524,PAR,2,0.5,12,4,4,12,1,0,2.0
HIST_KSA_TUR_20060531,TUR,1,0.5,12,4,4,12,1,0,1.0
HIST_BRA_NZL_20060604,NZL,0,0.5,12,4,4,12,1,0,0.0
HIST_GHA_KOR_20060604,KOR,1,0.5,12,4,4,12,1,0,1.0
HIST_ARG_MEX_20060624,ARG,2,0.5,12,4,4,12,1,0,2.0
HIST_GER_POR_20060708,GER,3,0.5,12,4,4,12,1,0,3.0
HIST_GER_POR_20060708,POR,1,0.5,12,4,4,12,1,0,1.0
HIST_GER_SWE_20060816,SWE,0,0.5,12,4,4,12,1,0,0.0
HIST_CRO_NOR_20070207,CRO,2,0.5,12,4,4,12,1,0,2.0
HIST_GER_SUI_20070207,GER,3,0.5,12,4,4,12,1,0,3.0
HIST_GER_SUI_20070207,SUI,1,0.5,12,4,4,12,1,0,1.0
HIST_USA_MEX_20070207,USA,2,0.5,12,4,4,12,1,0,2.0
HIST_AUT_PAR_20070602,AUT,0,0.5,12,4,4,12,1,0,0.0
HIST_JOR_IRQ_20070608,JOR,1,0.5,12,4,4,12,1,0,1.0
HIST_USA_CAN_20070621,CAN,1,0.5,12,4,4,12,1,0,1.0
HIST_JOR_IRN_20070622,IRN,1,0.5,12,4,4,12,1,0,1.0
HIST_PAR_COL_20070628,PAR,5,0.5,12,4,4,12,1,0,5.0
HIST_ARG_COL_20070702,ARG,4,0.5,12,4,4,12,1,0,4.0
HIST_IRN_JAM_20070702,IRN,8,0.5,12,4,4,12,1,0,8.0
HIST_IRN_UZB_20070711,UZB,1,0.5,12,4,4,12,1,0,1.0
HIST_IRQ_KSA_20070729,IRQ,1,0.5,12,4,4,12,1,0,1.0
HIST_IRQ_KSA_20070729,KSA,0,0.5,12,4,4,12,1,0,0.0
HIST_ALG_BRA_20070822,ALG,0,0.5,12,4,4,12,1,0,0.0
HIST_SWE_USA_20070822,USA,0,0.5,12,4,4,12,1,0,0.0
HIST_QAT_IRQ_20071016,QAT,3,0.5,12,4,4,12,1,0,3.0
HIST_AUT_CIV_20071017,AUT,3,0.5,12,4,4,12,1,0,3.0
HIST_PAR_ECU_20071117,PAR,5,0.5,12,4,4,12,1,0,5.0
HIST_RSA_USA_20071117,RSA,0,0.5,12,4,4,12,1,0,0.0
HIST_AUT_GER_20080206,AUT,0,0.5,12,4,4,12,1,0,0.0
HIST_UZB_KSA_20080326,UZB,3,0.5,12,4,4,12,1,0,3.0
HIST_BRA_CAN_20080531,BRA,3,0.5,12,4,4,12,1,0,3.0
HIST_TUR_CZE_20080615,TUR,3,0.5,12,4,4,12,1,0,3.0
HIST_IRN_JOR_20080815,JOR,1,0.5,12,4,4,12,1,0,1.0
HIST_JPN_URU_20080820,JPN,1,0.5,12,4,4,12,1,0,1.0
HIST_SWE_FRA_20080820,SWE,2,0.5,12,4,4,12,1,0,2.0
HIST_SWE_FRA_20080820,FRA,3,0.5,12,4,4,12,1,0,3.0
HIST_URU_ECU_20080910,ECU,0,0.5,12,4,4,12,1,0,0.0
HIST_KSA_QAT_20090105,QAT,0,0.5,12,4,4,12,1,0,0.0
HIST_AUS_UZB_20090401,AUS,2,0.5,12,4,4,12,1,0,2.0
HIST_IRN_SEN_20090401,SEN,1,0.5,12,4,4,12,1,0,1.0
HIST_ECU_PAR_20090401,PAR,1,0.5,12,4,4,12,1,0,1.0
HIST_ECU_ARG_20090610,ARG,0,0.5,12,4,4,12,1,0,0.0
HIST_RSA_NZL_20090617,NZL,0,0.5,12,4,4,12,1,0,0.0
HIST_ESP_IRQ_20090617,IRQ,0,0.5,12,4,4,12,1,0,0.0
HIST_HAI_PAN_20090619,HAI,1,0.5,12,4,4,12,1,0,1.0
HIST_USA_BRA_20090628,BRA,3,0.5,12,4,4,12,1,0,3.0
HIST_ALG_URU_20090812,URU,0,0.5,12,4,4,12,1,0,0.0
HIST_KOR_PAR_20090812,KOR,1,0.5,12,4,4,12,1,0,1.0
HIST_NOR_SCO_20090812,SCO,0,0.5,12,4,4,12,1,0,0.0
HIST_URU_COL_20090909,COL,1,0.5,12,4,4,12,1,0,1.0
HIST_MEX_COL_20090930,COL,2,0.5,12,4,4,12,1,0,2.0
HIST_URU_ARG_20091014,URU,0,0.5,12,4,4,12,1,0,0.0
HIST_ARG_JAM_20100210,JAM,1,0.5,12,4,4,12,1,0,1.0
HIST_MEX_SEN_20100510,SEN,0,0.5,12,4,4,12,1,0,0.0
HIST_AUT_CRO_20100519,AUT,0,0.5,12,4,4,12,1,0,0.0
HIST_TUR_CZE_20100522,CZE,1,0.5,12,4,4,12,1,0,1.0
HIST_RSA_COL_20100527,COL,1,0.5,12,4,4,12,1,0,1.0
HIST_ESP_KOR_20100603,ESP,1,0.5,12,4,4,12,1,0,1.0
HIST_SUI_ITA_20100605,SUI,1,0.5,12,4,4,12,1,0,1.0
HIST_FRA_MEX_20100617,FRA,0,0.5,12,4,4,12,1,0,0.0
HIST_POR_BRA_20100625,POR,0,0.5,12,4,4,12,1,0,0.0
HIST_SUI_ENG_20100907,ENG,3,0.5,12,4,4,12,1,0,3.0
HIST_IRN_IRQ_20101001,IRQ,1,0.5,12,4,4,12,1,0,1.0
HIST_CZE_SCO_20101008,SCO,0,0.5,12,4,4,12,1,0,0.0
HIST_KSA_UZB_20101009,KSA,4,0.5,12,4,4,12,1,0,4.0
HIST_SCO_ESP_20101012,ESP,3,0.5,12,4,4,12,1,0,3.0
HIST_AUS_IRQ_20110122,AUS,1,0.5,12,4,4,12,1,0,1.0
HIST_CRO_CZE_20110209,CZE,2,0.5,12,4,4,12,1,0,2.0
HIST_ARG_PAR_20110525,PAR,2,0.5,12,4,4,12,1,0,2.0
HIST_EGY_RSA_20110605,EGY,0,0.5,12,4,4,12,1,0,0.0
HIST_KOR_GHA_20110607,GHA,1,0.5,12,4,4,12,1,0,1.0
HIST_PAR_ECU_20110703,PAR,0,0.5,12,4,4,12,1,0,0.0
HIST_GER_BRA_20110810,GER,3,0.5,12,4,4,12,1,0,3.0
HIST_QAT_IRQ_20110819,QAT,0,0.5,12,4,4,12,1,0,0.0
HIST_GER_BEL_20111011,GER,3,0.5,12,4,4,12,1,0,3.0
HIST_GER_BEL_20111011,BEL,1,0.5,12,4,4,12,1,0,1.0
HIST_NED_SUI_20111111,SUI,0,0.5,12,4,4,12,1,0,0.0
HIST_MAR_TUN_20120123,MAR,1,0.5,12,4,4,12,1,0,1.0
HIST_IRN_JOR_20120223,IRN,2,0.5,12,4,4,12,1,0,2.0
HIST_KOR_UZB_20120225,KOR,4,0.5,12,4,4,12,1,0,4.0
HIST_CRO_SWE_20120229,CRO,1,0.5,12,4,4,12,1,0,1.0
HIST_ITA_USA_20120229,USA,1,0.5,12,4,4,12,1,0,1.0
HIST_MEX_COL_20120229,MEX,0,0.5,12,4,4,12,1,0,0.0
HIST_NZL_JAM_20120229,NZL,2,0.5,12,4,4,12,1,0,2.0
HIST_PAR_PAN_20120229,PAR,1,0.5,12,4,4,12,1,0,1.0
HIST_EGY_IRQ_20120417,IRQ,0,0.5,12,4,4,12,1,0,0.0
HIST_SUI_GER_20120526,SUI,5,0.5,12,4,4,12,1,0,5.0
HIST_SUI_GER_20120526,GER,3,0.5,12,4,4,12,1,0,3.0
HIST_ESP_KOR_20120530,ESP,4,0.5,12,4,4,12,1,0,4.0
HIST_IRN_QAT_20120612,QAT,0,0.5,12,4,4,12,1,0,0.0
HIST_CZE_POR_20120621,POR,1,0.5,12,4,4,12,1,0,1.0
HIST_ESP_FRA_20120623,FRA,0,0.5,12,4,4,12,1,0,0.0
HIST_ENG_ITA_20120815,ITA,1,0.5,12,4,4,12,1,0,1.0
HIST_MEX_USA_20120815,USA,1,0.5,12,4,4,12,1,0,1.0
HIST_BRA_RSA_20120907,BRA,1,0.5,12,4,4,12,1,0,1.0
HIST_BEL_CRO_20120911,BEL,1,0.5,12,4,4,12,1,0,1.0
HIST_BEL_CRO_20120911,CRO,1,0.5,12,4,4,12,1,0,1.0
HIST_URU_ECU_20120911,URU,1,0.5,12,4,4,12,1,0,1.0
HIST_ARG_URU_20121012,ARG,3,0.5,12,4,4,12,1,0,3.0
HIST_EGY_TUN_20121016,EGY,0,0.5,12,4,4,12,1,0,0.0
HIST_IRN_UZB_20121114,IRN,0,0.5,12,4,4,12,1,0,0.0
HIST_GHA_TUN_20130113,GHA,4,0.5,12,4,4,12,1,0,4.0
HIST_MEX_JAM_20130206,JAM,0,0.5,12,4,4,12,1,0,0.0
HIST_NED_ITA_20130206,ITA,1,0.5,12,4,4,12,1,0,1.0
HIST_BRA_ENG_20130602,BRA,2,0.5,12,4,4,12,1,0,2.0
HIST_QAT_IRN_20130604,IRN,1,0.5,12,4,4,12,1,0,1.0
HIST_JPN_MEX_20130622,MEX,2,0.5,12,4,4,12,1,0,2.0
HIST_KOR_AUS_20130720,KOR,0,0.5,12,4,4,12,1,0,0.0
HIST_SUI_BRA_20130814,BRA,0,0.5,12,4,4,12,1,0,0.0
HIST_TUR_GHA_20130814,TUR,2,0.5,12,4,4,12,1,0,2.0
HIST_JOR_UZB_20130906,JOR,1,0.5,12,4,4,12,1,0,1.0
HIST_KOR_CRO_20130910,CRO,2,0.5,12,4,4,12,1,0,2.0
HIST_PAR_ARG_20130910,ARG,5,0.5,12,4,4,12,1,0,5.0
HIST_URU_COL_20130910,COL,0,0.5,12,4,4,12,1,0,0.0
HIST_USA_MEX_20130910,MEX,0,0.5,12,4,4,12,1,0,0.0
HIST_USA_JAM_20131011,JAM,0,0.5,12,4,4,12,1,0,0.0
HIST_KOR_SUI_20131115,SUI,1,0.5,12,4,4,12,1,0,1.0
HIST_RSA_ESP_20131119,ESP,0,0.5,12,4,4,12,1,0,0.0
HIST_NZL_MEX_20131120,MEX,4,0.5,12,4,4,12,1,0,4.0
HIST_URU_JOR_20131120,JOR,0,0.5,12,4,4,12,1,0,0.0
HIST_USA_KOR_20140201,USA,2,0.5,12,4,4,12,1,0,2.0
HIST_ESP_ITA_20140305,ESP,1,0.5,12,4,4,12,1,0,1.0
HIST_SUI_JAM_20140530,JAM,0,0.5,12,4,4,12,1,0,0.0
HIST_COL_SEN_20140531,SEN,2,0.5,12,4,4,12,1,0,2.0
HIST_ECU_ENG_20140604,ENG,2,0.5,12,4,4,12,1,0,2.0
HIST_JAM_EGY_20140604,JAM,2,0.5,12,4,4,12,1,0,2.0
HIST_GHA_KOR_20140609,GHA,4,0.5,12,4,4,12,1,0,4.0
HIST_AUS_NED_20140618,AUS,2,0.5,12,4,4,12,1,0,2.0
HIST_USA_POR_20140622,USA,2,0.5,12,4,4,12,1,0,2.0
HIST_BEL_AUS_20140904,BEL,2,0.5,12,4,4,12,1,0,2.0
HIST_UZB_JOR_20140904,UZB,2,0.5,12,4,4,12,1,0,2.0
HIST_SEN_TUN_20141010,SEN,0,0.5,12,4,4,12,1,0,0.0
HIST_TUR_CZE_20141010,CZE,2,0.5,12,4,4,12,1,0,2.0
HIST_TUN_SEN_20141015,SEN,0,0.5,12,4,4,12,1,0,0.0
HIST_JOR_KOR_20141114,JOR,0,0.5,12,4,4,12,1,0,0.0
HIST_JOR_KOR_20141114,KOR,1,0.5,12,4,4,12,1,0,1.0
HIST_AUT_BRA_20141118,AUT,1,0.5,12,4,4,12,1,0,1.0
HIST_RSA_GHA_20150127,RSA,1,0.5,12,4,4,12,1,0,1.0
HIST_MAR_URU_20150328,URU,1,0.5,12,4,4,12,1,0,1.0
HIST_USA_MEX_20150415,USA,2,0.5,12,4,4,12,1,0,2.0
HIST_ARG_JAM_20150620,JAM,0,0.5,12,4,4,12,1,0,0.0
HIST_PAN_HAI_20150707,PAN,1,0.5,12,4,4,12,1,0,1.0
HIST_NOR_CRO_20150906,NOR,2,0.5,12,4,4,12,1,0,2.0
HIST_ENG_SUI_20150908,SUI,0,0.5,12,4,4,12,1,0,0.0
HIST_ARG_ECU_20151008,ECU,2,0.5,12,4,4,12,1,0,2.0
HIST_IRN_JPN_20151013,JPN,1,0.5,12,4,4,12,1,0,1.0
HIST_NED_CZE_20151013,CZE,3,0.5,12,4,4,12,1,0,3.0
HIST_CZE_SCO_20160324,SCO,1,0.5,12,4,4,12,1,0,1.0
HIST_MEX_CAN_20160329,MEX,2,0.5,12,4,4,12,1,0,2.0
HIST_FRA_SCO_20160604,FRA,3,0.5,12,4,4,12,1,0,3.0
HIST_BEL_NOR_20160605,BEL,3,0.5,12,4,4,12,1,0,3.0
HIST_ARG_PAN_20160610,ARG,5,0.5,12,4,4,12,1,0,5.0
HIST_ECU_HAI_20160612,HAI,0,0.5,12,4,4,12,1,0,0.0
HIST_ESP_TUR_20160617,ESP,3,0.5,12,4,4,12,1,0,3.0
HIST_CRO_ESP_20160621,ESP,1,0.5,12,4,4,12,1,0,1.0
HIST_SWE_NED_20160906,NED,1,0.5,12,4,4,12,1,0,1.0
HIST_MEX_PAN_20161011,PAN,0,0.5,12,4,4,12,1,0,0.0
HIST_ENG_SCO_20161111,SCO,0,0.5,12,4,4,12,1,0,0.0
HIST_JPN_KSA_20161115,JPN,2,0.5,12,4,4,12,1,0,2.0
HIST_JPN_KSA_20161115,KSA,1,0.5,12,4,4,12,1,0,1.0
HIST_CIV_SWE_20170108,CIV,2,0.5,12,4,4,12,1,0,2.0
HIST_ALG_TUN_20170119,ALG,1,0.5,12,4,4,12,1,0,1.0
HIST_SCO_CAN_20170322,CAN,1,0.5,12,4,4,12,1,0,1.0
HIST_IRQ_AUS_20170323,IRQ,1,0.5,12,4,4,12,1,0,1.0
HIST_IRQ_JOR_20170601,IRQ,1,0.5,12,4,4,12,1,0,1.0
HIST_FRA_PAR_20170602,FRA,5,0.5,12,4,4,12,1,0,5.0
HIST_AUS_KSA_20170608,KSA,2,0.5,12,4,4,12,1,0,2.0
HIST_MEX_USA_20170611,MEX,1,0.5,12,4,4,12,1,0,1.0
HIST_IRN_UZB_20170612,UZB,0,0.5,12,4,4,12,1,0,0.0
HIST_FRA_ENG_20170613,ENG,2,0.5,12,4,4,12,1,0,2.0
HIST_MEX_NZL_20170621,MEX,2,0.5,12,4,4,12,1,0,2.0
HIST_RSA_CPV_20170905,CPV,2,0.5,12,4,4,12,1,0,2.0
HIST_CIV_MAR_20171111,MAR,2,0.5,12,4,4,12,1,0,2.0
HIST_GHA_EGY_20171112,GHA,1,0.5,12,4,4,12,1,0,1.0
HIST_ITA_SWE_20171113,ITA,0,0.5,12,4,4,12,1,0,0.0
HIST_JPN_KOR_20171216,JPN,1,0.5,12,4,4,12,1,0,1.0
HIST_POR_EGY_20180323,POR,2,0.5,12,4,4,12,1,0,2.0
HIST_POR_TUN_20180528,POR,2,0.5,12,4,4,12,1,0,2.0
HIST_ITA_KSA_20180528,ITA,2,0.5,12,4,4,12,1,0,2.0
HIST_JPN_GHA_20180530,JPN,0,0.5,12,4,4,12,1,0,0.0
HIST_JPN_PAR_20180612,JPN,4,0.5,12,4,4,12,1,0,4.0
HIST_FRA_AUS_20180616,FRA,2,0.5,12,4,4,12,1,0,2.0
HIST_GER_MEX_20180617,MEX,1,0.5,12,4,4,12,1,0,1.0
HIST_SWE_KOR_20180618,KOR,0,0.5,12,4,4,12,1,0,0.0
HIST_ARG_CRO_20180621,CRO,3,0.5,12,4,4,12,1,0,3.0
HIST_JPN_SEN_20180624,JPN,2,0.5,12,4,4,12,1,0,2.0
HIST_MEX_SWE_20180627,SWE,3,0.5,12,4,4,12,1,0,3.0
HIST_PAN_TUN_20180628,TUN,2,0.5,12,4,4,12,1,0,2.0
HIST_ECU_JAM_20180907,ECU,2,0.5,12,4,4,12,1,0,2.0
HIST_COL_ARG_20180911,COL,0,0.5,12,4,4,12,1,0,0.0
HIST_USA_COL_20181011,USA,2,0.5,12,4,4,12,1,0,2.0
HIST_USA_COL_20181011,COL,4,0.5,12,4,4,12,1,0,4.0
HIST_KSA_IRQ_20181015,KSA,1,0.5,12,4,4,12,1,0,1.0
HIST_KSA_IRQ_20181015,IRQ,1,0.5,12,4,4,12,1,0,1.0
HIST_JPN_URU_20181016,URU,3,0.5,12,4,4,12,1,0,3.0
HIST_KOR_PAN_20181016,KOR,2,0.5,12,4,4,12,1,0,2.0
HIST_UZB_QAT_20181016,QAT,0,0.5,12,4,4,12,1,0,0.0
HIST_ENG_CRO_20181118,ENG,2,0.5,12,4,4,12,1,0,2.0
HIST_QAT_JOR_20181223,JOR,0,0.5,12,4,4,12,1,0,0.0
HIST_KOR_KSA_20181231,KSA,0,0.5,12,4,4,12,1,0,0.0
HIST_IRN_IRQ_20190116,IRN,0,0.5,12,4,4,12,1,0,0.0
HIST_JPN_KSA_20190121,JPN,1,0.5,12,4,4,12,1,0,1.0
HIST_JPN_KSA_20190121,KSA,0,0.5,12,4,4,12,1,0,0.0
HIST_JPN_QAT_20190201,JPN,1,0.5,12,4,4,12,1,0,1.0
HIST_KOR_COL_20190326,COL,1,0.5,12,4,4,12,1,0,1.0
HIST_NOR_SWE_20190326,SWE,3,0.5,12,4,4,12,1,0,3.0
HIST_KOR_IRN_20190611,KOR,1,0.5,12,4,4,12,1,0,1.0
HIST_SEN_TUN_20190714,SEN,1,0.5,12,4,4,12,1,0,1.0
HIST_JPN_PAR_20190905,PAR,0,0.5,12,4,4,12,1,0,0.0
HIST_USA_MEX_20190906,USA,0,0.5,12,4,4,12,1,0,0.0
HIST_CIV_TUN_20190910,CIV,2,0.5,12,4,4,12,1,0,2.0
HIST_CZE_ENG_20191011,CZE,2,0.5,12,4,4,12,1,0,2.0
HIST_BRA_KOR_20191119,BRA,3,0.5,12,4,4,12,1,0,3.0
HIST_ECU_COL_20191119,COL,1,0.5,12,4,4,12,1,0,1.0
HIST_GER_ESP_20200903,ESP,1,0.5,12,4,4,12,1,0,1.0
HIST_CRO_SWE_20201011,CRO,2,0.5,12,4,4,12,1,0,2.0
HIST_ITA_NED_20201014,NED,1,0.5,12,4,4,12,1,0,1.0
HIST_BEL_SUI_20201111,BEL,2,0.5,12,4,4,12,1,0,2.0
HIST_BEL_SUI_20201111,SUI,1,0.5,12,4,4,12,1,0,1.0
HIST_BEL_ENG_20201115,ENG,0,0.5,12,4,4,12,1,0,0.0
HIST_ECU_COL_20201117,ECU,6,0.5,12,4,4,12,1,0,6.0
HIST_RSA_GHA_20210325,RSA,1,0.5,12,4,4,12,1,0,1.0
HIST_ENG_CRO_20210613,CRO,0,0.5,12,4,4,12,1,0,0.0
HIST_GER_FRA_20210615,GER,0,0.5,12,4,4,12,1,0,0.0
HIST_CRO_CZE_20210618,CZE,1,0.5,12,4,4,12,1,0,1.0
HIST_ARG_URU_20210618,ARG,1,0.5,12,4,4,12,1,0,1.0
HIST_MEX_PAN_20210630,PAN,0,0.5,12,4,4,12,1,0,0.0
HIST_ARG_ECU_20210703,ARG,3,0.5,12,4,4,12,1,0,3.0
HIST_SWE_ESP_20210902,ESP,1,0.5,12,4,4,12,1,0,1.0
HIST_AUT_SCO_20210907,AUT,0,0.5,12,4,4,12,1,0,0.0
HIST_NED_TUR_20210907,NED,6,0.5,12,4,4,12,1,0,6.0
HIST_PAR_ARG_20211007,ARG,0,0.5,12,4,4,12,1,0,0.0
HIST_URU_COL_20211007,COL,0,0.5,12,4,4,12,1,0,0.0
HIST_POR_QAT_20211009,POR,3,0.5,12,4,4,12,1,0,3.0
HIST_CAN_MEX_20211116,CAN,2,0.5,12,4,4,12,1,0,2.0
HIST_NED_NOR_20211116,NOR,0,0.5,12,4,4,12,1,0,0.0
HIST_ECU_BRA_20220127,BRA,1,0.5,12,4,4,12,1,0,1.0
HIST_JOR_NZL_20220128,JOR,3,0.5,12,4,4,12,1,0,3.0
HIST_MEX_USA_20220324,USA,0,0.5,12,4,4,12,1,0,0.0
HIST_PAN_CAN_20220330,CAN,0,0.5,12,4,4,12,1,0,0.0
HIST_ESP_POR_20220602,ESP,1,0.5,12,4,4,12,1,0,1.0
HIST_ECU_CPV_20220611,CPV,0,0.5,12,4,4,12,1,0,0.0
HIST_BRA_GHA_20220923,BRA,3,0.5,12,4,4,12,1,0,3.0
HIST_BRA_GHA_20220923,GHA,0,0.5,12,4,4,12,1,0,0.0
HIST_QAT_PAN_20221107,QAT,2,0.5,12,4,4,12,1,0,2.0
HIST_MEX_SWE_20221116,MEX,1,0.5,12,4,4,12,1,0,1.0
HIST_SEN_NED_20221121,SEN,0,0.5,12,4,4,12,1,0,0.0
HIST_URU_KOR_20221124,URU,0,0.5,12,4,4,12,1,0,0.0
HIST_BRA_SUI_20221128,BRA,1,0.5,12,4,4,12,1,0,1.0
HIST_IRN_USA_20221129,IRN,0,0.5,12,4,4,12,1,0,0.0
HIST_NED_ARG_20221209,NED,2,0.5,12,4,4,12,1,0,2.0
HIST_JPN_URU_20230324,URU,1,0.5,12,4,4,12,1,0,1.0
HIST_ESP_NOR_20230325,NOR,0,0.5,12,4,4,12,1,0,0.0
HIST_TUR_CRO_20230328,TUR,0,0.5,12,4,4,12,1,0,0.0
HIST_TUR_CRO_20230328,CRO,2,0.5,12,4,4,12,1,0,2.0
HIST_NED_CRO_20230614,CRO,4,0.5,12,4,4,12,1,0,4.0
HIST_ESP_ITA_20230615,ITA,1,0.5,12,4,4,12,1,0,1.0
HIST_MEX_QAT_20230702,QAT,1,0.5,12,4,4,12,1,0,1.0
HIST_USA_CAN_20230709,CAN,2,0.5,12,4,4,12,1,0,2.0
HIST_MEX_PAN_20230716,PAN,0,0.5,12,4,4,12,1,0,0.0
HIST_NOR_JOR_20230907,JOR,0,0.5,12,4,4,12,1,0,0.0
HIST_MEX_UZB_20230912,MEX,3,0.5,12,4,4,12,1,0,3.0
HIST_ALG_EGY_20231016,ALG,1,0.5,12,4,4,12,1,0,1.0
HIST_AUS_NZL_20231017,AUS,2,0.5,12,4,4,12,1,0,2.0
HIST_MEX_GER_20231017,GER,2,0.5,12,4,4,12,1,0,2.0
HIST_JPN_JOR_20240109,JPN,6,0.5,12,4,4,12,1,0,6.0
HIST_EGY_GHA_20240118,GHA,2,0.5,12,4,4,12,1,0,2.0
HIST_IRQ_JPN_20240119,IRQ,2,0.5,12,4,4,12,1,0,2.0
HIST_IRQ_JPN_20240119,JPN,1,0.5,12,4,4,12,1,0,1.0
HIST_AUS_KOR_20240202,KOR,2,0.5,12,4,4,12,1,0,2.0
HIST_PAN_MEX_20240321,PAN,0,0.5,12,4,4,12,1,0,0.0
HIST_NOR_CZE_20240322,CZE,2,0.5,12,4,4,12,1,0,2.0
HIST_AUT_TUR_20240326,AUT,6,0.5,12,4,4,12,1,0,6.0
HIST_POR_CZE_20240618,POR,2,0.5,12,4,4,12,1,0,2.0
HIST_FRA_BEL_20240701,FRA,1,0.5,12,4,4,12,1,0,1.0
HIST_GER_ESP_20240705,GER,1,0.5,12,4,4,12,1,0,1.0
HIST_BRA_ECU_20240906,BRA,1,0.5,12,4,4,12,1,0,1.0
HIST_SUI_ESP_20240908,ESP,4,0.5,12,4,4,12,1,0,4.0
HIST_NED_GER_20240910,GER,2,0.5,12,4,4,12,1,0,2.0
HIST_COL_ARG_20240910,COL,2,0.5,12,4,4,12,1,0,2.0
HIST_SCO_POR_20241015,POR,0,0.5,12,4,4,12,1,0,0.0
HIST_BRA_COL_20250320,COL,1,0.5,12,4,4,12,1,0,1.0
HIST_KSA_JOR_20250530,KSA,2,0.5,12,4,4,12,1,0,2.0
HIST_GER_FRA_20250608,GER,0,0.5,12,4,4,12,1,0,0.0
HIST_USA_KOR_20250906,USA,0,0.5,12,4,4,12,1,0,0.0
HIST_TUR_ESP_20250907,ESP,6,0.5,12,4,4,12,1,0,6.0
HIST_MEX_KOR_20250909,KOR,2,0.5,12,4,4,12,1,0,2.0
HIST_CUW_JAM_20251010,CUW,2,0.5,12,4,4,12,1,0,2.0
HIST_CUW_JAM_20251010,JAM,0,0.5,12,4,4,12,1,0,0.0
HIST_TUN_JOR_20251114,JOR,2,0.5,12,4,4,12,1,0,2.0
HIST_UZB_EGY_20251114,EGY,0,0.5,12,4,4,12,1,0,0.0
HIST_USA_PAR_20251115,USA,2,0.5,12,4,4,12,1,0,2.0
HIST_QAT_TUN_20251207,QAT,0,0.5,12,4,4,12,1,0,0.0
HIST_EGY_CIV_20260110,EGY,3,0.5,12,4,4,12,1,0,3.0
HIST_MAR_SEN_20260118,MAR,3,0.5,12,4,4,12,1,0,3.0
HIST_AUT_GHA_20260327,AUT,5,0.5,12,4,4,12,1,0,5.0
HIST_NED_NOR_20260327,NOR,1,0.5,12,4,4,12,1,0,1.0
HIST_RSA_PAN_20260327,RSA,1,0.5,12,4,4,12,1,0,1.0
HIST_SCO_JPN_20260328,JPN,1,0.5,12,4,4,12,1,0,1.0
HIST_NED_ECU_20260331,ECU,1,0.5,12,4,4,12,1,0,1.0
HIST_RSA_PAN_20260331,PAN,2,0.5,12,4,4,12,1,0,2.0
HIST_SCO_CUW_20260530,SCO,4,0.5,12,4,4,12,1,0,4.0
HIST_ESP_IRQ_20260604,ESP,1,0.5,12,4,4,12,1,0,1.0
HIST_MAR_NOR_20260607,MAR,1,0.5,12,4,4,12,1,0,1.0
HIST_USA_IRN_20000116,IRN,1,0.5,12,4,4,12,1,0,1.0
HIST_GHA_RSA_20000206,RSA,1,0.5,12,4,4,12,1,0,1.0
HIST_CAN_KOR_20000215,KOR,0,0.5,12,4,4,12,1,0,0.0
HIST_CRO_GER_20000329,CRO,1,0.5,12,4,4,12,1,0,1.0
HIST_CRO_GER_20000329,GER,1,0.5,12,4,4,12,1,0,1.0
HIST_NOR_ITA_20000603,NOR,1,0.5,12,4,4,12,1,0,1.0
HIST_FRA_JPN_20000604,FRA,2,0.5,12,4,4,12,1,0,2.0
HIST_ECU_PAN_20000625,PAN,0,0.5,12,4,4,12,1,0,0.0
HIST_PAN_ECU_20000811,PAN,0,0.5,12,4,4,12,1,0,0.0
HIST_JPN_KSA_20001029,JPN,1,0.5,12,4,4,12,1,0,1.0
HIST_JPN_KSA_20001029,KSA,0,0.5,12,4,4,12,1,0,0.0
HIST_TUR_FRA_20001115,TUR,0,0.5,12,4,4,12,1,0,0.0
HIST_MEX_COL_20010131,MEX,2,0.5,12,4,4,12,1,0,2.0
HIST_USA_COL_20010203,USA,0,0.5,12,4,4,12,1,0,0.0
HIST_USA_COL_20010203,COL,1,0.5,12,4,4,12,1,0,1.0
HIST_FRA_GER_20010227,GER,0,0.5,12,4,4,12,1,0,0.0
HIST_USA_MEX_20010228,MEX,0,0.5,12,4,4,12,1,0,0.0
HIST_EGY_ALG_20010311,ALG,2,0.5,12,4,4,12,1,0,2.0
HIST_URU_PAR_20010328,URU,0,0.5,12,4,4,12,1,0,0.0
HIST_URU_PAR_20010328,PAR,1,0.5,12,4,4,12,1,0,1.0
HIST_ECU_PAR_20010424,PAR,1,0.5,12,4,4,12,1,0,1.0
HIST_EGY_CAN_20010424,EGY,3,0.5,12,4,4,12,1,0,3.0
HIST_ITA_RSA_20010425,ITA,1,0.5,12,4,4,12,1,0,1.0
HIST_KOR_AUS_20010603,AUS,0,0.5,12,4,4,12,1,0,0.0
HIST_JAM_USA_20010616,JAM,0,0.5,12,4,4,12,1,0,0.0
HIST_AUT_SUI_20010815,AUT,1,0.5,12,4,4,12,1,0,1.0
HIST_KSA_IRQ_20010831,KSA,1,0.5,12,4,4,12,1,0,1.0
HIST_KSA_IRQ_20010831,IRQ,0,0.5,12,4,4,12,1,0,0.0
HIST_SCO_CRO_20010901,SCO,0,0.5,12,4,4,12,1,0,0.0
HIST_QAT_IRQ_20010914,QAT,0,0.5,12,4,4,12,1,0,0.0
HIST_KSA_IRN_20010928,IRN,2,0.5,12,4,4,12,1,0,2.0
HIST_TUR_AUT_20011114,AUT,0,0.5,12,4,4,12,1,0,0.0
HIST_ALG_GHA_20011205,ALG,1,0.5,12,4,4,12,1,0,1.0
HIST_KOR_USA_20011209,KOR,1,0.5,12,4,4,12,1,0,1.0
HIST_USA_CAN_20020130,CAN,0,0.5,12,4,4,12,1,0,0.0
HIST_SEN_TUN_20020131,TUN,0,0.5,12,4,4,12,1,0,0.0
HIST_NED_ENG_20020213,NED,1,0.5,12,4,4,12,1,0,1.0
HIST_ENG_PAR_20020417,PAR,0,0.5,12,4,4,12,1,0,0.0
HIST_GER_ARG_20020417,GER,0,0.5,12,4,4,12,1,0,0.0
HIST_ECU_SEN_20020523,ECU,0,0.5,12,4,4,12,1,0,0.0
HIST_ECU_CRO_20020613,ECU,1,0.5,12,4,4,12,1,0,1.0
HIST_ECU_CRO_20020613,CRO,0,0.5,12,4,4,12,1,0,0.0
HIST_MEX_USA_20020617,MEX,0,0.5,12,4,4,12,1,0,0.0
HIST_SUI_AUT_20020821,SUI,3,0.5,12,4,4,12,1,0,3.0
HIST_TUN_FRA_20020821,FRA,1,0.5,12,4,4,12,1,0,1.0
HIST_ESP_PAR_20021016,ESP,0,0.5,12,4,4,12,1,0,0.0
HIST_MAR_CIV_20030430,CIV,1,0.5,12,4,4,12,1,0,1.0
HIST_RSA_ENG_20030522,RSA,1,0.5,12,4,4,12,1,0,1.0
HIST_BRA_USA_20030621,USA,0,0.5,12,4,4,12,1,0,0.0
HIST_COL_TUR_20030628,TUR,2,0.5,12,4,4,12,1,0,2.0
HIST_POR_ESP_20030906,POR,0,0.5,12,4,4,12,1,0,0.0
HIST_AUS_JAM_20030907,JAM,1,0.5,12,4,4,12,1,0,1.0
HIST_BRA_JAM_20031012,JAM,0,0.5,12,4,4,12,1,0,0.0
HIST_SCO_NED_20031115,SCO,1,0.5,12,4,4,12,1,0,1.0
HIST_KSA_QAT_20031229,KSA,0,0.5,12,4,4,12,1,0,0.0
HIST_POR_ENG_20040218,ENG,1,0.5,12,4,4,12,1,0,1.0
HIST_NED_FRA_20040331,NED,0,0.5,12,4,4,12,1,0,0.0
HIST_NED_BEL_20040529,BEL,1,0.5,12,4,4,12,1,0,1.0
HIST_BRA_ARG_20040602,ARG,1,0.5,12,4,4,12,1,0,1.0
HIST_KOR_TUR_20040602,KOR,0,0.5,12,4,4,12,1,0,0.0
HIST_ARG_PAR_20040606,ARG,0,0.5,12,4,4,12,1,0,0.0
HIST_POR_ESP_20040620,ESP,0,0.5,12,4,4,12,1,0,0.0
HIST_JOR_IRQ_20040621,IRQ,0,0.5,12,4,4,12,1,0,0.0
HIST_POR_NED_20040630,NED,1,0.5,12,4,4,12,1,0,1.0
HIST_ARG_ECU_20040707,ECU,1,0.5,12,4,4,12,1,0,1.0
HIST_ARG_URU_20040713,ARG,4,0.5,12,4,4,12,1,0,4.0
HIST_NOR_BEL_20040818,NOR,2,0.5,12,4,4,12,1,0,2.0
HIST_ITA_NOR_20040904,ITA,2,0.5,12,4,4,12,1,0,2.0
HIST_PAN_JAM_20041009,JAM,1,0.5,12,4,4,12,1,0,1.0
HIST_SCO_NOR_20041009,NOR,1,0.5,12,4,4,12,1,0,1.0
HIST_BRA_COL_20041013,COL,0,0.5,12,4,4,12,1,0,0.0
HIST_IRQ_UZB_20041013,IRQ,1,0.5,12,4,4,12,1,0,1.0
HIST_MEX_ECU_20041027,ECU,1,0.5,12,4,4,12,1,0,1.0
HIST_ALG_SEN_20041117,SEN,2,0.5,12,4,4,12,1,0,2.0
HIST_IRN_PAN_20041218,IRN,1,0.5,12,4,4,12,1,0,1.0
HIST_ITA_SCO_20050326,ITA,2,0.5,12,4,4,12,1,0,2.0
HIST_ECU_ARG_20050604,ECU,2,0.5,12,4,4,12,1,0,2.0
HIST_ECU_ITA_20050611,ECU,1,0.5,12,4,4,12,1,0,1.0
HIST_MEX_JAM_20050713,JAM,0,0.5,12,4,4,12,1,0,0.0
HIST_MEX_COL_20050717,MEX,1,0.5,12,4,4,12,1,0,1.0
HIST_RSA_PAN_20050717,PAN,1,0.5,12,4,4,12,1,0,1.0
HIST_PAR_ARG_20050903,ARG,0,0.5,12,4,4,12,1,0,0.0
HIST_USA_MEX_20050903,MEX,0,0.5,12,4,4,12,1,0,0.0
HIST_ECU_URU_20051008,ECU,0,0.5,12,4,4,12,1,0,0.0
HIST_TUN_MAR_20051008,MAR,2,0.5,12,4,4,12,1,0,2.0
HIST_URU_ARG_20051012,ARG,0,0.5,12,4,4,12,1,0,0.0
HIST_RSA_SEN_20051112,SEN,3,0.5,12,4,4,12,1,0,3.0
HIST_ECU_SEN_20051227,SEN,2,0.5,12,4,4,12,1,0,2.0
HIST_EGY_SEN_20051229,EGY,4,0.5,12,4,4,12,1,0,4.0
HIST_CIV_JOR_20060117,JOR,0,0.5,12,4,4,12,1,0,0.0
HIST_MEX_NOR_20060125,NOR,1,0.5,12,4,4,12,1,0,1.0
HIST_EGY_CIV_20060128,CIV,1,0.5,12,4,4,12,1,0,1.0
HIST_ENG_URU_20060301,ENG,2,0.5,12,4,4,12,1,0,2.0
HIST_ESP_CIV_20060301,ESP,3,0.5,12,4,4,12,1,0,3.0
HIST_BEL_KSA_20060511,KSA,1,0.5,12,4,4,12,1,0,1.0
HIST_FRA_MEX_20060527,FRA,1,0.5,12,4,4,12,1,0,1.0
HIST_KSA_TUR_20060531,KSA,0,0.5,12,4,4,12,1,0,0.0
HIST_SUI_ITA_20060531,SUI,1,0.5,12,4,4,12,1,0,1.0
HIST_GER_COL_20060602,COL,0,0.5,12,4,4,12,1,0,0.0
HIST_ESP_CRO_20060607,CRO,1,0.5,12,4,4,12,1,0,1.0
HIST_NED_CIV_20060616,NED,2,0.5,12,4,4,12,1,0,2.0
HIST_ITA_USA_20060617,ITA,1,0.5,12,4,4,12,1,0,1.0
HIST_BRA_AUS_20060618,AUS,0,0.5,12,4,4,12,1,0,0.0
HIST_ESP_TUN_20060619,ESP,3,0.5,12,4,4,12,1,0,3.0
HIST_POR_MEX_20060621,POR,2,0.5,12,4,4,12,1,0,2.0
HIST_GHA_USA_20060622,USA,1,0.5,12,4,4,12,1,0,1.0
HIST_JPN_BRA_20060622,BRA,4,0.5,12,4,4,12,1,0,4.0
HIST_POR_NED_20060625,NED,0,0.5,12,4,4,12,1,0,0.0
HIST_GER_ARG_20060630,GER,1,0.5,12,4,4,12,1,0,1.0
HIST_ENG_POR_20060701,POR,0,0.5,12,4,4,12,1,0,0.0
HIST_GER_ITA_20060704,GER,0,0.5,12,4,4,12,1,0,0.0
HIST_JOR_IRQ_20060721,IRQ,1,0.5,12,4,4,12,1,0,1.0
HIST_ECU_SWE_20070118,ECU,2,0.5,12,4,4,12,1,0,2.0
HIST_POR_BRA_20070206,POR,2,0.5,12,4,4,12,1,0,2.0
HIST_FRA_ARG_20070207,ARG,1,0.5,12,4,4,12,1,0,1.0
HIST_AUT_SCO_20070530,SCO,1,0.5,12,4,4,12,1,0,1.0
HIST_SUI_ARG_20070602,ARG,1,0.5,12,4,4,12,1,0,1.0
HIST_JPN_COL_20070605,JPN,0,0.5,12,4,4,12,1,0,0.0
HIST_TUR_BRA_20070605,TUR,0,0.5,12,4,4,12,1,0,0.0
HIST_IRQ_IRN_20070624,IRN,2,0.5,12,4,4,12,1,0,2.0
HIST_KOR_IRQ_20070629,IRQ,0,0.5,12,4,4,12,1,0,0.0
HIST_USA_PAR_20070702,USA,1,0.5,12,4,4,12,1,0,1.0
HIST_JPN_QAT_20070709,QAT,1,0.5,12,4,4,12,1,0,1.0
HIST_BRA_ARG_20070715,ARG,0,0.5,12,4,4,12,1,0,0.0
HIST_NOR_ARG_20070822,NOR,2,0.5,12,4,4,12,1,0,2.0
HIST_SUI_AUT_20071013,AUT,1,0.5,12,4,4,12,1,0,1.0
HIST_COL_BRA_20071014,BRA,0,0.5,12,4,4,12,1,0,0.0
HIST_BRA_ECU_20071017,BRA,5,0.5,12,4,4,12,1,0,5.0
HIST_FRA_MAR_20071116,FRA,2,0.5,12,4,4,12,1,0,2.0
HIST_SCO_ITA_20071117,SCO,1,0.5,12,4,4,12,1,0,1.0
HIST_MAR_SEN_20071121,SEN,0,0.5,12,4,4,12,1,0,0.0
HIST_SEN_RSA_20080131,SEN,1,0.5,12,4,4,12,1,0,1.0
HIST_UZB_JOR_20080322,JOR,1,0.5,12,4,4,12,1,0,1.0
HIST_ECU_HAI_20080326,HAI,1,0.5,12,4,4,12,1,0,1.0
HIST_ENG_USA_20080528,USA,0,0.5,12,4,4,12,1,0,0.0
HIST_NOR_URU_20080528,NOR,2,0.5,12,4,4,12,1,0,2.0
HIST_IRQ_AUS_20080607,AUS,0,0.5,12,4,4,12,1,0,0.0
HIST_JOR_KOR_20080607,JOR,0,0.5,12,4,4,12,1,0,0.0
HIST_JOR_KOR_20080607,KOR,1,0.5,12,4,4,12,1,0,1.0
HIST_AUT_CRO_20080608,AUT,0,0.5,12,4,4,12,1,0,0.0
HIST_USA_ARG_20080608,USA,0,0.5,12,4,4,12,1,0,0.0
HIST_AUT_GER_20080616,GER,1,0.5,12,4,4,12,1,0,1.0
HIST_BRA_ARG_20080618,BRA,0,0.5,12,4,4,12,1,0,0.0
HIST_IRQ_QAT_20080622,QAT,1,0.5,12,4,4,12,1,0,1.0
HIST_IRN_QAT_20080811,IRN,6,0.5,12,4,4,12,1,0,6.0
HIST_KSA_IRN_20080906,KSA,1,0.5,12,4,4,12,1,0,1.0
HIST_GER_ENG_20081119,ENG,2,0.5,12,4,4,12,1,0,2.0
HIST_AUT_SWE_20090211,AUT,0,0.5,12,4,4,12,1,0,0.0
HIST_TUR_CIV_20090211,CIV,1,0.5,12,4,4,12,1,0,1.0
HIST_NED_SCO_20090328,NED,3,0.5,12,4,4,12,1,0,3.0
HIST_RSA_NOR_20090328,RSA,2,0.5,12,4,4,12,1,0,2.0
HIST_JAM_PAN_20090607,PAN,2,0.5,12,4,4,12,1,0,2.0
HIST_BRA_EGY_20090615,BRA,4,0.5,12,4,4,12,1,0,4.0
HIST_MEX_PAN_20090709,PAN,1,0.5,12,4,4,12,1,0,1.0
HIST_USA_HAI_20090711,USA,2,0.5,12,4,4,12,1,0,2.0
HIST_ESP_BEL_20090905,BEL,0,0.5,12,4,4,12,1,0,0.0
HIST_JPN_GHA_20090909,GHA,3,0.5,12,4,4,12,1,0,3.0
HIST_JOR_NZL_20090909,JOR,1,0.5,12,4,4,12,1,0,1.0
HIST_TUN_KSA_20091014,TUN,0,0.5,12,4,4,12,1,0,0.0
HIST_TUN_KSA_20091014,KSA,1,0.5,12,4,4,12,1,0,1.0
HIST_RSA_JPN_20091114,RSA,0,0.5,12,4,4,12,1,0,0.0
HIST_RSA_JPN_20091114,JPN,0,0.5,12,4,4,12,1,0,0.0
HIST_NED_PAR_20091118,NED,0,0.5,12,4,4,12,1,0,0.0
HIST_JOR_IRN_20091122,JOR,1,0.5,12,4,4,12,1,0,1.0
HIST_PAR_RSA_20100331,RSA,1,0.5,12,4,4,12,1,0,1.0
HIST_KOR_ECU_20100516,KOR,2,0.5,12,4,4,12,1,0,2.0
HIST_AUS_NZL_20100524,AUS,2,0.5,12,4,4,12,1,0,2.0
HIST_ENG_MEX_20100524,MEX,1,0.5,12,4,4,12,1,0,1.0
HIST_ESP_KSA_20100529,ESP,3,0.5,12,4,4,12,1,0,3.0
HIST_USA_TUR_20100529,TUR,1,0.5,12,4,4,12,1,0,1.0
HIST_CIV_POR_20100615,CIV,0,0.5,12,4,4,12,1,0,0.0
HIST_ESP_SUI_20100616,ESP,0,0.5,12,4,4,12,1,0,0.0
HIST_MEX_URU_20100622,MEX,0,0.5,12,4,4,12,1,0,0.0
HIST_GHA_GER_20100623,GHA,0,0.5,12,4,4,12,1,0,0.0
HIST_ESP_POR_20100629,ESP,1,0.5,12,4,4,12,1,0,1.0
HIST_GER_ESP_20100707,ESP,1,0.5,12,4,4,12,1,0,1.0
HIST_ITA_CIV_20100810,CIV,1,0.5,12,4,4,12,1,0,1.0
HIST_SEN_CPV_20100811,CPV,0,0.5,12,4,4,12,1,0,0.0
HIST_SWE_SCO_20100811,SWE,3,0.5,12,4,4,12,1,0,3.0
HIST_MEX_ECU_20100904,MEX,1,0.5,12,4,4,12,1,0,1.0
HIST_AUS_PAR_20101009,AUS,1,0.5,12,4,4,12,1,0,1.0
HIST_AUS_PAR_20101009,PAR,0,0.5,12,4,4,12,1,0,0.0
HIST_EGY_AUS_20101117,EGY,3,0.5,12,4,4,12,1,0,3.0
HIST_QAT_EGY_20101216,QAT,2,0.5,12,4,4,12,1,0,2.0
HIST_QAT_UZB_20110107,QAT,0,0.5,12,4,4,12,1,0,0.0
HIST_FRA_BRA_20110209,FRA,1,0.5,12,4,4,12,1,0,1.0
HIST_TUR_KOR_20110209,KOR,0,0.5,12,4,4,12,1,0,0.0
HIST_AUS_NZL_20110605,AUS,3,0.5,12,4,4,12,1,0,3.0
HIST_BRA_ECU_20110713,BRA,4,0.5,12,4,4,12,1,0,4.0
HIST_USA_MEX_20110810,MEX,1,0.5,12,4,4,12,1,0,1.0
HIST_SCO_CZE_20110903,SCO,2,0.5,12,4,4,12,1,0,2.0
HIST_JAM_COL_20110906,COL,2,0.5,12,4,4,12,1,0,2.0
HIST_BRA_ARG_20110928,ARG,0,0.5,12,4,4,12,1,0,0.0
HIST_CZE_ESP_20111007,ESP,2,0.5,12,4,4,12,1,0,2.0
HIST_TUR_GER_20111007,TUR,1,0.5,12,4,4,12,1,0,1.0
HIST_TUR_GER_20111007,GER,3,0.5,12,4,4,12,1,0,3.0
HIST_USA_ECU_20111011,USA,0,0.5,12,4,4,12,1,0,0.0
HIST_PAR_ECU_20111111,PAR,2,0.5,12,4,4,12,1,0,2.0
HIST_GER_FRA_20120229,GER,1,0.5,12,4,4,12,1,0,1.0
HIST_NOR_ENG_20120526,NOR,0,0.5,12,4,4,12,1,0,0.0
HIST_CAN_USA_20120603,USA,0,0.5,12,4,4,12,1,0,0.0
HIST_AUT_TUR_20120815,TUR,0,0.5,12,4,4,12,1,0,0.0
HIST_ENG_ITA_20120815,ENG,2,0.5,12,4,4,12,1,0,2.0
HIST_IRN_TUN_20120815,TUN,2,0.5,12,4,4,12,1,0,2.0
HIST_BRA_ARG_20120919,ARG,1,0.5,12,4,4,12,1,0,1.0
HIST_BRA_IRQ_20121011,BRA,6,0.5,12,4,4,12,1,0,6.0
HIST_COL_PAR_20121012,PAR,0,0.5,12,4,4,12,1,0,0.0
HIST_SUI_NOR_20121012,NOR,1,0.5,12,4,4,12,1,0,1.0
HIST_SEN_CIV_20121013,SEN,0,0.5,12,4,4,12,1,0,0.0
HIST_GER_SWE_20121016,GER,4,0.5,12,4,4,12,1,0,4.0
HIST_ESP_FRA_20121016,ESP,1,0.5,12,4,4,12,1,0,1.0
HIST_QAT_EGY_20121228,QAT,0,0.5,12,4,4,12,1,0,0.0
HIST_RSA_MAR_20130127,RSA,2,0.5,12,4,4,12,1,0,2.0
HIST_JPN_CAN_20130322,JPN,2,0.5,12,4,4,12,1,0,2.0
HIST_USA_GER_20130602,GER,3,0.5,12,4,4,12,1,0,3.0
HIST_CRO_POR_20130610,CRO,0,0.5,12,4,4,12,1,0,0.0
HIST_CRO_POR_20130610,POR,1,0.5,12,4,4,12,1,0,1.0
HIST_MEX_ITA_20130616,ITA,2,0.5,12,4,4,12,1,0,2.0
HIST_MEX_PAN_20130707,MEX,1,0.5,12,4,4,12,1,0,1.0
HIST_SCO_BEL_20130906,BEL,2,0.5,12,4,4,12,1,0,2.0
HIST_CRO_BEL_20131011,CRO,1,0.5,12,4,4,12,1,0,1.0
HIST_CRO_BEL_20131011,BEL,2,0.5,12,4,4,12,1,0,2.0
HIST_MAR_RSA_20131011,MAR,1,0.5,12,4,4,12,1,0,1.0
HIST_CIV_SEN_20131012,CIV,3,0.5,12,4,4,12,1,0,3.0
HIST_AUS_CAN_20131015,CAN,0,0.5,12,4,4,12,1,0,0.0
HIST_PAN_USA_20131015,PAN,2,0.5,12,4,4,12,1,0,2.0
HIST_PAN_USA_20131015,USA,3,0.5,12,4,4,12,1,0,3.0
HIST_SWE_GER_20131015,GER,5,0.5,12,4,4,12,1,0,5.0
HIST_URU_ARG_20131015,ARG,2,0.5,12,4,4,12,1,0,2.0
HIST_BEL_COL_20131114,COL,2,0.5,12,4,4,12,1,0,2.0
HIST_NED_JPN_20131116,NED,2,0.5,12,4,4,12,1,0,2.0
HIST_QAT_KSA_20131231,QAT,4,0.5,12,4,4,12,1,0,4.0
HIST_ESP_ITA_20140305,ITA,0,0.5,12,4,4,12,1,0,0.0
HIST_NED_ECU_20140517,NED,1,0.5,12,4,4,12,1,0,1.0
HIST_SUI_JAM_20140530,SUI,1,0.5,12,4,4,12,1,0,1.0
HIST_FRA_PAR_20140601,PAR,1,0.5,12,4,4,12,1,0,1.0
HIST_COL_JOR_20140606,COL,3,0.5,12,4,4,12,1,0,3.0
HIST_BEL_ALG_20140617,ALG,1,0.5,12,4,4,12,1,0,1.0
HIST_URU_ENG_20140619,ENG,1,0.5,12,4,4,12,1,0,1.0
HIST_AUS_ESP_20140623,ESP,3,0.5,12,4,4,12,1,0,3.0
HIST_ITA_URU_20140624,URU,1,0.5,12,4,4,12,1,0,1.0
HIST_USA_GER_20140626,GER,1,0.5,12,4,4,12,1,0,1.0
HIST_ARG_SUI_20140701,ARG,1,0.5,12,4,4,12,1,0,1.0
HIST_BRA_GER_20140708,BRA,1,0.5,12,4,4,12,1,0,1.0
HIST_NED_ARG_20140709,ARG,0,0.5,12,4,4,12,1,0,0.0
HIST_GER_ARG_20140903,GER,2,0.5,12,4,4,12,1,0,2.0
HIST_FRA_ESP_20140904,ESP,0,0.5,12,4,4,12,1,0,0.0
HIST_SUI_ENG_20140908,SUI,0,0.5,12,4,4,12,1,0,0.0
HIST_JPN_JAM_20141010,JPN,1,0.5,12,4,4,12,1,0,1.0
HIST_JPN_JAM_20141010,JAM,0,0.5,12,4,4,12,1,0,0.0
HIST_ARG_BRA_20141011,BRA,2,0.5,12,4,4,12,1,0,2.0
HIST_NED_MEX_20141112,NED,2,0.5,12,4,4,12,1,0,2.0
HIST_TUN_CPV_20150118,CPV,1,0.5,12,4,4,12,1,0,1.0
HIST_GHA_SEN_20150119,GHA,1,0.5,12,4,4,12,1,0,1.0
HIST_KOR_IRQ_20150126,KOR,2,0.5,12,4,4,12,1,0,2.0
HIST_KOR_NZL_20150331,KOR,1,0.5,12,4,4,12,1,0,1.0
HIST_NED_ESP_20150331,ESP,0,0.5,12,4,4,12,1,0,0.0
HIST_POR_CPV_20150331,CPV,2,0.5,12,4,4,12,1,0,2.0
HIST_ECU_PAN_20150606,PAN,0,0.5,12,4,4,12,1,0,0.0
HIST_ARG_COL_20150626,COL,0,0.5,12,4,4,12,1,0,0.0
HIST_HAI_JAM_20150718,HAI,0,0.5,12,4,4,12,1,0,0.0
HIST_KOR_JAM_20151013,KOR,3,0.5,12,4,4,12,1,0,3.0
HIST_NED_CZE_20151013,NED,2,0.5,12,4,4,12,1,0,2.0
HIST_URU_COL_20151013,COL,0,0.5,12,4,4,12,1,0,0.0
HIST_JAM_PAN_20151113,JAM,0,0.5,12,4,4,12,1,0,0.0
HIST_HAI_PAN_20160325,HAI,0,0.5,12,4,4,12,1,0,0.0
HIST_AUT_TUR_20160329,TUR,2,0.5,12,4,4,12,1,0,2.0
HIST_ENG_TUR_20160522,ENG,2,0.5,12,4,4,12,1,0,2.0
HIST_ENG_AUS_20160527,ENG,2,0.5,12,4,4,12,1,0,2.0
HIST_POR_NOR_20160529,NOR,0,0.5,12,4,4,12,1,0,0.0
HIST_COL_PAR_20160607,COL,2,0.5,12,4,4,12,1,0,2.0
HIST_CZE_TUR_20160621,TUR,2,0.5,12,4,4,12,1,0,2.0
HIST_ECU_BRA_20160901,ECU,0,0.5,12,4,4,12,1,0,0.0
HIST_SWE_NED_20160906,SWE,1,0.5,12,4,4,12,1,0,1.0
HIST_IRN_KOR_20161011,KOR,0,0.5,12,4,4,12,1,0,0.0
HIST_MAR_CAN_20161011,CAN,0,0.5,12,4,4,12,1,0,0.0
HIST_UZB_JOR_20161110,UZB,1,0.5,12,4,4,12,1,0,1.0
HIST_KOR_CAN_20161111,KOR,2,0.5,12,4,4,12,1,0,2.0
HIST_TUN_SEN_20170115,TUN,0,0.5,12,4,4,12,1,0,0.0
HIST_GER_ENG_20170322,GER,1,0.5,12,4,4,12,1,0,1.0
HIST_POR_SWE_20170328,POR,2,0.5,12,4,4,12,1,0,2.0
HIST_UZB_QAT_20170328,UZB,1,0.5,12,4,4,12,1,0,1.0
HIST_IRQ_KOR_20170607,KOR,0,0.5,12,4,4,12,1,0,0.0
HIST_JAM_CUW_20170625,JAM,1,0.5,12,4,4,12,1,0,1.0
HIST_JAM_CUW_20170625,CUW,2,0.5,12,4,4,12,1,0,2.0
HIST_URU_ARG_20170831,URU,0,0.5,12,4,4,12,1,0,0.0
HIST_JPN_NZL_20171006,JPN,2,0.5,12,4,4,12,1,0,2.0
HIST_SWE_ITA_20171110,ITA,0,0.5,12,4,4,12,1,0,0.0
HIST_SEN_RSA_20171114,SEN,2,0.5,12,4,4,12,1,0,2.0
HIST_TUN_IRN_20180323,IRN,0,0.5,12,4,4,12,1,0,0.0
HIST_USA_PAR_20180327,USA,1,0.5,12,4,4,12,1,0,1.0
HIST_IRN_UZB_20180519,IRN,1,0.5,12,4,4,12,1,0,1.0
HIST_POR_TUN_20180528,TUN,2,0.5,12,4,4,12,1,0,2.0
HIST_TUR_IRN_20180528,IRN,1,0.5,12,4,4,12,1,0,1.0
HIST_MEX_SCO_20180602,MEX,1,0.5,12,4,4,12,1,0,1.0
HIST_BEL_POR_20180602,BEL,0,0.5,12,4,4,12,1,0,0.0
HIST_BEL_POR_20180602,POR,0,0.5,12,4,4,12,1,0,0.0
HIST_NOR_PAN_20180606,PAN,0,0.5,12,4,4,12,1,0,0.0
HIST_TUN_ESP_20180609,TUN,0,0.5,12,4,4,12,1,0,0.0
HIST_POR_ESP_20180615,ESP,3,0.5,12,4,4,12,1,0,3.0
HIST_SWE_KOR_20180618,SWE,1,0.5,12,4,4,12,1,0,1.0
HIST_BEL_PAN_20180618,BEL,3,0.5,12,4,4,12,1,0,3.0
HIST_BRA_BEL_20180706,BRA,1,0.5,12,4,4,12,1,0,1.0
HIST_AUT_SWE_20180906,AUT,2,0.5,12,4,4,12,1,0,2.0
HIST_ECU_JAM_20180907,JAM,0,0.5,12,4,4,12,1,0,0.0
HIST_SWE_TUR_20180910,TUR,3,0.5,12,4,4,12,1,0,3.0
HIST_UZB_IRN_20180911,IRN,1,0.5,12,4,4,12,1,0,1.0
HIST_KSA_BRA_20181012,BRA,2,0.5,12,4,4,12,1,0,2.0
HIST_FRA_GER_20181016,GER,1,0.5,12,4,4,12,1,0,1.0
HIST_BEL_NED_20181016,NED,1,0.5,12,4,4,12,1,0,1.0
HIST_QAT_JOR_20181223,QAT,2,0.5,12,4,4,12,1,0,2.0
HIST_QAT_ALG_20181227,ALG,1,0.5,12,4,4,12,1,0,1.0
HIST_USA_ECU_20190321,USA,1,0.5,12,4,4,12,1,0,1.0
HIST_TUR_FRA_20190608,TUR,2,0.5,12,4,4,12,1,0,2.0
HIST_COL_PAR_20190623,PAR,0,0.5,12,4,4,12,1,0,0.0
HIST_CIV_RSA_20190624,RSA,0,0.5,12,4,4,12,1,0,0.0
HIST_MAR_CIV_20190628,CIV,0,0.5,12,4,4,12,1,0,0.0
HIST_HAI_MEX_20190702,HAI,0,0.5,12,4,4,12,1,0,0.0
HIST_HAI_MEX_20190702,MEX,1,0.5,12,4,4,12,1,0,1.0
HIST_BRA_COL_20190906,COL,2,0.5,12,4,4,12,1,0,2.0
HIST_JOR_PAR_20190910,PAR,4,0.5,12,4,4,12,1,0,4.0
HIST_NOR_ESP_20191012,ESP,1,0.5,12,4,4,12,1,0,1.0
HIST_SWE_ESP_20191015,SWE,1,0.5,12,4,4,12,1,0,1.0
HIST_GHA_RSA_20191114,GHA,2,0.5,12,4,4,12,1,0,2.0
HIST_ENG_BEL_20201011,BEL,1,0.5,12,4,4,12,1,0,1.0
HIST_FRA_SWE_20201117,FRA,4,0.5,12,4,4,12,1,0,4.0
HIST_FRA_SWE_20201117,SWE,2,0.5,12,4,4,12,1,0,2.0
HIST_JPN_KOR_20210325,JPN,3,0.5,12,4,4,12,1,0,3.0
HIST_UZB_IRQ_20210329,IRQ,1,0.5,12,4,4,12,1,0,1.0
HIST_SUI_USA_20210530,USA,1,0.5,12,4,4,12,1,0,1.0
HIST_ITA_TUR_20210611,TUR,0,0.5,12,4,4,12,1,0,0.0
HIST_COL_ECU_20210613,ECU,0,0.5,12,4,4,12,1,0,0.0
HIST_ITA_SUI_20210616,SUI,0,0.5,12,4,4,12,1,0,0.0
HIST_ENG_SCO_20210618,ENG,0,0.5,12,4,4,12,1,0,0.0
HIST_ARG_PAR_20210621,PAR,0,0.5,12,4,4,12,1,0,0.0
HIST_SCO_CRO_20210622,CRO,3,0.5,12,4,4,12,1,0,3.0
HIST_ENG_CZE_20210622,ENG,1,0.5,12,4,4,12,1,0,1.0
HIST_USA_MEX_20210801,MEX,0,0.5,12,4,4,12,1,0,0.0
HIST_ECU_PAR_20210902,ECU,2,0.5,12,4,4,12,1,0,2.0
HIST_SUI_ITA_20210905,ITA,0,0.5,12,4,4,12,1,0,0.0
HIST_USA_JAM_20211007,USA,2,0.5,12,4,4,12,1,0,2.0
HIST_BEL_FRA_20211007,BEL,2,0.5,12,4,4,12,1,0,2.0
HIST_COL_BRA_20211010,BRA,0,0.5,12,4,4,12,1,0,0.0
HIST_ESP_FRA_20211010,FRA,2,0.5,12,4,4,12,1,0,2.0
HIST_MEX_ECU_20211027,ECU,3,0.5,12,4,4,12,1,0,3.0
HIST_AUS_KSA_20211111,KSA,0,0.5,12,4,4,12,1,0,0.0
HIST_GHA_RSA_20211114,GHA,1,0.5,12,4,4,12,1,0,1.0
HIST_KSA_JOR_20211201,JOR,1,0.5,12,4,4,12,1,0,1.0
HIST_CAN_USA_20220130,USA,0,0.5,12,4,4,12,1,0,0.0
HIST_SEN_EGY_20220206,EGY,0,0.5,12,4,4,12,1,0,0.0
HIST_KOR_IRN_20220324,KOR,2,0.5,12,4,4,12,1,0,2.0
HIST_FRA_CIV_20220325,FRA,2,0.5,12,4,4,12,1,0,2.0
HIST_FRA_RSA_20220329,RSA,0,0.5,12,4,4,12,1,0,0.0
HIST_JPN_PAR_20220602,JPN,4,0.5,12,4,4,12,1,0,4.0
HIST_CRO_AUT_20220603,AUT,3,0.5,12,4,4,12,1,0,3.0
HIST_BEL_NED_20220603,NED,4,0.5,12,4,4,12,1,0,4.0
HIST_ESP_CZE_20220612,ESP,2,0.5,12,4,4,12,1,0,2.0
HIST_CZE_POR_20220924,POR,4,0.5,12,4,4,12,1,0,4.0
HIST_ESP_SUI_20220924,SUI,2,0.5,12,4,4,12,1,0,2.0
HIST_KSA_PAN_20221110,PAN,1,0.5,12,4,4,12,1,0,1.0
HIST_QAT_ECU_20221120,QAT,0,0.5,12,4,4,12,1,0,0.0
HIST_ARG_KSA_20221122,KSA,2,0.5,12,4,4,12,1,0,2.0
HIST_POR_URU_20221128,URU,0,0.5,12,4,4,12,1,0,0.0
HIST_TUN_FRA_20221130,FRA,0,0.5,12,4,4,12,1,0,0.0
HIST_NED_USA_20221203,USA,1,0.5,12,4,4,12,1,0,1.0
HIST_CRO_BRA_20221209,CRO,1,0.5,12,4,4,12,1,0,1.0
HIST_MAR_POR_20221210,MAR,1,0.5,12,4,4,12,1,0,1.0
HIST_AUS_ECU_20230324,ECU,1,0.5,12,4,4,12,1,0,1.0
HIST_ARG_CUW_20230328,ARG,7,0.5,12,4,4,12,1,0,7.0
HIST_GER_BEL_20230328,GER,2,0.5,12,4,4,12,1,0,2.0
HIST_GER_BEL_20230328,BEL,3,0.5,12,4,4,12,1,0,3.0
HIST_MAR_CPV_20230612,MAR,0,0.5,12,4,4,12,1,0,0.0
HIST_ESP_ITA_20230615,ESP,2,0.5,12,4,4,12,1,0,2.0
HIST_SWE_NZL_20230616,NZL,1,0.5,12,4,4,12,1,0,1.0
HIST_NOR_SCO_20230617,SCO,2,0.5,12,4,4,12,1,0,2.0
HIST_RSA_MAR_20230617,MAR,1,0.5,12,4,4,12,1,0,1.0
HIST_GER_FRA_20230912,FRA,1,0.5,12,4,4,12,1,0,1.0
HIST_SCO_ENG_20230912,ENG,3,0.5,12,4,4,12,1,0,3.0
HIST_ESP_SCO_20231012,ESP,2,0.5,12,4,4,12,1,0,2.0
HIST_HAI_JAM_20231015,JAM,3,0.5,12,4,4,12,1,0,3.0
HIST_CIV_RSA_20231017,RSA,1,0.5,12,4,4,12,1,0,1.0
HIST_GER_TUR_20231118,GER,2,0.5,12,4,4,12,1,0,2.0
HIST_GER_TUR_20231118,TUR,3,0.5,12,4,4,12,1,0,3.0
HIST_BRA_ARG_20231121,ARG,1,0.5,12,4,4,12,1,0,1.0
HIST_JOR_KOR_20240120,JOR,2,0.5,12,4,4,12,1,0,2.0
HIST_JOR_KOR_20240120,KOR,2,0.5,12,4,4,12,1,0,2.0
HIST_CIV_SEN_20240129,CIV,1,0.5,12,4,4,12,1,0,1.0
HIST_MAR_RSA_20240130,MAR,0,0.5,12,4,4,12,1,0,0.0
HIST_CPV_RSA_20240203,CPV,0,0.5,12,4,4,12,1,0,0.0
HIST_QAT_IRN_20240207,QAT,3,0.5,12,4,4,12,1,0,3.0
HIST_USA_MEX_20240324,USA,2,0.5,12,4,4,12,1,0,2.0
HIST_ALG_RSA_20240326,RSA,3,0.5,12,4,4,12,1,0,3.0
HIST_KSA_JOR_20240611,KSA,1,0.5,12,4,4,12,1,0,1.0
HIST_MEX_JAM_20240622,JAM,0,0.5,12,4,4,12,1,0,0.0
HIST_URU_BRA_20240706,BRA,0,0.5,12,4,4,12,1,0,0.0
HIST_ESP_FRA_20240709,FRA,1,0.5,12,4,4,12,1,0,1.0
HIST_MEX_CAN_20240910,CAN,0,0.5,12,4,4,12,1,0,0.0
HIST_BRA_URU_20241119,BRA,1,0.5,12,4,4,12,1,0,1.0
HIST_CAN_MEX_20250320,CAN,0,0.5,12,4,4,12,1,0,0.0
HIST_COL_PAR_20250325,COL,2,0.5,12,4,4,12,1,0,2.0
HIST_ARG_BRA_20250325,ARG,4,0.5,12,4,4,12,1,0,4.0
HIST_IRQ_KOR_20250605,KOR,2,0.5,12,4,4,12,1,0,2.0
HIST_AUS_JPN_20250605,AUS,1,0.5,12,4,4,12,1,0,1.0
HIST_MAR_TUN_20250606,MAR,2,0.5,12,4,4,12,1,0,2.0
HIST_ENG_SEN_20250610,SEN,3,0.5,12,4,4,12,1,0,3.0
HIST_USA_SUI_20250610,USA,0,0.5,12,4,4,12,1,0,0.0
HIST_BRA_PAR_20250610,BRA,1,0.5,12,4,4,12,1,0,1.0
HIST_UZB_QAT_20250610,QAT,0,0.5,12,4,4,12,1,0,0.0
HIST_HAI_KSA_20250615,HAI,0,0.5,12,4,4,12,1,0,0.0
HIST_SWE_SUI_20251010,SWE,0,0.5,12,4,4,12,1,0,0.0
HIST_ECU_NZL_20251118,NZL,0,0.5,12,4,4,12,1,0,0.0
HIST_MEX_PAR_20251118,PAR,2,0.5,12,4,4,12,1,0,2.0
HIST_EGY_JOR_20251209,EGY,0,0.5,12,4,4,12,1,0,0.0
HIST_SEN_EGY_20260114,EGY,0,0.5,12,4,4,12,1,0,0.0
HIST_AUT_KOR_20260331,KOR,0,0.5,12,4,4,12,1,0,0.0
HIST_CAN_TUN_20260331,TUN,0,0.5,12,4,4,12,1,0,0.0
HIST_ENG_JPN_20260331,JPN,1,0.5,12,4,4,12,1,0,1.0
HIST_NOR_SUI_20260331,NOR,0,0.5,12,4,4,12,1,0,0.0
HIST_USA_POR_20260331,POR,2,0.5,12,4,4,12,1,0,2.0
HIST_MEX_AUS_20260530,MEX,1,0.5,12,4,4,12,1,0,1.0
HIST_ENG_NZL_20260606,ENG,1,0.5,12,4,4,12,1,0,1.0
HIST_USA_GER_20260606,GER,2,0.5,12,4,4,12,1,0,2.0
HIST_JOR_COL_20260607,JOR,0,0.5,12,4,4,12,1,0,0.0
HIST_RSA_TUN_20000212,RSA,2,0.5,12,4,4,12,1,0,2.0
HIST_RSA_TUN_20000212,TUN,2,0.5,12,4,4,12,1,0,2.0
HIST_BEL_POR_20000223,BEL,1,0.5,12,4,4,12,1,0,1.0
HIST_BEL_POR_20000223,POR,1,0.5,12,4,4,12,1,0,1.0
HIST_ENG_ARG_20000223,ARG,0,0.5,12,4,4,12,1,0,0.0
HIST_TUR_NOR_20000223,TUR,0,0.5,12,4,4,12,1,0,0.0
HIST_CZE_AUS_20000329,CZE,3,0.5,12,4,4,12,1,0,3.0
HIST_CPV_ALG_20000409,CPV,0,0.5,12,4,4,12,1,0,0.0
HIST_ALG_CPV_20000421,ALG,2,0.5,12,4,4,12,1,0,2.0
HIST_KOR_JPN_20000426,JPN,0,0.5,12,4,4,12,1,0,0.0
HIST_CPV_SEN_20000514,SEN,0,0.5,12,4,4,12,1,0,0.0
HIST_ENG_GER_20000617,GER,0,0.5,12,4,4,12,1,0,0.0
HIST_ESP_FRA_20000625,ESP,1,0.5,12,4,4,12,1,0,1.0
HIST_COL_ARG_20000629,ARG,3,0.5,12,4,4,12,1,0,3.0
HIST_ECU_COL_20000725,COL,0,0.5,12,4,4,12,1,0,0.0
HIST_MEX_CAN_20000815,MEX,2,0.5,12,4,4,12,1,0,2.0
HIST_FRA_ENG_20000902,FRA,1,0.5,12,4,4,12,1,0,1.0
HIST_ENG_GER_20001007,ENG,0,0.5,12,4,4,12,1,0,0.0
HIST_CAN_MEX_20001115,CAN,0,0.5,12,4,4,12,1,0,0.0
HIST_ESP_NED_20001115,ESP,1,0.5,12,4,4,12,1,0,1.0
HIST_ESP_FRA_20010328,ESP,2,0.5,12,4,4,12,1,0,2.0
HIST_UZB_JOR_20010427,UZB,2,0.5,12,4,4,12,1,0,2.0
HIST_ENG_MEX_20010525,MEX,0,0.5,12,4,4,12,1,0,0.0
HIST_ARG_COL_20010603,COL,0,0.5,12,4,4,12,1,0,0.0
HIST_JPN_BRA_20010604,JPN,0,0.5,12,4,4,12,1,0,0.0
HIST_SWE_RSA_20010815,SWE,3,0.5,12,4,4,12,1,0,3.0
HIST_UZB_QAT_20010826,QAT,1,0.5,12,4,4,12,1,0,1.0
HIST_FRA_ALG_20011006,FRA,4,0.5,12,4,4,12,1,0,4.0
HIST_KOR_SEN_20011108,KOR,0,0.5,12,4,4,12,1,0,0.0
HIST_ENG_SWE_20011110,ENG,1,0.5,12,4,4,12,1,0,1.0
HIST_KOR_CRO_20011113,CRO,1,0.5,12,4,4,12,1,0,1.0
HIST_QAT_EGY_20011230,EGY,2,0.5,12,4,4,12,1,0,2.0
HIST_USA_CAN_20020130,USA,0,0.5,12,4,4,12,1,0,0.0
HIST_BEL_NOR_20020213,BEL,1,0.5,12,4,4,12,1,0,1.0
HIST_KSA_URU_20020327,KSA,3,0.5,12,4,4,12,1,0,3.0
HIST_SWE_SUI_20020327,SUI,1,0.5,12,4,4,12,1,0,1.0
HIST_ECU_RSA_20020417,RSA,0,0.5,12,4,4,12,1,0,0.0
HIST_GER_KSA_20020601,GER,8,0.5,12,4,4,12,1,0,8.0
HIST_USA_POR_20020605,USA,3,0.5,12,4,4,12,1,0,3.0
HIST_BRA_PAR_20020821,BRA,0,0.5,12,4,4,12,1,0,0.0
HIST_JOR_IRN_20020830,JOR,1,0.5,12,4,4,12,1,0,1.0
HIST_POR_TUN_20021012,TUN,1,0.5,12,4,4,12,1,0,1.0
HIST_SCO_CAN_20021015,CAN,1,0.5,12,4,4,12,1,0,1.0
HIST_ITA_TUR_20021120,TUR,1,0.5,12,4,4,12,1,0,1.0
HIST_USA_ARG_20030208,ARG,1,0.5,12,4,4,12,1,0,1.0
HIST_MEX_COL_20030212,MEX,0,0.5,12,4,4,12,1,0,0.0
HIST_USA_NZL_20030608,NZL,1,0.5,12,4,4,12,1,0,1.0
HIST_MEX_BRA_20030727,BRA,0,0.5,12,4,4,12,1,0,0.0
HIST_IRQ_URU_20030815,URU,5,0.5,12,4,4,12,1,0,5.0
HIST_PAR_URU_20030910,PAR,4,0.5,12,4,4,12,1,0,4.0
HIST_PAR_URU_20030910,URU,1,0.5,12,4,4,12,1,0,1.0
HIST_TUN_CIV_20030910,TUN,3,0.5,12,4,4,12,1,0,3.0
HIST_TUN_MAR_20031011,MAR,0,0.5,12,4,4,12,1,0,0.0
HIST_EGY_RSA_20031115,RSA,1,0.5,12,4,4,12,1,0,1.0
HIST_EGY_SWE_20031118,SWE,0,0.5,12,4,4,12,1,0,0.0
HIST_COL_ARG_20031119,ARG,1,0.5,12,4,4,12,1,0,1.0
HIST_BEL_FRA_20040218,BEL,0,0.5,12,4,4,12,1,0,0.0
HIST_AUS_TUR_20040521,AUS,1,0.5,12,4,4,12,1,0,1.0
HIST_AUS_NZL_20040529,AUS,1,0.5,12,4,4,12,1,0,1.0
HIST_ARG_PAR_20040606,PAR,0,0.5,12,4,4,12,1,0,0.0
HIST_COL_URU_20040606,URU,0,0.5,12,4,4,12,1,0,0.0
HIST_HAI_JAM_20040612,JAM,1,0.5,12,4,4,12,1,0,1.0
HIST_CRO_FRA_20040617,CRO,2,0.5,12,4,4,12,1,0,2.0
HIST_ENG_SUI_20040617,ENG,3,0.5,12,4,4,12,1,0,3.0
HIST_ITA_SWE_20040618,SWE,1,0.5,12,4,4,12,1,0,1.0
HIST_ARG_URU_20040713,URU,2,0.5,12,4,4,12,1,0,2.0
HIST_USA_PAN_20041013,USA,6,0.5,12,4,4,12,1,0,6.0
HIST_USA_PAN_20041013,PAN,0,0.5,12,4,4,12,1,0,0.0
HIST_AUS_NOR_20041116,NOR,2,0.5,12,4,4,12,1,0,2.0
HIST_ECU_PAN_20050126,PAN,0,0.5,12,4,4,12,1,0,0.0
HIST_GER_ARG_20050209,ARG,2,0.5,12,4,4,12,1,0,2.0
HIST_ITA_SCO_20050326,SCO,0,0.5,12,4,4,12,1,0,0.0
HIST_ECU_PAR_20050327,PAR,2,0.5,12,4,4,12,1,0,2.0
HIST_MEX_USA_20050327,USA,1,0.5,12,4,4,12,1,0,1.0
HIST_ARG_COL_20050330,COL,0,0.5,12,4,4,12,1,0,0.0
HIST_USA_ENG_20050528,ENG,2,0.5,12,4,4,12,1,0,2.0
HIST_GER_BRA_20050625,GER,2,0.5,12,4,4,12,1,0,2.0
HIST_COL_PAN_20050706,COL,0,0.5,12,4,4,12,1,0,0.0
HIST_COL_PAN_20050706,PAN,1,0.5,12,4,4,12,1,0,1.0
HIST_KOR_JPN_20050807,KOR,0,0.5,12,4,4,12,1,0,0.0
HIST_CRO_BRA_20050817,CRO,1,0.5,12,4,4,12,1,0,1.0
HIST_PAR_ARG_20050903,PAR,1,0.5,12,4,4,12,1,0,1.0
HIST_NOR_SCO_20050907,SCO,2,0.5,12,4,4,12,1,0,2.0
HIST_TUR_GER_20051008,TUR,2,0.5,12,4,4,12,1,0,2.0
HIST_TUR_GER_20051008,GER,1,0.5,12,4,4,12,1,0,1.0
HIST_URU_ARG_20051012,URU,1,0.5,12,4,4,12,1,0,1.0
HIST_KOR_SWE_20051112,KOR,2,0.5,12,4,4,12,1,0,2.0
HIST_NOR_CZE_20051112,CZE,1,0.5,12,4,4,12,1,0,1.0
HIST_QAT_ARG_20051116,QAT,0,0.5,12,4,4,12,1,0,0.0
HIST_GHA_SEN_20060127,SEN,0,0.5,12,4,4,12,1,0,0.0
HIST_EGY_SEN_20060207,SEN,1,0.5,12,4,4,12,1,0,1.0
HIST_NED_ECU_20060301,ECU,0,0.5,12,4,4,12,1,0,0.0
HIST_SCO_SUI_20060301,SCO,1,0.5,12,4,4,12,1,0,1.0
HIST_SEN_NOR_20060301,NOR,1,0.5,12,4,4,12,1,0,1.0
HIST_COL_MAR_20060604,COL,2,0.5,12,4,4,12,1,0,2.0
HIST_GHA_KOR_20060604,GHA,3,0.5,12,4,4,12,1,0,3.0
HIST_GER_ECU_20060620,GER,3,0.5,12,4,4,12,1,0,3.0
HIST_GER_ECU_20060620,ECU,0,0.5,12,4,4,12,1,0,0.0
HIST_CZE_ITA_20060622,CZE,0,0.5,12,4,4,12,1,0,0.0
HIST_KSA_ESP_20060623,KSA,0,0.5,12,4,4,12,1,0,0.0
HIST_ITA_FRA_20060709,ITA,1,0.5,12,4,4,12,1,0,1.0
HIST_ITA_CRO_20060816,ITA,0,0.5,12,4,4,12,1,0,0.0
HIST_NOR_BRA_20060816,NOR,1,0.5,12,4,4,12,1,0,1.0
HIST_JAM_HAI_20061001,HAI,0,0.5,12,4,4,12,1,0,0.0
HIST_IRN_IRQ_20061004,IRQ,0,0.5,12,4,4,12,1,0,0.0
HIST_JAM_CAN_20061008,JAM,2,0.5,12,4,4,12,1,0,2.0
HIST_AUT_SUI_20061011,SUI,1,0.5,12,4,4,12,1,0,1.0
HIST_KSA_JOR_20061108,KSA,2,0.5,12,4,4,12,1,0,2.0
HIST_CRO_NOR_20070207,NOR,1,0.5,12,4,4,12,1,0,1.0
HIST_KOR_URU_20070324,KOR,0,0.5,12,4,4,12,1,0,0.0
HIST_AUT_SCO_20070530,AUT,0,0.5,12,4,4,12,1,0,0.0
HIST_MEX_IRN_20070602,MEX,4,0.5,12,4,4,12,1,0,4.0
HIST_MEX_PAR_20070605,MEX,0,0.5,12,4,4,12,1,0,0.0
HIST_IRN_IRQ_20070616,IRN,0,0.5,12,4,4,12,1,0,0.0
HIST_USA_PAN_20070616,USA,2,0.5,12,4,4,12,1,0,2.0
HIST_USA_PAN_20070616,PAN,1,0.5,12,4,4,12,1,0,1.0
HIST_JOR_IRN_20070622,JOR,0,0.5,12,4,4,12,1,0,0.0
HIST_MEX_ECU_20070701,ECU,1,0.5,12,4,4,12,1,0,1.0
HIST_MEX_URU_20070714,URU,1,0.5,12,4,4,12,1,0,1.0
HIST_IRQ_KOR_20070725,IRQ,0,0.5,12,4,4,12,1,0,0.0
HIST_AUT_CZE_20070822,AUT,1,0.5,12,4,4,12,1,0,1.0
HIST_KSA_GHA_20070911,GHA,0,0.5,12,4,4,12,1,0,0.0
HIST_ITA_RSA_20071017,ITA,2,0.5,12,4,4,12,1,0,2.0
HIST_JPN_EGY_20071017,EGY,1,0.5,12,4,4,12,1,0,1.0
HIST_SCO_ITA_20071117,ITA,2,0.5,12,4,4,12,1,0,2.0
HIST_AUT_TUN_20071121,TUN,0,0.5,12,4,4,12,1,0,0.0
HIST_MAR_SEN_20071121,MAR,3,0.5,12,4,4,12,1,0,3.0
HIST_TUR_SWE_20080206,SWE,0,0.5,12,4,4,12,1,0,0.0
HIST_ESP_ITA_20080326,ESP,1,0.5,12,4,4,12,1,0,1.0
HIST_CZE_SCO_20080530,CZE,3,0.5,12,4,4,12,1,0,3.0
HIST_ITA_BEL_20080530,BEL,1,0.5,12,4,4,12,1,0,1.0
HIST_KOR_JOR_20080531,KOR,2,0.5,12,4,4,12,1,0,2.0
HIST_KOR_JOR_20080531,JOR,2,0.5,12,4,4,12,1,0,2.0
HIST_SEN_ALG_20080531,SEN,1,0.5,12,4,4,12,1,0,1.0
HIST_AUS_IRQ_20080601,IRQ,0,0.5,12,4,4,12,1,0,0.0
HIST_NED_FRA_20080613,NED,4,0.5,12,4,4,12,1,0,4.0
HIST_PAR_BRA_20080615,PAR,2,0.5,12,4,4,12,1,0,2.0
HIST_SUI_POR_20080615,SUI,2,0.5,12,4,4,12,1,0,2.0
HIST_SUI_POR_20080615,POR,0,0.5,12,4,4,12,1,0,0.0
HIST_CRO_TUR_20080620,CRO,1,0.5,12,4,4,12,1,0,1.0
HIST_CRO_TUR_20080620,TUR,1,0.5,12,4,4,12,1,0,1.0
HIST_CUW_HAI_20080622,HAI,1,0.5,12,4,4,12,1,0,1.0
HIST_IRN_QAT_20080811,QAT,1,0.5,12,4,4,12,1,0,1.0
HIST_IRN_JOR_20080815,IRN,2,0.5,12,4,4,12,1,0,2.0
HIST_KOR_JOR_20080905,KOR,1,0.5,12,4,4,12,1,0,1.0
HIST_KOR_JOR_20080905,JOR,0,0.5,12,4,4,12,1,0,0.0
HIST_MEX_CAN_20080910,MEX,2,0.5,12,4,4,12,1,0,2.0
HIST_KOR_UZB_20081011,UZB,0,0.5,12,4,4,12,1,0,0.0
HIST_BEL_ESP_20081015,BEL,1,0.5,12,4,4,12,1,0,1.0
HIST_QAT_JPN_20081119,QAT,0,0.5,12,4,4,12,1,0,0.0
HIST_BRA_ITA_20090210,BRA,2,0.5,12,4,4,12,1,0,2.0
HIST_COL_HAI_20090211,HAI,0,0.5,12,4,4,12,1,0,0.0
HIST_TUN_NED_20090211,TUN,1,0.5,12,4,4,12,1,0,1.0
HIST_IRN_KSA_20090328,KSA,2,0.5,12,4,4,12,1,0,2.0
HIST_RSA_NOR_20090328,NOR,1,0.5,12,4,4,12,1,0,1.0
HIST_TUR_ESP_20090401,TUR,1,0.5,12,4,4,12,1,0,1.0
HIST_FRA_TUR_20090605,FRA,1,0.5,12,4,4,12,1,0,1.0
HIST_NED_NOR_20090610,NOR,0,0.5,12,4,4,12,1,0,0.0
HIST_AUS_JPN_20090617,JPN,1,0.5,12,4,4,12,1,0,1.0
HIST_RSA_NZL_20090617,RSA,2,0.5,12,4,4,12,1,0,2.0
HIST_ESP_USA_20090624,ESP,0,0.5,12,4,4,12,1,0,0.0
HIST_ARG_BRA_20090905,ARG,1,0.5,12,4,4,12,1,0,1.0
HIST_COL_ECU_20090905,COL,2,0.5,12,4,4,12,1,0,2.0
HIST_SCO_NED_20090909,NED,1,0.5,12,4,4,12,1,0,1.0
HIST_PAR_QAT_20091113,QAT,2,0.5,12,4,4,12,1,0,2.0
HIST_CIV_GHA_20100115,CIV,3,0.5,12,4,4,12,1,0,3.0
HIST_CIV_GHA_20100115,GHA,1,0.5,12,4,4,12,1,0,1.0
HIST_ALG_EGY_20100128,ALG,0,0.5,12,4,4,12,1,0,0.0
HIST_MEX_NZL_20100303,NZL,0,0.5,12,4,4,12,1,0,0.0
HIST_POR_CPV_20100524,CPV,0,0.5,12,4,4,12,1,0,0.0
HIST_PAR_CIV_20100530,CIV,2,0.5,12,4,4,12,1,0,2.0
HIST_FRA_MEX_20100617,MEX,2,0.5,12,4,4,12,1,0,2.0
HIST_URU_KOR_20100626,URU,2,0.5,12,4,4,12,1,0,2.0
HIST_ARG_MEX_20100627,ARG,3,0.5,12,4,4,12,1,0,3.0
HIST_URU_GHA_20100702,GHA,1,0.5,12,4,4,12,1,0,1.0
HIST_NED_ESP_20100711,NED,0,0.5,12,4,4,12,1,0,0.0
HIST_USA_BRA_20100810,USA,0,0.5,12,4,4,12,1,0,0.0
HIST_SUI_AUS_20100903,AUS,0,0.5,12,4,4,12,1,0,0.0
HIST_JPN_PAR_20100904,PAR,0,0.5,12,4,4,12,1,0,0.0
HIST_TUR_BEL_20100907,TUR,3,0.5,12,4,4,12,1,0,3.0
HIST_TUR_BEL_20100907,BEL,2,0.5,12,4,4,12,1,0,2.0
HIST_SCO_ESP_20101012,SCO,2,0.5,12,4,4,12,1,0,2.0
HIST_USA_COL_20101012,USA,0,0.5,12,4,4,12,1,0,0.0
HIST_USA_COL_20101012,COL,0,0.5,12,4,4,12,1,0,0.0
HIST_EGY_AUS_20101117,AUS,0,0.5,12,4,4,12,1,0,0.0
HIST_POR_ESP_20101117,POR,4,0.5,12,4,4,12,1,0,4.0
HIST_AUS_KOR_20110114,AUS,1,0.5,12,4,4,12,1,0,1.0
HIST_UZB_JOR_20110121,UZB,2,0.5,12,4,4,12,1,0,2.0
HIST_JPN_KOR_20110125,KOR,2,0.5,12,4,4,12,1,0,2.0
HIST_UZB_AUS_20110125,AUS,6,0.5,12,4,4,12,1,0,6.0
HIST_FRA_BRA_20110209,BRA,0,0.5,12,4,4,12,1,0,0.0
HIST_RSA_EGY_20110326,RSA,1,0.5,12,4,4,12,1,0,1.0
HIST_USA_ARG_20110326,ARG,1,0.5,12,4,4,12,1,0,1.0
HIST_TUR_AUT_20110329,TUR,2,0.5,12,4,4,12,1,0,2.0
HIST_MEX_ECU_20110528,MEX,1,0.5,12,4,4,12,1,0,1.0
HIST_CAN_ECU_20110601,CAN,2,0.5,12,4,4,12,1,0,2.0
HIST_MEX_NZL_20110601,NZL,0,0.5,12,4,4,12,1,0,0.0
HIST_KOR_GHA_20110607,KOR,2,0.5,12,4,4,12,1,0,2.0
HIST_USA_JAM_20110619,USA,2,0.5,12,4,4,12,1,0,2.0
HIST_PAN_PAR_20110902,PAR,2,0.5,12,4,4,12,1,0,2.0
HIST_MEX_BRA_20111011,BRA,2,0.5,12,4,4,12,1,0,2.0
HIST_GER_NED_20111115,NED,0,0.5,12,4,4,12,1,0,0.0
HIST_JOR_IRQ_20111115,IRQ,3,0.5,12,4,4,12,1,0,3.0
HIST_IRN_JOR_20120223,JOR,2,0.5,12,4,4,12,1,0,2.0
HIST_NZL_JAM_20120229,JAM,3,0.5,12,4,4,12,1,0,3.0
HIST_RSA_SEN_20120229,SEN,0,0.5,12,4,4,12,1,0,0.0
HIST_USA_SCO_20120526,USA,5,0.5,12,4,4,12,1,0,5.0
HIST_CAN_USA_20120603,CAN,0,0.5,12,4,4,12,1,0,0.0
HIST_MEX_BRA_20120603,MEX,2,0.5,12,4,4,12,1,0,2.0
HIST_QAT_KOR_20120608,KOR,4,0.5,12,4,4,12,1,0,4.0
HIST_BRA_ARG_20120609,ARG,4,0.5,12,4,4,12,1,0,4.0
HIST_NED_GER_20120613,GER,2,0.5,12,4,4,12,1,0,2.0
HIST_JOR_UZB_20120813,UZB,1,0.5,12,4,4,12,1,0,1.0
HIST_JPN_IRQ_20120911,JPN,1,0.5,12,4,4,12,1,0,1.0
HIST_JPN_IRQ_20120911,IRQ,0,0.5,12,4,4,12,1,0,0.0
HIST_FRA_JPN_20121012,JPN,1,0.5,12,4,4,12,1,0,1.0
HIST_IRQ_AUS_20121016,AUS,2,0.5,12,4,4,12,1,0,2.0
HIST_JPN_BRA_20121016,JPN,0,0.5,12,4,4,12,1,0,0.0
HIST_QAT_UZB_20121016,UZB,1,0.5,12,4,4,12,1,0,1.0
HIST_KOR_AUS_20121114,AUS,2,0.5,12,4,4,12,1,0,2.0
HIST_TUN_SUI_20121114,TUN,1,0.5,12,4,4,12,1,0,1.0
HIST_ARG_BRA_20121121,ARG,2,0.5,12,4,4,12,1,0,2.0
HIST_RSA_CPV_20130119,RSA,0,0.5,12,4,4,12,1,0,0.0
HIST_CIV_TUN_20130126,CIV,3,0.5,12,4,4,12,1,0,3.0
HIST_MEX_USA_20130326,MEX,0,0.5,12,4,4,12,1,0,0.0
HIST_AUT_SWE_20130607,AUT,2,0.5,12,4,4,12,1,0,2.0
HIST_CZE_ITA_20130607,ITA,0,0.5,12,4,4,12,1,0,0.0
HIST_ITA_HAI_20130611,ITA,2,0.5,12,4,4,12,1,0,2.0
HIST_ITA_JPN_20130619,JPN,3,0.5,12,4,4,12,1,0,3.0
HIST_BRA_ITA_20130622,BRA,4,0.5,12,4,4,12,1,0,4.0
HIST_BRA_ESP_20130630,ESP,0,0.5,12,4,4,12,1,0,0.0
HIST_ITA_ARG_20130814,ITA,1,0.5,12,4,4,12,1,0,1.0
HIST_ITA_ARG_20130814,ARG,2,0.5,12,4,4,12,1,0,2.0
HIST_SWE_NOR_20130814,NOR,2,0.5,12,4,4,12,1,0,2.0
HIST_GER_AUT_20130906,GER,3,0.5,12,4,4,12,1,0,3.0
HIST_BRA_AUS_20130907,AUS,0,0.5,12,4,4,12,1,0,0.0
HIST_UZB_JOR_20130910,JOR,1,0.5,12,4,4,12,1,0,1.0
HIST_MEX_PAN_20131011,PAN,1,0.5,12,4,4,12,1,0,1.0
HIST_URU_ARG_20131015,URU,3,0.5,12,4,4,12,1,0,3.0
HIST_SWE_POR_20131119,POR,3,0.5,12,4,4,12,1,0,3.0
HIST_COL_SEN_20140531,COL,2,0.5,12,4,4,12,1,0,2.0
HIST_SWE_BEL_20140601,BEL,2,0.5,12,4,4,12,1,0,2.0
HIST_GHA_KOR_20140609,KOR,0,0.5,12,4,4,12,1,0,0.0
HIST_COL_CIV_20140619,COL,2,0.5,12,4,4,12,1,0,2.0
HIST_ARG_IRN_20140621,ARG,1,0.5,12,4,4,12,1,0,1.0
HIST_ITA_URU_20140624,ITA,0,0.5,12,4,4,12,1,0,0.0
HIST_ECU_FRA_20140625,ECU,0,0.5,12,4,4,12,1,0,0.0
HIST_NED_MEX_20141112,MEX,3,0.5,12,4,4,12,1,0,3.0
HIST_ITA_CRO_20141116,ITA,1,0.5,12,4,4,12,1,0,1.0
HIST_KOR_UZB_20150122,KOR,2,0.5,12,4,4,12,1,0,2.0
HIST_QAT_ALG_20150326,ALG,0,0.5,12,4,4,12,1,0,0.0
HIST_KSA_JOR_20150330,JOR,1,0.5,12,4,4,12,1,0,1.0
HIST_ITA_ENG_20150331,ENG,1,0.5,12,4,4,12,1,0,1.0
HIST_SUI_USA_20150331,USA,1,0.5,12,4,4,12,1,0,1.0
HIST_ITA_POR_20150616,POR,1,0.5,12,4,4,12,1,0,1.0
HIST_PAR_JAM_20150616,PAR,1,0.5,12,4,4,12,1,0,1.0
HIST_BRA_COL_20150617,COL,1,0.5,12,4,4,12,1,0,1.0
HIST_MEX_ECU_20150619,MEX,1,0.5,12,4,4,12,1,0,1.0
HIST_BRA_PAR_20150627,BRA,1,0.5,12,4,4,12,1,0,1.0
HIST_USA_JAM_20150722,USA,1,0.5,12,4,4,12,1,0,1.0
HIST_NOR_CRO_20150906,CRO,0,0.5,12,4,4,12,1,0,0.0
HIST_SCO_GER_20150907,GER,3,0.5,12,4,4,12,1,0,3.0
HIST_JOR_IRQ_20151003,JOR,3,0.5,12,4,4,12,1,0,3.0
HIST_MAR_CIV_20151009,MAR,0,0.5,12,4,4,12,1,0,0.0
HIST_CZE_TUR_20151010,CZE,0,0.5,12,4,4,12,1,0,0.0
HIST_ALG_SEN_20151013,SEN,0,0.5,12,4,4,12,1,0,0.0
HIST_ECU_URU_20151112,URU,1,0.5,12,4,4,12,1,0,1.0
HIST_COL_ARG_20151117,ARG,1,0.5,12,4,4,12,1,0,1.0
HIST_ENG_FRA_20151117,FRA,0,0.5,12,4,4,12,1,0,0.0
HIST_CAN_MEX_20160325,MEX,3,0.5,12,4,4,12,1,0,3.0
HIST_POR_BEL_20160329,POR,2,0.5,12,4,4,12,1,0,2.0
HIST_POR_BEL_20160329,BEL,1,0.5,12,4,4,12,1,0,1.0
HIST_MEX_PAR_20160528,MEX,1,0.5,12,4,4,12,1,0,1.0
HIST_ESP_KOR_20160601,KOR,1,0.5,12,4,4,12,1,0,1.0
HIST_BEL_NOR_20160605,NOR,2,0.5,12,4,4,12,1,0,2.0
HIST_MEX_URU_20160605,MEX,3,0.5,12,4,4,12,1,0,3.0
HIST_BRA_HAI_20160608,HAI,1,0.5,12,4,4,12,1,0,1.0
HIST_CZE_CRO_20160617,CZE,2,0.5,12,4,4,12,1,0,2.0
HIST_CRO_POR_20160625,CRO,0,0.5,12,4,4,12,1,0,0.0
HIST_CRO_POR_20160625,POR,1,0.5,12,4,4,12,1,0,1.0
HIST_AUS_IRQ_20160901,AUS,2,0.5,12,4,4,12,1,0,2.0
HIST_ITA_FRA_20160901,FRA,3,0.5,12,4,4,12,1,0,3.0
HIST_QAT_UZB_20160906,UZB,1,0.5,12,4,4,12,1,0,1.0
HIST_RSA_EGY_20160906,RSA,1,0.5,12,4,4,12,1,0,1.0
HIST_ITA_ESP_20161006,ESP,1,0.5,12,4,4,12,1,0,1.0
HIST_COL_URU_20161011,URU,2,0.5,12,4,4,12,1,0,2.0
HIST_NED_BEL_20161109,BEL,1,0.5,12,4,4,12,1,0,1.0
HIST_ENG_SCO_20161111,ENG,3,0.5,12,4,4,12,1,0,3.0
HIST_FRA_SWE_20161111,FRA,2,0.5,12,4,4,12,1,0,2.0
HIST_FRA_SWE_20161111,SWE,1,0.5,12,4,4,12,1,0,1.0
HIST_MAR_CIV_20161112,MAR,0,0.5,12,4,4,12,1,0,0.0
HIST_ARG_COL_20161115,COL,0,0.5,12,4,4,12,1,0,0.0
HIST_EGY_TUN_20170108,EGY,1,0.5,12,4,4,12,1,0,1.0
HIST_BRA_COL_20170126,COL,0,0.5,12,4,4,12,1,0,0.0
HIST_FRA_ESP_20170328,FRA,0,0.5,12,4,4,12,1,0,0.0
HIST_MAR_TUN_20170328,MAR,1,0.5,12,4,4,12,1,0,1.0
HIST_POR_MEX_20170618,MEX,2,0.5,12,4,4,12,1,0,2.0
HIST_POR_MEX_20170702,MEX,1,0.5,12,4,4,12,1,0,1.0
HIST_MEX_JAM_20170713,JAM,0,0.5,12,4,4,12,1,0,0.0
HIST_JAM_CAN_20170720,JAM,2,0.5,12,4,4,12,1,0,2.0
HIST_URU_ARG_20170831,ARG,0,0.5,12,4,4,12,1,0,0.0
HIST_CPV_RSA_20170901,RSA,1,0.5,12,4,4,12,1,0,1.0
HIST_MEX_PAN_20170901,MEX,1,0.5,12,4,4,12,1,0,1.0
HIST_CAN_JAM_20170902,JAM,0,0.5,12,4,4,12,1,0,0.0
HIST_COL_BRA_20170905,BRA,1,0.5,12,4,4,12,1,0,1.0
HIST_UZB_KOR_20170905,UZB,0,0.5,12,4,4,12,1,0,0.0
HIST_SCO_NED_20171109,NED,1,0.5,12,4,4,12,1,0,1.0
HIST_POR_KSA_20171110,KSA,0,0.5,12,4,4,12,1,0,0.0
HIST_ENG_BRA_20171114,BRA,0,0.5,12,4,4,12,1,0,0.0
HIST_IRQ_QAT_20171226,IRQ,2,0.5,12,4,4,12,1,0,2.0
HIST_BEL_KSA_20180327,BEL,4,0.5,12,4,4,12,1,0,4.0
HIST_ENG_ITA_20180327,ITA,1,0.5,12,4,4,12,1,0,1.0
HIST_MEX_CRO_20180327,MEX,0,0.5,12,4,4,12,1,0,0.0
HIST_CRO_BRA_20180603,BRA,2,0.5,12,4,4,12,1,0,2.0
HIST_POR_ALG_20180607,ALG,0,0.5,12,4,4,12,1,0,0.0
HIST_KOR_SEN_20180611,KOR,0,0.5,12,4,4,12,1,0,0.0
HIST_ESP_MAR_20180625,MAR,2,0.5,12,4,4,12,1,0,2.0
HIST_MEX_SWE_20180627,MEX,0,0.5,12,4,4,12,1,0,0.0
HIST_ENG_BEL_20180628,ENG,0,0.5,12,4,4,12,1,0,0.0
HIST_COL_ENG_20180703,ENG,1,0.5,12,4,4,12,1,0,1.0
HIST_GER_FRA_20180906,FRA,0,0.5,12,4,4,12,1,0,0.0
HIST_ITA_POR_20181117,ITA,0,0.5,12,4,4,12,1,0,0.0
HIST_RSA_PAR_20181120,RSA,1,0.5,12,4,4,12,1,0,1.0
HIST_TUN_MAR_20181120,TUN,0,0.5,12,4,4,12,1,0,0.0
HIST_JPN_UZB_20190117,JPN,2,0.5,12,4,4,12,1,0,2.0
HIST_AUS_UZB_20190121,UZB,0,0.5,12,4,4,12,1,0,0.0
HIST_QAT_IRQ_20190122,IRQ,0,0.5,12,4,4,12,1,0,0.0
HIST_JPN_COL_20190322,COL,1,0.5,12,4,4,12,1,0,1.0
HIST_ENG_NED_20190606,ENG,1,0.5,12,4,4,12,1,0,1.0
HIST_MEX_ECU_20190609,MEX,3,0.5,12,4,4,12,1,0,3.0
HIST_KOR_IRN_20190611,IRN,1,0.5,12,4,4,12,1,0,1.0
HIST_ARG_COL_20190615,COL,2,0.5,12,4,4,12,1,0,2.0
HIST_URU_ECU_20190616,URU,4,0.5,12,4,4,12,1,0,4.0
HIST_QAT_ARG_20190623,ARG,2,0.5,12,4,4,12,1,0,2.0
HIST_SEN_ALG_20190627,SEN,0,0.5,12,4,4,12,1,0,0.0
HIST_BRA_ARG_20190702,ARG,0,0.5,12,4,4,12,1,0,0.0
HIST_SCO_BEL_20190909,SCO,0,0.5,12,4,4,12,1,0,0.0
HIST_ECU_ARG_20191013,ARG,6,0.5,12,4,4,12,1,0,6.0
HIST_UZB_KSA_20191114,KSA,3,0.5,12,4,4,12,1,0,3.0
HIST_BRA_KOR_20191119,KOR,0,0.5,12,4,4,12,1,0,0.0
HIST_KSA_PAR_20191119,PAR,0,0.5,12,4,4,12,1,0,0.0
HIST_NED_ESP_20201111,NED,1,0.5,12,4,4,12,1,0,1.0
HIST_ENG_AUT_20210602,ENG,1,0.5,12,4,4,12,1,0,1.0
HIST_ITA_CZE_20210604,CZE,0,0.5,12,4,4,12,1,0,0.0
HIST_BRA_ECU_20210604,BRA,2,0.5,12,4,4,12,1,0,2.0
HIST_COL_ARG_20210608,ARG,2,0.5,12,4,4,12,1,0,2.0
HIST_PAR_BRA_20210608,PAR,0,0.5,12,4,4,12,1,0,0.0
HIST_ARG_PAR_20210621,ARG,1,0.5,12,4,4,12,1,0,1.0
HIST_CRO_ESP_20210628,ESP,5,0.5,12,4,4,12,1,0,5.0
HIST_URU_PAR_20210628,URU,1,0.5,12,4,4,12,1,0,1.0
HIST_URU_PAR_20210628,PAR,0,0.5,12,4,4,12,1,0,0.0
HIST_SUI_ESP_20210702,SUI,1,0.5,12,4,4,12,1,0,1.0
HIST_URU_COL_20210703,COL,0,0.5,12,4,4,12,1,0,0.0
HIST_ENG_ITA_20210711,ITA,1,0.5,12,4,4,12,1,0,1.0
HIST_RSA_SEN_20210718,RSA,0,0.5,12,4,4,12,1,0,0.0
HIST_USA_QAT_20210729,QAT,0,0.5,12,4,4,12,1,0,0.0
HIST_PAN_MEX_20210908,PAN,1,0.5,12,4,4,12,1,0,1.0
HIST_URU_ECU_20210909,URU,1,0.5,12,4,4,12,1,0,1.0
HIST_JAM_CAN_20211010,CAN,0,0.5,12,4,4,12,1,0,0.0
HIST_IRQ_KOR_20211116,KOR,3,0.5,12,4,4,12,1,0,3.0
HIST_JAM_MEX_20220127,JAM,1,0.5,12,4,4,12,1,0,1.0
HIST_IRN_IRQ_20220127,IRN,1,0.5,12,4,4,12,1,0,1.0
HIST_EGY_MAR_20220130,MAR,1,0.5,12,4,4,12,1,0,1.0
HIST_CAN_USA_20220130,CAN,2,0.5,12,4,4,12,1,0,2.0
HIST_FRA_CIV_20220325,CIV,1,0.5,12,4,4,12,1,0,1.0
HIST_CZE_SUI_20220602,SUI,1,0.5,12,4,4,12,1,0,1.0
HIST_KSA_COL_20220605,COL,1,0.5,12,4,4,12,1,0,1.0
HIST_AUT_FRA_20220610,FRA,1,0.5,12,4,4,12,1,0,1.0
HIST_KOR_PAR_20220610,KOR,2,0.5,12,4,4,12,1,0,2.0
HIST_JAM_MEX_20220614,MEX,1,0.5,12,4,4,12,1,0,1.0
HIST_KOR_EGY_20220614,KOR,4,0.5,12,4,4,12,1,0,4.0
HIST_JPN_USA_20220923,USA,0,0.5,12,4,4,12,1,0,0.0
HIST_CAN_QAT_20220923,CAN,2,0.5,12,4,4,12,1,0,2.0
HIST_NZL_AUS_20220925,NZL,0,0.5,12,4,4,12,1,0,0.0
HIST_ENG_GER_20220926,ENG,3,0.5,12,4,4,12,1,0,3.0
HIST_IRN_SEN_20220927,SEN,1,0.5,12,4,4,12,1,0,1.0
HIST_PAR_MAR_20220927,MAR,0,0.5,12,4,4,12,1,0,0.0
HIST_SUI_CZE_20220927,SUI,2,0.5,12,4,4,12,1,0,2.0
HIST_MEX_SWE_20221116,SWE,2,0.5,12,4,4,12,1,0,2.0
HIST_TUR_CZE_20221119,CZE,1,0.5,12,4,4,12,1,0,1.0
HIST_ARG_MEX_20221126,ARG,2,0.5,12,4,4,12,1,0,2.0
HIST_ESP_GER_20221127,GER,1,0.5,12,4,4,12,1,0,1.0
HIST_BEL_MAR_20221127,BEL,0,0.5,12,4,4,12,1,0,0.0
HIST_ENG_SEN_20221204,ENG,3,0.5,12,4,4,12,1,0,3.0
HIST_IRQ_QAT_20230116,IRQ,2,0.5,12,4,4,12,1,0,2.0
HIST_USA_COL_20230128,USA,0,0.5,12,4,4,12,1,0,0.0
HIST_USA_COL_20230128,COL,0,0.5,12,4,4,12,1,0,0.0
HIST_KOR_COL_20230324,KOR,2,0.5,12,4,4,12,1,0,2.0
HIST_KOR_URU_20230328,URU,2,0.5,12,4,4,12,1,0,2.0
HIST_USA_MEX_20230419,USA,1,0.5,12,4,4,12,1,0,1.0
HIST_COL_IRQ_20230616,COL,1,0.5,12,4,4,12,1,0,1.0
HIST_MEX_QAT_20230702,MEX,0,0.5,12,4,4,12,1,0,0.0
HIST_GER_JPN_20230909,JPN,4,0.5,12,4,4,12,1,0,4.0
HIST_CRO_TUR_20231012,CRO,0,0.5,12,4,4,12,1,0,0.0
HIST_CRO_TUR_20231012,TUR,1,0.5,12,4,4,12,1,0,1.0
HIST_JPN_CAN_20231013,CAN,1,0.5,12,4,4,12,1,0,1.0
HIST_NED_FRA_20231013,NED,1,0.5,12,4,4,12,1,0,1.0
HIST_CAN_JAM_20231121,JAM,3,0.5,12,4,4,12,1,0,3.0
HIST_JOR_KSA_20231121,JOR,0,0.5,12,4,4,12,1,0,0.0
HIST_AUS_UZB_20240123,AUS,1,0.5,12,4,4,12,1,0,1.0
HIST_QAT_UZB_20240203,UZB,1,0.5,12,4,4,12,1,0,1.0
HIST_QAT_IRN_20240207,IRN,2,0.5,12,4,4,12,1,0,2.0
HIST_POR_SWE_20240321,SWE,2,0.5,12,4,4,12,1,0,2.0
HIST_EGY_NZL_20240322,NZL,0,0.5,12,4,4,12,1,0,0.0
HIST_FRA_GER_20240323,GER,2,0.5,12,4,4,12,1,0,2.0
HIST_JAM_PAN_20240324,PAN,0,0.5,12,4,4,12,1,0,0.0
HIST_EGY_CRO_20240326,EGY,2,0.5,12,4,4,12,1,0,2.0
HIST_MEX_BRA_20240608,BRA,3,0.5,12,4,4,12,1,0,3.0
HIST_USA_BRA_20240612,BRA,1,0.5,12,4,4,12,1,0,1.0
HIST_GER_SCO_20240614,SCO,1,0.5,12,4,4,12,1,0,1.0
HIST_ESP_ITA_20240620,ITA,0,0.5,12,4,4,12,1,0,0.0
HIST_ENG_SUI_20240706,SUI,1,0.5,12,4,4,12,1,0,1.0
HIST_ARG_CAN_20240709,ARG,2,0.5,12,4,4,12,1,0,2.0
HIST_ARG_COL_20240714,ARG,1,0.5,12,4,4,12,1,0,1.0
HIST_USA_NZL_20240910,NZL,1,0.5,12,4,4,12,1,0,1.0
HIST_CRO_SCO_20241012,SCO,1,0.5,12,4,4,12,1,0,1.0
HIST_BEL_FRA_20241014,FRA,2,0.5,12,4,4,12,1,0,2.0
HIST_AUS_KSA_20241114,AUS,0,0.5,12,4,4,12,1,0,0.0
HIST_JPN_KSA_20250325,JPN,0,0.5,12,4,4,12,1,0,0.0
HIST_JPN_KSA_20250325,KSA,0,0.5,12,4,4,12,1,0,0.0
HIST_ESP_FRA_20250605,FRA,4,0.5,12,4,4,12,1,0,4.0
HIST_CRO_CZE_20250609,CRO,5,0.5,12,4,4,12,1,0,5.0
HIST_SWE_ALG_20250610,SWE,4,0.5,12,4,4,12,1,0,4.0
HIST_ARG_COL_20250610,ARG,1,0.5,12,4,4,12,1,0,1.0
HIST_CUW_CAN_20250621,CUW,1,0.5,12,4,4,12,1,0,1.0
HIST_AUS_NZL_20250905,AUS,1,0.5,12,4,4,12,1,0,1.0
HIST_UZB_URU_20251013,URU,2,0.5,12,4,4,12,1,0,2.0
HIST_NOR_NZL_20251014,NOR,1,0.5,12,4,4,12,1,0,1.0
HIST_SUI_SWE_20251115,SUI,4,0.5,12,4,4,12,1,0,4.0
HIST_ECU_NZL_20251118,ECU,2,0.5,12,4,4,12,1,0,2.0
HIST_JOR_IRQ_20251212,IRQ,0,0.5,12,4,4,12,1,0,0.0
HIST_KSA_JOR_20251215,KSA,0,0.5,12,4,4,12,1,0,0.0
HIST_JOR_MAR_20251218,MAR,3,0.5,12,4,4,12,1,0,3.0
HIST_COL_CRO_20260326,COL,1,0.5,12,4,4,12,1,0,1.0
HIST_KSA_EGY_20260327,KSA,0,0.5,12,4,4,12,1,0,0.0
HIST_SUI_GER_20260327,SUI,3,0.5,12,4,4,12,1,0,3.0
HIST_SUI_GER_20260327,GER,4,0.5,12,4,4,12,1,0,4.0
HIST_JPN_MEX_20000205,MEX,1,0.5,12,4,4,12,1,0,1.0
HIST_EGY_TUN_20000207,TUN,1,0.5,12,4,4,12,1,0,1.0
HIST_MEX_CZE_20000208,MEX,1,0.5,12,4,4,12,1,0,1.0
HIST_SWE_ESP_20000603,ESP,1,0.5,12,4,4,12,1,0,1.0
HIST_MAR_JAM_20000604,MAR,1,0.5,12,4,4,12,1,0,1.0
HIST_EGY_KOR_20000609,EGY,0,0.5,12,4,4,12,1,0,0.0
HIST_CIV_TUN_20000618,TUN,2,0.5,12,4,4,12,1,0,2.0
HIST_POR_GER_20000620,POR,3,0.5,12,4,4,12,1,0,3.0
HIST_POR_GER_20000620,GER,0,0.5,12,4,4,12,1,0,0.0
HIST_NED_FRA_20000621,FRA,2,0.5,12,4,4,12,1,0,2.0
HIST_TUR_POR_20000624,TUR,0,0.5,12,4,4,12,1,0,0.0
HIST_TUR_POR_20000624,POR,2,0.5,12,4,4,12,1,0,2.0
HIST_MEX_ECU_20000920,ECU,0,0.5,12,4,4,12,1,0,0.0
HIST_CAN_PAN_20001009,CAN,1,0.5,12,4,4,12,1,0,1.0
HIST_JPN_QAT_20001020,JPN,1,0.5,12,4,4,12,1,0,1.0
HIST_ITA_ENG_20001115,ITA,1,0.5,12,4,4,12,1,0,1.0
HIST_ESP_NED_20001115,NED,2,0.5,12,4,4,12,1,0,2.0
HIST_MAR_KOR_20010208,KOR,1,0.5,12,4,4,12,1,0,1.0
HIST_SCO_BEL_20010324,BEL,2,0.5,12,4,4,12,1,0,2.0
HIST_POR_NED_20010328,NED,2,0.5,12,4,4,12,1,0,2.0
HIST_IRN_KOR_20010424,IRN,0,0.5,12,4,4,12,1,0,0.0
HIST_FRA_POR_20010425,FRA,4,0.5,12,4,4,12,1,0,4.0
HIST_CAN_IRN_20010426,IRN,0,0.5,12,4,4,12,1,0,0.0
HIST_USA_ECU_20010607,ECU,0,0.5,12,4,4,12,1,0,0.0
HIST_JAM_USA_20010616,USA,0,0.5,12,4,4,12,1,0,0.0
HIST_ALG_EGY_20010721,EGY,1,0.5,12,4,4,12,1,0,1.0
HIST_COL_MEX_20010729,COL,1,0.5,12,4,4,12,1,0,1.0
HIST_KSA_QAT_20010805,QAT,2,0.5,12,4,4,12,1,0,2.0
HIST_JPN_AUS_20010815,AUS,0,0.5,12,4,4,12,1,0,0.0
HIST_NOR_TUR_20010815,NOR,1,0.5,12,4,4,12,1,0,1.0
HIST_ITA_MAR_20010905,MAR,0,0.5,12,4,4,12,1,0,0.0
HIST_URU_COL_20011007,COL,1,0.5,12,4,4,12,1,0,1.0
HIST_IRN_IRQ_20011012,IRN,2,0.5,12,4,4,12,1,0,2.0
HIST_QAT_EGY_20011230,QAT,2,0.5,12,4,4,12,1,0,2.0
HIST_HAI_CAN_20020118,HAI,0,0.5,12,4,4,12,1,0,0.0
HIST_MAR_GHA_20020121,MAR,0,0.5,12,4,4,12,1,0,0.0
HIST_EGY_TUN_20020125,TUN,0,0.5,12,4,4,12,1,0,0.0
HIST_RSA_MAR_20020130,MAR,1,0.5,12,4,4,12,1,0,1.0
HIST_KOR_TUR_20020326,KOR,0,0.5,12,4,4,12,1,0,0.0
HIST_TUN_NOR_20020327,NOR,0,0.5,12,4,4,12,1,0,0.0
HIST_MEX_ECU_20020609,ECU,1,0.5,12,4,4,12,1,0,1.0
HIST_GER_USA_20020621,GER,1,0.5,12,4,4,12,1,0,1.0
HIST_NZL_AUS_20020714,AUS,0,0.5,12,4,4,12,1,0,0.0
HIST_BRA_PAR_20020821,PAR,1,0.5,12,4,4,12,1,0,1.0
HIST_AUT_NOR_20021120,NOR,1,0.5,12,4,4,12,1,0,1.0
HIST_KOR_BRA_20021120,KOR,2,0.5,12,4,4,12,1,0,2.0
HIST_HAI_CUW_20021122,HAI,3,0.5,12,4,4,12,1,0,3.0
HIST_MEX_ARG_20030204,MEX,0,0.5,12,4,4,12,1,0,0.0
HIST_JAM_HAI_20030330,HAI,0,0.5,12,4,4,12,1,0,0.0
HIST_ENG_TUR_20030402,TUR,0,0.5,12,4,4,12,1,0,0.0
HIST_NED_POR_20030430,POR,1,0.5,12,4,4,12,1,0,1.0
HIST_SCO_NZL_20030527,SCO,1,0.5,12,4,4,12,1,0,1.0
HIST_COL_NZL_20030620,NZL,1,0.5,12,4,4,12,1,0,1.0
HIST_FRA_JPN_20030620,JPN,1,0.5,12,4,4,12,1,0,1.0
HIST_FRA_NZL_20030622,NZL,0,0.5,12,4,4,12,1,0,0.0
HIST_ALG_QAT_20030904,QAT,0,0.5,12,4,4,12,1,0,0.0
HIST_IRN_JOR_20030905,JOR,1,0.5,12,4,4,12,1,0,1.0
HIST_NED_AUT_20030906,NED,3,0.5,12,4,4,12,1,0,3.0
HIST_BRA_ECU_20030910,ECU,0,0.5,12,4,4,12,1,0,0.0
HIST_CZE_NED_20030910,NED,1,0.5,12,4,4,12,1,0,1.0
HIST_TUN_JPN_20031008,TUN,0,0.5,12,4,4,12,1,0,0.0
HIST_TUN_JPN_20031008,JPN,1,0.5,12,4,4,12,1,0,1.0
HIST_TUR_ENG_20031011,TUR,0,0.5,12,4,4,12,1,0,0.0
HIST_IRN_NZL_20031012,NZL,0,0.5,12,4,4,12,1,0,0.0
HIST_EGY_SWE_20031118,EGY,1,0.5,12,4,4,12,1,0,1.0
HIST_NED_SCO_20031119,NED,6,0.5,12,4,4,12,1,0,6.0
HIST_JPN_KOR_20031210,KOR,0,0.5,12,4,4,12,1,0,0.0
HIST_UZB_IRQ_20040218,UZB,1,0.5,12,4,4,12,1,0,1.0
HIST_CRO_TUR_20040331,CRO,2,0.5,12,4,4,12,1,0,2.0
HIST_CRO_TUR_20040331,TUR,2,0.5,12,4,4,12,1,0,2.0
HIST_GER_BEL_20040331,GER,3,0.5,12,4,4,12,1,0,3.0
HIST_GER_BEL_20040331,BEL,0,0.5,12,4,4,12,1,0,0.0
HIST_ITA_ESP_20040428,ITA,1,0.5,12,4,4,12,1,0,1.0
HIST_POR_SWE_20040428,SWE,2,0.5,12,4,4,12,1,0,2.0
HIST_BRA_ARG_20040602,BRA,3,0.5,12,4,4,12,1,0,3.0
HIST_ITA_SWE_20040618,ITA,1,0.5,12,4,4,12,1,0,1.0
HIST_NED_CZE_20040619,NED,2,0.5,12,4,4,12,1,0,2.0
HIST_JAM_HAI_20040620,JAM,3,0.5,12,4,4,12,1,0,3.0
HIST_GER_CZE_20040623,CZE,2,0.5,12,4,4,12,1,0,2.0
HIST_MEX_BRA_20040718,BRA,4,0.5,12,4,4,12,1,0,4.0
HIST_ARG_COL_20040720,ARG,3,0.5,12,4,4,12,1,0,3.0
HIST_COL_URU_20040724,URU,2,0.5,12,4,4,12,1,0,2.0
HIST_SWE_NED_20040818,NED,2,0.5,12,4,4,12,1,0,2.0
HIST_URU_ECU_20040905,ECU,0,0.5,12,4,4,12,1,0,0.0
HIST_GER_BRA_20040908,BRA,1,0.5,12,4,4,12,1,0,1.0
HIST_SWE_CRO_20040908,CRO,1,0.5,12,4,4,12,1,0,1.0
HIST_PAN_JAM_20041009,PAN,1,0.5,12,4,4,12,1,0,1.0
HIST_ECU_BRA_20041117,BRA,0,0.5,12,4,4,12,1,0,0.0
HIST_QAT_JOR_20041117,JOR,0,0.5,12,4,4,12,1,0,0.0
HIST_URU_PAR_20041117,URU,1,0.5,12,4,4,12,1,0,1.0
HIST_URU_PAR_20041117,PAR,0,0.5,12,4,4,12,1,0,0.0
HIST_JPN_GER_20041216,GER,3,0.5,12,4,4,12,1,0,3.0
HIST_PAR_KOR_20050119,KOR,1,0.5,12,4,4,12,1,0,1.0
HIST_JOR_NOR_20050128,NOR,0,0.5,12,4,4,12,1,0,0.0
HIST_EGY_BEL_20050209,BEL,0,0.5,12,4,4,12,1,0,0.0
HIST_MEX_ARG_20050309,MEX,1,0.5,12,4,4,12,1,0,1.0
HIST_KSA_KOR_20050325,KSA,2,0.5,12,4,4,12,1,0,2.0
HIST_POR_CAN_20050326,CAN,1,0.5,12,4,4,12,1,0,1.0
HIST_SWE_NOR_20050608,NOR,3,0.5,12,4,4,12,1,0,3.0
HIST_RSA_PAN_20050717,RSA,1,0.5,12,4,4,12,1,0,1.0
HIST_JPN_IRN_20050817,IRN,1,0.5,12,4,4,12,1,0,1.0
HIST_KOR_KSA_20050817,KSA,1,0.5,12,4,4,12,1,0,1.0
HIST_NED_GER_20050817,GER,2,0.5,12,4,4,12,1,0,2.0
HIST_QAT_ARG_20051116,ARG,3,0.5,12,4,4,12,1,0,3.0
HIST_TUN_RSA_20060126,TUN,2,0.5,12,4,4,12,1,0,2.0
HIST_TUN_RSA_20060126,RSA,0,0.5,12,4,4,12,1,0,0.0
HIST_EGY_CIV_20060128,EGY,3,0.5,12,4,4,12,1,0,3.0
HIST_KOR_CRO_20060129,KOR,2,0.5,12,4,4,12,1,0,2.0
HIST_AUT_CAN_20060301,CAN,2,0.5,12,4,4,12,1,0,2.0
HIST_KSA_POR_20060301,KSA,0,0.5,12,4,4,12,1,0,0.0
HIST_KSA_IRQ_20060315,KSA,2,0.5,12,4,4,12,1,0,2.0
HIST_KSA_IRQ_20060315,IRQ,2,0.5,12,4,4,12,1,0,2.0
HIST_AUT_CRO_20060523,CRO,4,0.5,12,4,4,12,1,0,4.0
HIST_TUR_GHA_20060526,TUR,1,0.5,12,4,4,12,1,0,1.0
HIST_POR_CPV_20060527,CPV,1,0.5,12,4,4,12,1,0,1.0
HIST_GER_JPN_20060530,JPN,2,0.5,12,4,4,12,1,0,2.0
HIST_TUN_URU_20060602,TUN,0,0.5,12,4,4,12,1,0,0.0
HIST_ESP_EGY_20060603,ESP,2,0.5,12,4,4,12,1,0,2.0
HIST_ENG_PAR_20060610,ENG,1,0.5,12,4,4,12,1,0,1.0
HIST_JPN_CRO_20060618,JPN,0,0.5,12,4,4,12,1,0,0.0
HIST_CRO_AUS_20060622,CRO,2,0.5,12,4,4,12,1,0,2.0
HIST_CZE_ITA_20060622,ITA,2,0.5,12,4,4,12,1,0,2.0
HIST_ARG_MEX_20060624,MEX,1,0.5,12,4,4,12,1,0,1.0
HIST_POR_FRA_20060705,POR,0,0.5,12,4,4,12,1,0,0.0
HIST_ITA_FRA_20060709,FRA,1,0.5,12,4,4,12,1,0,1.0
HIST_JOR_IRQ_20060809,IRQ,1,0.5,12,4,4,12,1,0,1.0
HIST_EGY_URU_20060816,URU,2,0.5,12,4,4,12,1,0,2.0
HIST_KOR_IRN_20060902,IRN,1,0.5,12,4,4,12,1,0,1.0
HIST_SWE_ESP_20061007,SWE,2,0.5,12,4,4,12,1,0,2.0
HIST_JAM_CAN_20061008,CAN,1,0.5,12,4,4,12,1,0,1.0
HIST_BRA_ECU_20061010,BRA,2,0.5,12,4,4,12,1,0,2.0
HIST_ESP_ARG_20061011,ARG,1,0.5,12,4,4,12,1,0,1.0
HIST_ALG_CPV_20070324,ALG,2,0.5,12,4,4,12,1,0,2.0
HIST_TUR_NOR_20070328,NOR,2,0.5,12,4,4,12,1,0,2.0
HIST_AUS_URU_20070602,AUS,1,0.5,12,4,4,12,1,0,1.0
HIST_AUS_URU_20070602,URU,2,0.5,12,4,4,12,1,0,2.0
HIST_JPN_COL_20070605,COL,0,0.5,12,4,4,12,1,0,0.0
HIST_MEX_PAN_20070613,MEX,1,0.5,12,4,4,12,1,0,1.0
HIST_KOR_UZB_20070705,KOR,2,0.5,12,4,4,12,1,0,2.0
HIST_MEX_PAR_20070708,MEX,6,0.5,12,4,4,12,1,0,6.0
HIST_BRA_ARG_20070715,BRA,3,0.5,12,4,4,12,1,0,3.0
HIST_JPN_AUS_20070721,JPN,1,0.5,12,4,4,12,1,0,1.0
HIST_AUT_CZE_20070822,CZE,1,0.5,12,4,4,12,1,0,1.0
HIST_AUT_NED_20080326,NED,4,0.5,12,4,4,12,1,0,4.0
HIST_FRA_ENG_20080326,ENG,0,0.5,12,4,4,12,1,0,0.0
HIST_CIV_TUN_20080326,CIV,0,0.5,12,4,4,12,1,0,0.0
HIST_SCO_CRO_20080326,SCO,1,0.5,12,4,4,12,1,0,1.0
HIST_FRA_ECU_20080527,FRA,2,0.5,12,4,4,12,1,0,2.0
HIST_HAI_CUW_20080615,CUW,0,0.5,12,4,4,12,1,0,0.0
HIST_PAR_BRA_20080615,BRA,0,0.5,12,4,4,12,1,0,0.0
HIST_BRA_ARG_20080618,ARG,0,0.5,12,4,4,12,1,0,0.0
HIST_POR_GER_20080619,POR,2,0.5,12,4,4,12,1,0,2.0
HIST_POR_GER_20080619,GER,3,0.5,12,4,4,12,1,0,3.0
HIST_GER_TUR_20080625,GER,3,0.5,12,4,4,12,1,0,3.0
HIST_GER_TUR_20080625,TUR,2,0.5,12,4,4,12,1,0,2.0
HIST_KSA_PAR_20080820,PAR,1,0.5,12,4,4,12,1,0,1.0
HIST_QAT_UZB_20080906,QAT,3,0.5,12,4,4,12,1,0,3.0
HIST_MEX_JAM_20080906,MEX,3,0.5,12,4,4,12,1,0,3.0
HIST_NED_SWE_20081119,NED,3,0.5,12,4,4,12,1,0,3.0
HIST_MEX_SWE_20090128,SWE,1,0.5,12,4,4,12,1,0,1.0
HIST_USA_MEX_20090211,MEX,0,0.5,12,4,4,12,1,0,0.0
HIST_POR_SWE_20090328,SWE,0,0.5,12,4,4,12,1,0,0.0
HIST_PAN_HAI_20090331,PAN,4,0.5,12,4,4,12,1,0,4.0
HIST_JAM_PAN_20090607,JAM,3,0.5,12,4,4,12,1,0,3.0
HIST_JPN_QAT_20090610,QAT,1,0.5,12,4,4,12,1,0,1.0
HIST_KOR_KSA_20090610,KOR,0,0.5,12,4,4,12,1,0,0.0
HIST_BRA_EGY_20090615,EGY,3,0.5,12,4,4,12,1,0,3.0
HIST_USA_ITA_20090615,USA,1,0.5,12,4,4,12,1,0,1.0
HIST_RSA_ESP_20090620,ESP,2,0.5,12,4,4,12,1,0,2.0
HIST_MEX_HAI_20090719,MEX,4,0.5,12,4,4,12,1,0,4.0
HIST_MEX_HAI_20090719,HAI,0,0.5,12,4,4,12,1,0,0.0
HIST_KOR_PAR_20090812,PAR,0,0.5,12,4,4,12,1,0,0.0
HIST_PAR_ARG_20090909,ARG,0,0.5,12,4,4,12,1,0,0.0
HIST_ITA_NED_20091114,ITA,0,0.5,12,4,4,12,1,0,0.0
HIST_ESP_ARG_20091114,ESP,2,0.5,12,4,4,12,1,0,2.0
HIST_GER_CIV_20091118,GER,2,0.5,12,4,4,12,1,0,2.0
HIST_GER_ARG_20100303,ARG,1,0.5,12,4,4,12,1,0,1.0
HIST_NED_USA_20100303,NED,2,0.5,12,4,4,12,1,0,2.0
HIST_MEX_ECU_20100507,ECU,0,0.5,12,4,4,12,1,0,0.0
HIST_ENG_MEX_20100524,ENG,3,0.5,12,4,4,12,1,0,3.0
HIST_JPN_ENG_20100530,ENG,2,0.5,12,4,4,12,1,0,2.0
HIST_PAR_CIV_20100530,PAR,2,0.5,12,4,4,12,1,0,2.0
HIST_TUN_FRA_20100530,FRA,1,0.5,12,4,4,12,1,0,1.0
HIST_ENG_USA_20100612,USA,1,0.5,12,4,4,12,1,0,1.0
HIST_GER_AUS_20100613,AUS,0,0.5,12,4,4,12,1,0,0.0
HIST_GER_ENG_20100627,ENG,1,0.5,12,4,4,12,1,0,1.0
HIST_URU_GHA_20100702,URU,1,0.5,12,4,4,12,1,0,1.0
HIST_NED_ESP_20100711,ESP,1,0.5,12,4,4,12,1,0,1.0
HIST_ITA_CIV_20100810,ITA,0,0.5,12,4,4,12,1,0,0.0
HIST_AUT_SUI_20100811,SUI,1,0.5,12,4,4,12,1,0,1.0
HIST_SWE_SCO_20100811,SCO,0,0.5,12,4,4,12,1,0,0.0
HIST_BEL_AUT_20101012,BEL,4,0.5,12,4,4,12,1,0,4.0
HIST_KOR_JPN_20101012,KOR,0,0.5,12,4,4,12,1,0,0.0
HIST_QAT_IRQ_20101012,QAT,1,0.5,12,4,4,12,1,0,1.0
HIST_ENG_FRA_20101117,FRA,2,0.5,12,4,4,12,1,0,2.0
HIST_SWE_GER_20101117,SWE,0,0.5,12,4,4,12,1,0,0.0
HIST_AUT_BEL_20110325,AUT,0,0.5,12,4,4,12,1,0,0.0
HIST_ALG_MAR_20110327,ALG,1,0.5,12,4,4,12,1,0,1.0
HIST_ENG_SUI_20110604,SUI,2,0.5,12,4,4,12,1,0,2.0
HIST_JPN_CZE_20110607,JPN,0,0.5,12,4,4,12,1,0,0.0
HIST_URU_MEX_20110712,MEX,0,0.5,12,4,4,12,1,0,0.0
HIST_SCO_CZE_20110903,CZE,2,0.5,12,4,4,12,1,0,2.0
HIST_CUW_HAI_20110906,HAI,4,0.5,12,4,4,12,1,0,4.0
HIST_JAM_COL_20110906,JAM,0,0.5,12,4,4,12,1,0,0.0
HIST_BRA_ARG_20110928,BRA,2,0.5,12,4,4,12,1,0,2.0
HIST_FRA_USA_20111111,USA,0,0.5,12,4,4,12,1,0,0.0
HIST_TUR_CRO_20111111,TUR,0,0.5,12,4,4,12,1,0,0.0
HIST_TUR_CRO_20111111,CRO,3,0.5,12,4,4,12,1,0,3.0
HIST_MAR_TUN_20120123,TUN,2,0.5,12,4,4,12,1,0,2.0
HIST_AUS_KSA_20120229,AUS,4,0.5,12,4,4,12,1,0,4.0
HIST_MAR_SEN_20120525,SEN,1,0.5,12,4,4,12,1,0,1.0
HIST_ENG_BEL_20120602,BEL,0,0.5,12,4,4,12,1,0,0.0
HIST_JOR_IRQ_20120603,IRQ,1,0.5,12,4,4,12,1,0,1.0
HIST_CPV_TUN_20120609,TUN,2,0.5,12,4,4,12,1,0,2.0
HIST_CRO_ESP_20120618,CRO,0,0.5,12,4,4,12,1,0,0.0
HIST_BRA_ARG_20120919,BRA,2,0.5,12,4,4,12,1,0,2.0
HIST_CPV_GHA_20121114,GHA,1,0.5,12,4,4,12,1,0,1.0
HIST_PAN_ESP_20121114,ESP,5,0.5,12,4,4,12,1,0,5.0
HIST_IRN_KSA_20121209,KSA,0,0.5,12,4,4,12,1,0,0.0
HIST_IRQ_JOR_20121210,JOR,0,0.5,12,4,4,12,1,0,0.0
HIST_ESP_URU_20130206,ESP,3,0.5,12,4,4,12,1,0,3.0
HIST_BRA_ENG_20130602,ENG,2,0.5,12,4,4,12,1,0,2.0
HIST_ARG_COL_20130607,ARG,0,0.5,12,4,4,12,1,0,0.0
HIST_AUT_SWE_20130607,SWE,1,0.5,12,4,4,12,1,0,1.0
HIST_CRO_SCO_20130607,SCO,1,0.5,12,4,4,12,1,0,1.0
HIST_CZE_ITA_20130607,CZE,0,0.5,12,4,4,12,1,0,0.0
HIST_BRA_JPN_20130615,BRA,3,0.5,12,4,4,12,1,0,3.0
HIST_ESP_URU_20130616,ESP,2,0.5,12,4,4,12,1,0,2.0
HIST_BRA_MEX_20130619,BRA,2,0.5,12,4,4,12,1,0,2.0
HIST_KOR_AUS_20130720,AUS,0,0.5,12,4,4,12,1,0,0.0
HIST_PAN_MEX_20130724,MEX,1,0.5,12,4,4,12,1,0,1.0
HIST_BRA_AUS_20130907,BRA,6,0.5,12,4,4,12,1,0,6.0
HIST_MEX_NZL_20131113,MEX,5,0.5,12,4,4,12,1,0,5.0
HIST_SCO_USA_20131115,USA,0,0.5,12,4,4,12,1,0,0.0
HIST_SEN_CIV_20131116,SEN,1,0.5,12,4,4,12,1,0,1.0
HIST_URU_JOR_20131120,URU,0,0.5,12,4,4,12,1,0,0.0
HIST_BEL_CIV_20140305,CIV,2,0.5,12,4,4,12,1,0,2.0
HIST_JPN_NZL_20140305,NZL,2,0.5,12,4,4,12,1,0,2.0
HIST_TUR_SWE_20140305,SWE,1,0.5,12,4,4,12,1,0,1.0
HIST_MEX_ECU_20140531,MEX,3,0.5,12,4,4,12,1,0,3.0
HIST_NED_GHA_20140531,NED,1,0.5,12,4,4,12,1,0,1.0
HIST_FRA_PAR_20140601,FRA,1,0.5,12,4,4,12,1,0,1.0
HIST_CRO_AUS_20140606,AUS,0,0.5,12,4,4,12,1,0,0.0
HIST_FRA_JAM_20140608,FRA,8,0.5,12,4,4,12,1,0,8.0
HIST_SUI_ECU_20140615,SUI,2,0.5,12,4,4,12,1,0,2.0
HIST_SUI_ECU_20140615,ECU,1,0.5,12,4,4,12,1,0,1.0
HIST_AUS_NED_20140618,NED,3,0.5,12,4,4,12,1,0,3.0
HIST_USA_POR_20140622,POR,2,0.5,12,4,4,12,1,0,2.0
HIST_ARG_BEL_20140705,BEL,0,0.5,12,4,4,12,1,0,0.0
HIST_MAR_QAT_20140903,QAT,0,0.5,12,4,4,12,1,0,0.0
HIST_SEN_EGY_20140905,EGY,0,0.5,12,4,4,12,1,0,0.0
HIST_ARG_BRA_20141011,ARG,0,0.5,12,4,4,12,1,0,0.0
HIST_TUR_BRA_20141112,TUR,0,0.5,12,4,4,12,1,0,0.0
HIST_JPN_AUS_20141118,JPN,2,0.5,12,4,4,12,1,0,2.0
HIST_POR_ARG_20141118,POR,1,0.5,12,4,4,12,1,0,1.0
HIST_RSA_CIV_20141130,CIV,0,0.5,12,4,4,12,1,0,0.0
HIST_UZB_IRQ_20141228,IRQ,0,0.5,12,4,4,12,1,0,0.0
HIST_UZB_KSA_20150118,KSA,1,0.5,12,4,4,12,1,0,1.0
HIST_JPN_JOR_20150120,JOR,0,0.5,12,4,4,12,1,0,0.0
HIST_CIV_ALG_20150201,CIV,3,0.5,12,4,4,12,1,0,3.0
HIST_GER_AUS_20150325,AUS,2,0.5,12,4,4,12,1,0,2.0
HIST_FRA_BRA_20150326,BRA,3,0.5,12,4,4,12,1,0,3.0
HIST_NED_USA_20150605,USA,4,0.5,12,4,4,12,1,0,4.0
HIST_JPN_IRQ_20150611,JPN,4,0.5,12,4,4,12,1,0,4.0
HIST_JPN_IRQ_20150611,IRQ,0,0.5,12,4,4,12,1,0,0.0
HIST_BRA_PAR_20150627,PAR,1,0.5,12,4,4,12,1,0,1.0
HIST_PAN_MEX_20150722,MEX,2,0.5,12,4,4,12,1,0,2.0
HIST_JAM_MEX_20150726,JAM,1,0.5,12,4,4,12,1,0,1.0
HIST_POR_FRA_20150904,FRA,1,0.5,12,4,4,12,1,0,1.0
HIST_USA_BRA_20150908,BRA,4,0.5,12,4,4,12,1,0,4.0
HIST_USA_MEX_20151010,MEX,3,0.5,12,4,4,12,1,0,3.0
HIST_FRA_GER_20151113,GER,0,0.5,12,4,4,12,1,0,0.0
HIST_QAT_TUR_20151113,TUR,2,0.5,12,4,4,12,1,0,2.0
HIST_JAM_PAN_20151113,PAN,2,0.5,12,4,4,12,1,0,2.0
HIST_ESP_KOR_20160601,ESP,6,0.5,12,4,4,12,1,0,6.0
HIST_USA_COL_20160603,USA,0,0.5,12,4,4,12,1,0,0.0
HIST_USA_COL_20160603,COL,2,0.5,12,4,4,12,1,0,2.0
HIST_USA_PAR_20160611,PAR,0,0.5,12,4,4,12,1,0,0.0
HIST_BEL_ITA_20160613,ITA,2,0.5,12,4,4,12,1,0,2.0
HIST_SWE_BEL_20160622,SWE,0,0.5,12,4,4,12,1,0,0.0
HIST_ITA_ESP_20160627,ESP,0,0.5,12,4,4,12,1,0,0.0
HIST_UZB_IRQ_20160724,IRQ,1,0.5,12,4,4,12,1,0,1.0
HIST_ARG_URU_20160901,URU,0,0.5,12,4,4,12,1,0,0.0
HIST_BEL_ESP_20160901,ESP,2,0.5,12,4,4,12,1,0,2.0
HIST_ITA_FRA_20160901,ITA,1,0.5,12,4,4,12,1,0,1.0
HIST_CRO_TUR_20160905,CRO,1,0.5,12,4,4,12,1,0,1.0
HIST_CRO_TUR_20160905,TUR,1,0.5,12,4,4,12,1,0,1.0
HIST_JAM_HAI_20160906,JAM,0,0.5,12,4,4,12,1,0,0.0
HIST_KSA_AUS_20161006,AUS,2,0.5,12,4,4,12,1,0,2.0
HIST_SEN_CPV_20161008,CPV,0,0.5,12,4,4,12,1,0,0.0
HIST_URU_ECU_20161110,URU,2,0.5,12,4,4,12,1,0,2.0
HIST_CZE_NOR_20161111,NOR,1,0.5,12,4,4,12,1,0,1.0
HIST_PAN_MEX_20161115,PAN,0,0.5,12,4,4,12,1,0,0.0
HIST_SEN_ALG_20170123,SEN,2,0.5,12,4,4,12,1,0,2.0
HIST_MAR_CIV_20170124,CIV,0,0.5,12,4,4,12,1,0,0.0
HIST_PAR_ECU_20170323,ECU,1,0.5,12,4,4,12,1,0,1.0
HIST_MAR_NED_20170531,NED,2,0.5,12,4,4,12,1,0,2.0
HIST_TUN_EGY_20170611,EGY,0,0.5,12,4,4,12,1,0,0.0
HIST_NZL_POR_20170624,POR,4,0.5,12,4,4,12,1,0,4.0
HIST_JAM_CAN_20170720,CAN,1,0.5,12,4,4,12,1,0,1.0
HIST_CAN_JAM_20170902,CAN,2,0.5,12,4,4,12,1,0,2.0
HIST_TUR_CRO_20170905,TUR,1,0.5,12,4,4,12,1,0,1.0
HIST_TUR_CRO_20170905,CRO,0,0.5,12,4,4,12,1,0,0.0
HIST_JPN_HAI_20171010,JPN,3,0.5,12,4,4,12,1,0,3.0
HIST_KSA_GHA_20171010,KSA,0,0.5,12,4,4,12,1,0,0.0
HIST_BEL_MEX_20171110,MEX,3,0.5,12,4,4,12,1,0,3.0
HIST_RSA_SEN_20171110,RSA,0,0.5,12,4,4,12,1,0,0.0
HIST_AUT_URU_20171114,AUT,2,0.5,12,4,4,12,1,0,2.0
HIST_BEL_JPN_20171114,BEL,1,0.5,12,4,4,12,1,0,1.0
HIST_JAM_KOR_20180130,KOR,2,0.5,12,4,4,12,1,0,2.0
HIST_IRQ_QAT_20180321,QAT,3,0.5,12,4,4,12,1,0,3.0
HIST_MAR_IRN_20180615,MAR,0,0.5,12,4,4,12,1,0,0.0
HIST_BRA_SUI_20180617,SUI,1,0.5,12,4,4,12,1,0,1.0
HIST_IRN_POR_20180625,IRN,1,0.5,12,4,4,12,1,0,1.0
HIST_CRO_ENG_20180711,ENG,1,0.5,12,4,4,12,1,0,1.0
HIST_SCO_POR_20181014,SCO,1,0.5,12,4,4,12,1,0,1.0
HIST_KOR_UZB_20181120,UZB,0,0.5,12,4,4,12,1,0,0.0
HIST_IRN_JPN_20190128,JPN,3,0.5,12,4,4,12,1,0,3.0
HIST_ENG_NED_20190606,NED,3,0.5,12,4,4,12,1,0,3.0
HIST_BEL_SCO_20190611,SCO,0,0.5,12,4,4,12,1,0,0.0
HIST_QAT_ARG_20190623,QAT,0,0.5,12,4,4,12,1,0,0.0
HIST_BRA_SEN_20191010,SEN,1,0.5,12,4,4,12,1,0,1.0
HIST_CAN_USA_20191015,USA,0,0.5,12,4,4,12,1,0,0.0
HIST_IRQ_IRN_20191114,IRQ,2,0.5,12,4,4,12,1,0,2.0
HIST_USA_CAN_20191115,CAN,1,0.5,12,4,4,12,1,0,1.0
HIST_PAN_MEX_20191115,PAN,0,0.5,12,4,4,12,1,0,0.0
HIST_ECU_COL_20191119,ECU,0,0.5,12,4,4,12,1,0,0.0
HIST_MAR_SEN_20201009,SEN,1,0.5,12,4,4,12,1,0,1.0
HIST_ESP_SUI_20201010,SUI,0,0.5,12,4,4,12,1,0,0.0
HIST_JPN_CIV_20201013,JPN,1,0.5,12,4,4,12,1,0,1.0
HIST_NED_ESP_20201111,ESP,1,0.5,12,4,4,12,1,0,1.0
HIST_ECU_COL_20201117,COL,1,0.5,12,4,4,12,1,0,1.0
HIST_JOR_UZB_20210215,JOR,0,0.5,12,4,4,12,1,0,0.0
HIST_SCO_AUT_20210325,SCO,2,0.5,12,4,4,12,1,0,2.0
HIST_ITA_CZE_20210604,ITA,4,0.5,12,4,4,12,1,0,4.0
HIST_ESP_POR_20210604,POR,0,0.5,12,4,4,12,1,0,0.0
HIST_BEL_CRO_20210606,BEL,1,0.5,12,4,4,12,1,0,1.0
HIST_BEL_CRO_20210606,CRO,0,0.5,12,4,4,12,1,0,0.0
HIST_PAR_BRA_20210608,BRA,2,0.5,12,4,4,12,1,0,2.0
HIST_KSA_UZB_20210615,UZB,0,0.5,12,4,4,12,1,0,0.0
HIST_BEL_ITA_20210702,BEL,1,0.5,12,4,4,12,1,0,1.0
HIST_MEX_CAN_20210729,CAN,1,0.5,12,4,4,12,1,0,1.0
HIST_USA_JAM_20211007,JAM,0,0.5,12,4,4,12,1,0,0.0
HIST_JAM_CAN_20211010,JAM,0,0.5,12,4,4,12,1,0,0.0
HIST_ARG_URU_20211010,ARG,3,0.5,12,4,4,12,1,0,3.0
HIST_CAN_PAN_20211013,PAN,1,0.5,12,4,4,12,1,0,1.0
HIST_USA_MEX_20211112,MEX,0,0.5,12,4,4,12,1,0,0.0
HIST_ESP_SWE_20211114,ESP,1,0.5,12,4,4,12,1,0,1.0
HIST_SEN_CPV_20220125,SEN,2,0.5,12,4,4,12,1,0,2.0
HIST_USA_PAN_20220327,USA,5,0.5,12,4,4,12,1,0,5.0
HIST_USA_PAN_20220327,PAN,1,0.5,12,4,4,12,1,0,1.0
HIST_POR_SUI_20220605,POR,4,0.5,12,4,4,12,1,0,4.0
HIST_POR_SUI_20220605,SUI,0,0.5,12,4,4,12,1,0,0.0
HIST_SWE_NOR_20220605,NOR,2,0.5,12,4,4,12,1,0,2.0
HIST_MEX_ECU_20220605,MEX,0,0.5,12,4,4,12,1,0,0.0
HIST_POR_CZE_20220609,POR,2,0.5,12,4,4,12,1,0,2.0
HIST_AUT_FRA_20220610,AUT,1,0.5,12,4,4,12,1,0,1.0
HIST_FRA_CRO_20220613,FRA,0,0.5,12,4,4,12,1,0,0.0
HIST_GER_ITA_20220614,ITA,2,0.5,12,4,4,12,1,0,2.0
HIST_AUS_NZL_20220922,AUS,1,0.5,12,4,4,12,1,0,1.0
HIST_ARG_JAM_20220927,ARG,3,0.5,12,4,4,12,1,0,3.0
HIST_KSA_PAN_20221110,KSA,1,0.5,12,4,4,12,1,0,1.0
HIST_IRN_TUN_20221116,IRN,0,0.5,12,4,4,12,1,0,0.0
HIST_COL_PAR_20221119,PAR,0,0.5,12,4,4,12,1,0,0.0
HIST_URU_KOR_20221124,KOR,0,0.5,12,4,4,12,1,0,0.0
HIST_POR_GHA_20221124,GHA,2,0.5,12,4,4,12,1,0,2.0
HIST_ENG_USA_20221125,ENG,0,0.5,12,4,4,12,1,0,0.0
HIST_CRO_CAN_20221127,CRO,4,0.5,12,4,4,12,1,0,4.0
HIST_MAR_POR_20221210,POR,0,0.5,12,4,4,12,1,0,0.0
HIST_ENG_FRA_20221210,ENG,1,0.5,12,4,4,12,1,0,1.0
HIST_FRA_MAR_20221214,FRA,2,0.5,12,4,4,12,1,0,2.0
HIST_USA_MEX_20230615,MEX,0,0.5,12,4,4,12,1,0,0.0
HIST_PAN_QAT_20230708,QAT,0,0.5,12,4,4,12,1,0,0.0
HIST_USA_UZB_20230909,USA,3,0.5,12,4,4,12,1,0,3.0
HIST_COL_URU_20231012,COL,2,0.5,12,4,4,12,1,0,2.0
HIST_ALG_CPV_20231012,ALG,5,0.5,12,4,4,12,1,0,5.0
HIST_JPN_CAN_20231013,JPN,4,0.5,12,4,4,12,1,0,4.0
HIST_CAN_JAM_20231121,CAN,2,0.5,12,4,4,12,1,0,2.0
HIST_BRA_ARG_20231121,BRA,0,0.5,12,4,4,12,1,0,0.0
HIST_KSA_KOR_20240130,KOR,1,0.5,12,4,4,12,1,0,1.0
HIST_AUS_KOR_20240202,AUS,1,0.5,12,4,4,12,1,0,1.0
HIST_NED_CAN_20240606,NED,4,0.5,12,4,4,12,1,0,4.0
HIST_PAN_PAR_20240616,PAR,1,0.5,12,4,4,12,1,0,1.0
HIST_ARG_CAN_20240620,ARG,2,0.5,12,4,4,12,1,0,2.0
HIST_NED_FRA_20240621,NED,0,0.5,12,4,4,12,1,0,0.0
HIST_GER_SUI_20240623,GER,1,0.5,12,4,4,12,1,0,1.0
HIST_GER_SUI_20240623,SUI,1,0.5,12,4,4,12,1,0,1.0
HIST_NED_AUT_20240625,AUT,3,0.5,12,4,4,12,1,0,3.0
HIST_COL_PAN_20240706,COL,5,0.5,12,4,4,12,1,0,5.0
HIST_COL_PAN_20240706,PAN,0,0.5,12,4,4,12,1,0,0.0
HIST_EGY_CPV_20240906,EGY,3,0.5,12,4,4,12,1,0,3.0
HIST_CAN_PAN_20241015,PAN,1,0.5,12,4,4,12,1,0,1.0
HIST_MEX_USA_20241015,MEX,2,0.5,12,4,4,12,1,0,2.0
HIST_IRN_QAT_20241015,QAT,1,0.5,12,4,4,12,1,0,1.0
HIST_BEL_ITA_20241114,ITA,1,0.5,12,4,4,12,1,0,1.0
HIST_PAR_ARG_20241114,PAR,2,0.5,12,4,4,12,1,0,2.0
HIST_ITA_GER_20250320,ITA,1,0.5,12,4,4,12,1,0,1.0
HIST_ARG_BRA_20250325,BRA,1,0.5,12,4,4,12,1,0,1.0
HIST_NOR_ITA_20250606,ITA,0,0.5,12,4,4,12,1,0,0.0
HIST_CUW_CAN_20250621,CAN,1,0.5,12,4,4,12,1,0,1.0
HIST_CZE_CRO_20251009,CRO,0,0.5,12,4,4,12,1,0,0.0
HIST_JPN_PAR_20251010,PAR,2,0.5,12,4,4,12,1,0,2.0
HIST_MEX_ECU_20251014,MEX,1,0.5,12,4,4,12,1,0,1.0
HIST_IRN_CPV_20251113,IRN,0,0.5,12,4,4,12,1,0,0.0
HIST_COL_NZL_20251115,NZL,1,0.5,12,4,4,12,1,0,1.0
HIST_PAN_MEX_20260122,PAN,0,0.5,12,4,4,12,1,0,0.0
HIST_AUS_CUW_20260331,CUW,1,0.5,12,4,4,12,1,0,1.0
HIST_CIV_EGY_20000109,CIV,2,0.5,12,4,4,12,1,0,2.0
HIST_MEX_IRN_20000109,MEX,2,0.5,12,4,4,12,1,0,2.0
HIST_JPN_MEX_20000205,JPN,0,0.5,12,4,4,12,1,0,0.0
HIST_CAN_KOR_20000215,CAN,0,0.5,12,4,4,12,1,0,0.0
HIST_CAN_COL_20000227,COL,0,0.5,12,4,4,12,1,0,0.0
HIST_SCO_FRA_20000329,SCO,0,0.5,12,4,4,12,1,0,0.0
HIST_ESP_ITA_20000329,ITA,0,0.5,12,4,4,12,1,0,0.0
HIST_BEL_SWE_20000610,BEL,2,0.5,12,4,4,12,1,0,2.0
HIST_NED_CZE_20000611,CZE,0,0.5,12,4,4,12,1,0,0.0
HIST_CZE_FRA_20000616,CZE,1,0.5,12,4,4,12,1,0,1.0
HIST_CZE_FRA_20000616,FRA,2,0.5,12,4,4,12,1,0,2.0
HIST_FRA_POR_20000628,POR,1,0.5,12,4,4,12,1,0,1.0
HIST_COL_URU_20000815,COL,1,0.5,12,4,4,12,1,0,1.0
HIST_MEX_CAN_20000815,CAN,0,0.5,12,4,4,12,1,0,0.0
HIST_GER_ESP_20000816,GER,4,0.5,12,4,4,12,1,0,4.0
HIST_SWE_TUR_20001007,SWE,1,0.5,12,4,4,12,1,0,1.0
HIST_KSA_UZB_20001020,UZB,0,0.5,12,4,4,12,1,0,0.0
HIST_CAN_MEX_20001115,MEX,0,0.5,12,4,4,12,1,0,0.0
HIST_JPN_KOR_20001220,KOR,1,0.5,12,4,4,12,1,0,1.0
HIST_MEX_COL_20010131,COL,3,0.5,12,4,4,12,1,0,3.0
HIST_COL_AUS_20010228,COL,3,0.5,12,4,4,12,1,0,3.0
HIST_ENG_ESP_20010228,ENG,3,0.5,12,4,4,12,1,0,3.0
HIST_ENG_ESP_20010228,ESP,0,0.5,12,4,4,12,1,0,0.0
HIST_USA_MEX_20010228,USA,2,0.5,12,4,4,12,1,0,2.0
HIST_FRA_JPN_20010324,JPN,0,0.5,12,4,4,12,1,0,0.0
HIST_SEN_ALG_20010421,SEN,3,0.5,12,4,4,12,1,0,3.0
HIST_EGY_SEN_20010506,EGY,1,0.5,12,4,4,12,1,0,1.0
HIST_JPN_FRA_20010610,JPN,0,0.5,12,4,4,12,1,0,0.0
HIST_JPN_PAR_20010701,JPN,2,0.5,12,4,4,12,1,0,2.0
HIST_COL_ECU_20010714,COL,1,0.5,12,4,4,12,1,0,1.0
HIST_PAR_MEX_20010715,PAR,0,0.5,12,4,4,12,1,0,0.0
HIST_MEX_URU_20010725,MEX,2,0.5,12,4,4,12,1,0,2.0
HIST_AUT_SUI_20010815,SUI,2,0.5,12,4,4,12,1,0,2.0
HIST_GER_ENG_20010901,ENG,5,0.5,12,4,4,12,1,0,5.0
HIST_ESP_AUT_20010901,ESP,4,0.5,12,4,4,12,1,0,4.0
HIST_ITA_MAR_20010905,ITA,1,0.5,12,4,4,12,1,0,1.0
HIST_PAR_ARG_20011007,PAR,2,0.5,12,4,4,12,1,0,2.0
HIST_TUR_AUT_20011114,TUR,5,0.5,12,4,4,12,1,0,5.0
HIST_RSA_GHA_20020124,GHA,0,0.5,12,4,4,12,1,0,0.0
HIST_KSA_BRA_20020206,KSA,0,0.5,12,4,4,12,1,0,0.0
HIST_URU_KOR_20020213,URU,2,0.5,12,4,4,12,1,0,2.0
HIST_GER_USA_20020327,GER,4,0.5,12,4,4,12,1,0,4.0
HIST_GER_ARG_20020417,ARG,1,0.5,12,4,4,12,1,0,1.0
HIST_ITA_URU_20020417,URU,1,0.5,12,4,4,12,1,0,1.0
HIST_JPN_SWE_20020525,SWE,1,0.5,12,4,4,12,1,0,1.0
HIST_MEX_ITA_20020613,MEX,1,0.5,12,4,4,12,1,0,1.0
HIST_MEX_USA_20020617,USA,2,0.5,12,4,4,12,1,0,2.0
HIST_SUI_AUT_20020821,AUT,2,0.5,12,4,4,12,1,0,2.0
HIST_CIV_RSA_20020908,CIV,0,0.5,12,4,4,12,1,0,0.0
HIST_HAI_CUW_20021122,CUW,0,0.5,12,4,4,12,1,0,0.0
HIST_USA_CAN_20030118,USA,4,0.5,12,4,4,12,1,0,4.0
HIST_JAM_HAI_20030330,JAM,3,0.5,12,4,4,12,1,0,3.0
HIST_CZE_AUT_20030402,AUT,0,0.5,12,4,4,12,1,0,0.0
HIST_KOR_JPN_20030416,JPN,1,0.5,12,4,4,12,1,0,1.0
HIST_CZE_TUR_20030430,CZE,4,0.5,12,4,4,12,1,0,4.0
HIST_MAR_CIV_20030430,MAR,0,0.5,12,4,4,12,1,0,0.0
HIST_RSA_ENG_20030522,ENG,2,0.5,12,4,4,12,1,0,2.0
HIST_JPN_ARG_20030608,JPN,1,0.5,12,4,4,12,1,0,1.0
HIST_FRA_COL_20030618,FRA,1,0.5,12,4,4,12,1,0,1.0
HIST_FRA_NZL_20030622,FRA,5,0.5,12,4,4,12,1,0,5.0
HIST_IRN_IRQ_20030813,IRQ,1,0.5,12,4,4,12,1,0,1.0
HIST_BEL_NED_20030820,NED,1,0.5,12,4,4,12,1,0,1.0
HIST_BRA_ECU_20030910,BRA,1,0.5,12,4,4,12,1,0,1.0
HIST_JOR_IRN_20030926,IRN,2,0.5,12,4,4,12,1,0,2.0
HIST_MEX_URU_20031015,MEX,0,0.5,12,4,4,12,1,0,0.0
HIST_TUN_RSA_20031119,TUN,2,0.5,12,4,4,12,1,0,2.0
HIST_TUN_RSA_20031119,RSA,0,0.5,12,4,4,12,1,0,0.0
HIST_TUN_MAR_20040214,MAR,1,0.5,12,4,4,12,1,0,1.0
HIST_JAM_URU_20040218,JAM,2,0.5,12,4,4,12,1,0,2.0
HIST_AUS_RSA_20040330,RSA,0,0.5,12,4,4,12,1,0,0.0
HIST_BEL_TUR_20040428,BEL,2,0.5,12,4,4,12,1,0,2.0
HIST_BEL_TUR_20040428,TUR,3,0.5,12,4,4,12,1,0,3.0
HIST_CZE_JPN_20040428,CZE,0,0.5,12,4,4,12,1,0,0.0
HIST_KOR_PAR_20040428,KOR,0,0.5,12,4,4,12,1,0,0.0
HIST_AUS_TUR_20040521,TUR,3,0.5,12,4,4,12,1,0,3.0
HIST_ECU_COL_20040602,ECU,2,0.5,12,4,4,12,1,0,2.0
HIST_GER_NED_20040615,NED,1,0.5,12,4,4,12,1,0,1.0
HIST_JAM_HAI_20040620,HAI,0,0.5,12,4,4,12,1,0,0.0
HIST_IRQ_JOR_20040625,IRQ,1,0.5,12,4,4,12,1,0,1.0
HIST_ARG_ECU_20040707,ARG,6,0.5,12,4,4,12,1,0,6.0
HIST_KOR_JOR_20040719,KOR,0,0.5,12,4,4,12,1,0,0.0
HIST_KOR_JOR_20040719,JOR,0,0.5,12,4,4,12,1,0,0.0
HIST_UZB_KSA_20040722,KSA,0,0.5,12,4,4,12,1,0,0.0
HIST_ARG_BRA_20040725,BRA,2,0.5,12,4,4,12,1,0,2.0
HIST_MAR_TUN_20040904,TUN,1,0.5,12,4,4,12,1,0,1.0
HIST_GER_BRA_20040908,GER,1,0.5,12,4,4,12,1,0,1.0
HIST_COL_PAR_20041009,PAR,1,0.5,12,4,4,12,1,0,1.0
HIST_ECU_JOR_20041020,JOR,3,0.5,12,4,4,12,1,0,3.0
HIST_ECU_BRA_20041117,ECU,1,0.5,12,4,4,12,1,0,1.0
HIST_QAT_IRQ_20041213,QAT,3,0.5,12,4,4,12,1,0,3.0
HIST_KOR_GER_20041219,GER,1,0.5,12,4,4,12,1,0,1.0
HIST_SWE_KOR_20050122,KOR,1,0.5,12,4,4,12,1,0,1.0
HIST_JOR_NOR_20050128,JOR,0,0.5,12,4,4,12,1,0,0.0
HIST_ECU_PAN_20050129,PAN,0,0.5,12,4,4,12,1,0,0.0
HIST_UZB_KSA_20050209,KSA,1,0.5,12,4,4,12,1,0,1.0
HIST_ECU_PAR_20050327,ECU,5,0.5,12,4,4,12,1,0,5.0
HIST_ECU_ARG_20050604,ARG,0,0.5,12,4,4,12,1,0,0.0
HIST_ECU_ITA_20050611,ITA,1,0.5,12,4,4,12,1,0,1.0
HIST_CIV_EGY_20050619,CIV,2,0.5,12,4,4,12,1,0,2.0
HIST_MEX_COL_20050717,COL,2,0.5,12,4,4,12,1,0,2.0
HIST_USA_MEX_20050903,USA,2,0.5,12,4,4,12,1,0,2.0
HIST_CZE_NED_20051008,CZE,0,0.5,12,4,4,12,1,0,0.0
HIST_NED_ITA_20051112,ITA,3,0.5,12,4,4,12,1,0,3.0
HIST_URU_AUS_20051112,URU,1,0.5,12,4,4,12,1,0,1.0
HIST_URU_AUS_20051112,AUS,0,0.5,12,4,4,12,1,0,0.0
HIST_KSA_GHA_20051114,GHA,3,0.5,12,4,4,12,1,0,3.0
HIST_IRQ_KSA_20051208,IRQ,2,0.5,12,4,4,12,1,0,2.0
HIST_IRQ_KSA_20051208,KSA,0,0.5,12,4,4,12,1,0,0.0
HIST_EGY_RSA_20060114,RSA,2,0.5,12,4,4,12,1,0,2.0
HIST_KSA_SWE_20060118,SWE,1,0.5,12,4,4,12,1,0,1.0
HIST_GHA_SEN_20060127,GHA,1,0.5,12,4,4,12,1,0,1.0
HIST_SCO_SUI_20060301,SUI,3,0.5,12,4,4,12,1,0,3.0
HIST_MEX_PAR_20060329,PAR,1,0.5,12,4,4,12,1,0,1.0
HIST_NOR_PAR_20060524,NOR,2,0.5,12,4,4,12,1,0,2.0
HIST_TUR_GHA_20060526,GHA,1,0.5,12,4,4,12,1,0,1.0
HIST_SUI_ITA_20060531,ITA,1,0.5,12,4,4,12,1,0,1.0
HIST_AUS_JPN_20060612,JPN,1,0.5,12,4,4,12,1,0,1.0
HIST_FRA_SUI_20060613,SUI,0,0.5,12,4,4,12,1,0,0.0
HIST_ESP_TUN_20060619,TUN,1,0.5,12,4,4,12,1,0,1.0
HIST_SWE_ENG_20060620,SWE,2,0.5,12,4,4,12,1,0,2.0
HIST_GER_ARG_20060630,ARG,1,0.5,12,4,4,12,1,0,1.0
HIST_GER_ITA_20060704,ITA,2,0.5,12,4,4,12,1,0,2.0
HIST_BRA_ECU_20061010,ECU,1,0.5,12,4,4,12,1,0,1.0
HIST_NED_ENG_20061115,ENG,1,0.5,12,4,4,12,1,0,1.0
HIST_KSA_IRQ_20070124,KSA,1,0.5,12,4,4,12,1,0,1.0
HIST_KSA_IRQ_20070124,IRQ,0,0.5,12,4,4,12,1,0,0.0
HIST_MAR_TUN_20070207,TUN,1,0.5,12,4,4,12,1,0,1.0
HIST_JAM_SUI_20070322,SUI,2,0.5,12,4,4,12,1,0,2.0
HIST_QAT_IRN_20070324,IRN,1,0.5,12,4,4,12,1,0,1.0
HIST_MEX_PAR_20070325,PAR,1,0.5,12,4,4,12,1,0,1.0
HIST_JAM_PAN_20070326,PAN,1,0.5,12,4,4,12,1,0,1.0
HIST_ITA_SCO_20070328,SCO,0,0.5,12,4,4,12,1,0,0.0
HIST_MEX_ECU_20070328,MEX,4,0.5,12,4,4,12,1,0,4.0
HIST_SUI_ARG_20070602,SUI,1,0.5,12,4,4,12,1,0,1.0
HIST_ALG_ARG_20070605,ARG,4,0.5,12,4,4,12,1,0,4.0
HIST_KOR_KSA_20070711,KSA,1,0.5,12,4,4,12,1,0,1.0
HIST_IRQ_AUS_20070713,AUS,1,0.5,12,4,4,12,1,0,1.0
HIST_SUI_NED_20070822,NED,1,0.5,12,4,4,12,1,0,1.0
HIST_SUI_JPN_20070911,SUI,3,0.5,12,4,4,12,1,0,3.0
HIST_SUI_AUT_20071013,SUI,3,0.5,12,4,4,12,1,0,3.0
HIST_SUI_USA_20071017,USA,1,0.5,12,4,4,12,1,0,1.0
HIST_COL_ARG_20071120,ARG,1,0.5,12,4,4,12,1,0,1.0
HIST_TUN_SEN_20080123,SEN,2,0.5,12,4,4,12,1,0,2.0
HIST_AUS_QAT_20080206,QAT,0,0.5,12,4,4,12,1,0,0.0
HIST_CRO_NED_20080206,CRO,0,0.5,12,4,4,12,1,0,0.0
HIST_URU_COL_20080206,URU,2,0.5,12,4,4,12,1,0,2.0
HIST_CIV_EGY_20080207,CIV,1,0.5,12,4,4,12,1,0,1.0
HIST_QAT_JOR_20080316,JOR,1,0.5,12,4,4,12,1,0,1.0
HIST_JPN_PAR_20080527,PAR,0,0.5,12,4,4,12,1,0,0.0
HIST_MEX_ARG_20080604,ARG,4,0.5,12,4,4,12,1,0,4.0
HIST_AUT_CRO_20080608,CRO,1,0.5,12,4,4,12,1,0,1.0
HIST_HAI_CUW_20080615,HAI,0,0.5,12,4,4,12,1,0,0.0
HIST_AUT_GER_20080616,AUT,0,0.5,12,4,4,12,1,0,0.0
HIST_FRA_ITA_20080617,FRA,0,0.5,12,4,4,12,1,0,0.0
HIST_KSA_UZB_20080622,KSA,4,0.5,12,4,4,12,1,0,4.0
HIST_JOR_QAT_20080813,JOR,3,0.5,12,4,4,12,1,0,3.0
HIST_ARG_PAR_20080906,ARG,1,0.5,12,4,4,12,1,0,1.0
HIST_COL_URU_20080906,COL,0,0.5,12,4,4,12,1,0,0.0
HIST_MEX_JAM_20080906,JAM,0,0.5,12,4,4,12,1,0,0.0
HIST_MEX_CAN_20080910,CAN,1,0.5,12,4,4,12,1,0,1.0
HIST_ARG_URU_20081011,URU,1,0.5,12,4,4,12,1,0,1.0
HIST_RSA_GHA_20081015,GHA,1,0.5,12,4,4,12,1,0,1.0
HIST_GHA_TUN_20081119,GHA,0,0.5,12,4,4,12,1,0,0.0
HIST_JAM_CAN_20081119,JAM,3,0.5,12,4,4,12,1,0,3.0
HIST_USA_SWE_20090124,USA,3,0.5,12,4,4,12,1,0,3.0
HIST_FRA_ARG_20090211,FRA,0,0.5,12,4,4,12,1,0,0.0
HIST_GER_NOR_20090211,GER,0,0.5,12,4,4,12,1,0,0.0
HIST_URU_BRA_20090606,BRA,4,0.5,12,4,4,12,1,0,4.0
HIST_UZB_JPN_20090606,UZB,0,0.5,12,4,4,12,1,0,0.0
HIST_BRA_PAR_20090610,PAR,1,0.5,12,4,4,12,1,0,1.0
HIST_KOR_IRN_20090617,IRN,1,0.5,12,4,4,12,1,0,1.0
HIST_USA_BRA_20090628,USA,2,0.5,12,4,4,12,1,0,2.0
HIST_MEX_PAN_20090709,MEX,1,0.5,12,4,4,12,1,0,1.0
HIST_USA_HAI_20090711,HAI,2,0.5,12,4,4,12,1,0,2.0
HIST_NOR_SCO_20090812,NOR,4,0.5,12,4,4,12,1,0,4.0
HIST_TUN_CIV_20090812,CIV,0,0.5,12,4,4,12,1,0,0.0
HIST_GER_RSA_20090905,RSA,0,0.5,12,4,4,12,1,0,0.0
HIST_JPN_SCO_20091010,JPN,2,0.5,12,4,4,12,1,0,2.0
HIST_SUI_NOR_20091114,SUI,0,0.5,12,4,4,12,1,0,0.0
HIST_BEL_QAT_20091117,QAT,0,0.5,12,4,4,12,1,0,0.0
HIST_GER_CIV_20091118,CIV,2,0.5,12,4,4,12,1,0,2.0
HIST_ARG_JAM_20100210,ARG,2,0.5,12,4,4,12,1,0,2.0
HIST_JPN_KOR_20100214,JPN,1,0.5,12,4,4,12,1,0,1.0
HIST_AUS_NZL_20100524,NZL,1,0.5,12,4,4,12,1,0,1.0
HIST_ESP_KSA_20100529,KSA,2,0.5,12,4,4,12,1,0,2.0
HIST_URU_FRA_20100611,FRA,0,0.5,12,4,4,12,1,0,0.0
HIST_ENG_USA_20100612,ENG,1,0.5,12,4,4,12,1,0,1.0
HIST_RSA_URU_20100616,RSA,0,0.5,12,4,4,12,1,0,0.0
HIST_PAR_JPN_20100629,JPN,0,0.5,12,4,4,12,1,0,0.0
HIST_BEL_GER_20100903,BEL,0,0.5,12,4,4,12,1,0,0.0
HIST_BEL_GER_20100903,GER,1,0.5,12,4,4,12,1,0,1.0
HIST_SUI_AUS_20100903,SUI,0,0.5,12,4,4,12,1,0,0.0
HIST_SUI_ENG_20100907,SUI,1,0.5,12,4,4,12,1,0,1.0
HIST_COL_ECU_20101008,COL,1,0.5,12,4,4,12,1,0,1.0
HIST_QAT_UZB_20110107,UZB,2,0.5,12,4,4,12,1,0,2.0
HIST_IRN_KOR_20110122,KOR,1,0.5,12,4,4,12,1,0,1.0
HIST_NED_AUT_20110209,AUT,1,0.5,12,4,4,12,1,0,1.0
HIST_AUS_NZL_20110605,NZL,0,0.5,12,4,4,12,1,0,0.0
HIST_EGY_RSA_20110605,RSA,0,0.5,12,4,4,12,1,0,0.0
HIST_USA_CAN_20110607,CAN,0,0.5,12,4,4,12,1,0,0.0
HIST_URU_NED_20110608,NED,1,0.5,12,4,4,12,1,0,1.0
HIST_CAN_PAN_20110614,PAN,1,0.5,12,4,4,12,1,0,1.0
HIST_USA_MEX_20110810,USA,1,0.5,12,4,4,12,1,0,1.0
HIST_IRQ_JOR_20110902,IRQ,0,0.5,12,4,4,12,1,0,0.0
HIST_CUW_HAI_20110906,CUW,2,0.5,12,4,4,12,1,0,2.0
HIST_FRA_BEL_20111115,BEL,0,0.5,12,4,4,12,1,0,0.0
HIST_TUN_CIV_20120113,CIV,2,0.5,12,4,4,12,1,0,2.0
HIST_PAN_USA_20120125,PAN,0,0.5,12,4,4,12,1,0,0.0
HIST_PAN_USA_20120125,USA,1,0.5,12,4,4,12,1,0,1.0
HIST_KOR_UZB_20120225,UZB,2,0.5,12,4,4,12,1,0,2.0
HIST_EGY_IRQ_20120417,EGY,0,0.5,12,4,4,12,1,0,0.0
HIST_NOR_CRO_20120602,CRO,1,0.5,12,4,4,12,1,0,1.0
HIST_FRA_ENG_20120611,FRA,1,0.5,12,4,4,12,1,0,1.0
HIST_AUS_JPN_20120612,JPN,1,0.5,12,4,4,12,1,0,1.0
HIST_ESP_ITA_20120701,ESP,4,0.5,12,4,4,12,1,0,4.0
HIST_AUT_TUR_20120815,AUT,2,0.5,12,4,4,12,1,0,2.0
HIST_SCO_AUS_20120815,SCO,3,0.5,12,4,4,12,1,0,3.0
HIST_SCO_AUS_20120815,AUS,1,0.5,12,4,4,12,1,0,1.0
HIST_CAN_PAN_20120907,PAN,0,0.5,12,4,4,12,1,0,0.0
HIST_NED_TUR_20120907,NED,2,0.5,12,4,4,12,1,0,2.0
HIST_EGY_TUN_20121016,TUN,1,0.5,12,4,4,12,1,0,1.0
HIST_IRN_KOR_20121016,KOR,0,0.5,12,4,4,12,1,0,0.0
HIST_ITA_FRA_20121114,ITA,1,0.5,12,4,4,12,1,0,1.0
HIST_PAN_ESP_20121114,PAN,1,0.5,12,4,4,12,1,0,1.0
HIST_MAR_CPV_20130123,MAR,1,0.5,12,4,4,12,1,0,1.0
HIST_USA_CAN_20130129,CAN,0,0.5,12,4,4,12,1,0,0.0
HIST_GHA_CPV_20130202,GHA,2,0.5,12,4,4,12,1,0,2.0
HIST_QAT_EGY_20130307,QAT,3,0.5,12,4,4,12,1,0,3.0
HIST_ITA_BRA_20130321,ITA,2,0.5,12,4,4,12,1,0,2.0
HIST_FRA_ESP_20130326,FRA,0,0.5,12,4,4,12,1,0,0.0
HIST_JPN_AUS_20130604,JPN,1,0.5,12,4,4,12,1,0,1.0
HIST_URU_FRA_20130605,FRA,0,0.5,12,4,4,12,1,0,0.0
HIST_AUS_IRQ_20130618,IRQ,0,0.5,12,4,4,12,1,0,0.0
HIST_BRA_URU_20130626,BRA,2,0.5,12,4,4,12,1,0,2.0
HIST_MEX_PAN_20130707,PAN,2,0.5,12,4,4,12,1,0,2.0
HIST_JPN_AUS_20130725,JPN,3,0.5,12,4,4,12,1,0,3.0
HIST_POR_NED_20130814,POR,1,0.5,12,4,4,12,1,0,1.0
HIST_JOR_UZB_20130906,UZB,1,0.5,12,4,4,12,1,0,1.0
HIST_ITA_CZE_20130910,CZE,1,0.5,12,4,4,12,1,0,1.0
HIST_BEL_CIV_20140305,BEL,2,0.5,12,4,4,12,1,0,2.0
HIST_CZE_NOR_20140305,NOR,2,0.5,12,4,4,12,1,0,2.0
HIST_ECU_ENG_20140604,ECU,2,0.5,12,4,4,12,1,0,2.0
HIST_JAM_EGY_20140604,EGY,2,0.5,12,4,4,12,1,0,2.0
HIST_MEX_POR_20140606,MEX,0,0.5,12,4,4,12,1,0,0.0
HIST_CRO_MEX_20140623,MEX,3,0.5,12,4,4,12,1,0,3.0
HIST_COL_URU_20140628,URU,0,0.5,12,4,4,12,1,0,0.0
HIST_ARG_SUI_20140701,SUI,0,0.5,12,4,4,12,1,0,0.0
HIST_GER_ARG_20140903,ARG,4,0.5,12,4,4,12,1,0,4.0
HIST_UZB_JOR_20140904,JOR,0,0.5,12,4,4,12,1,0,0.0
HIST_AUS_KSA_20140908,KSA,2,0.5,12,4,4,12,1,0,2.0
HIST_AUT_SWE_20140908,AUT,1,0.5,12,4,4,12,1,0,1.0
HIST_CZE_NED_20140909,CZE,2,0.5,12,4,4,12,1,0,2.0
HIST_NOR_ITA_20140909,ITA,2,0.5,12,4,4,12,1,0,2.0
HIST_KSA_URU_20141010,URU,1,0.5,12,4,4,12,1,0,1.0
HIST_QAT_AUS_20141014,QAT,1,0.5,12,4,4,12,1,0,1.0
HIST_TUR_BRA_20141112,BRA,4,0.5,12,4,4,12,1,0,4.0
HIST_USA_COL_20141114,USA,1,0.5,12,4,4,12,1,0,1.0
HIST_USA_COL_20141114,COL,2,0.5,12,4,4,12,1,0,2.0
HIST_SWE_CIV_20150115,SWE,2,0.5,12,4,4,12,1,0,2.0
HIST_IRN_IRQ_20150123,IRQ,3,0.5,12,4,4,12,1,0,3.0
HIST_CIV_GHA_20150208,CIV,0,0.5,12,4,4,12,1,0,0.0
HIST_CIV_GHA_20150208,GHA,0,0.5,12,4,4,12,1,0,0.0
HIST_JPN_UZB_20150331,JPN,5,0.5,12,4,4,12,1,0,5.0
HIST_BRA_MEX_20150607,MEX,0,0.5,12,4,4,12,1,0,0.0
HIST_GER_USA_20150610,USA,2,0.5,12,4,4,12,1,0,2.0
HIST_ARG_JAM_20150620,ARG,1,0.5,12,4,4,12,1,0,1.0
HIST_JAM_MEX_20150726,MEX,3,0.5,12,4,4,12,1,0,3.0
HIST_TUR_NED_20150906,TUR,3,0.5,12,4,4,12,1,0,3.0
HIST_SCO_GER_20150907,SCO,2,0.5,12,4,4,12,1,0,2.0
HIST_ENG_SUI_20150908,ENG,2,0.5,12,4,4,12,1,0,2.0
HIST_JOR_AUS_20151008,AUS,0,0.5,12,4,4,12,1,0,0.0
HIST_ECU_URU_20151112,ECU,2,0.5,12,4,4,12,1,0,2.0
HIST_EGY_JOR_20160127,EGY,0,0.5,12,4,4,12,1,0,0.0
HIST_CAN_MEX_20160325,CAN,0,0.5,12,4,4,12,1,0,0.0
HIST_HAI_PAN_20160325,PAN,0,0.5,12,4,4,12,1,0,0.0
HIST_NED_FRA_20160325,NED,2,0.5,12,4,4,12,1,0,2.0
HIST_CPV_MAR_20160326,MAR,1,0.5,12,4,4,12,1,0,1.0
HIST_AUS_JOR_20160329,AUS,5,0.5,12,4,4,12,1,0,5.0
HIST_AUT_TUR_20160329,AUT,1,0.5,12,4,4,12,1,0,1.0
HIST_PAR_BRA_20160329,PAR,2,0.5,12,4,4,12,1,0,2.0
HIST_SWE_CZE_20160329,SWE,1,0.5,12,4,4,12,1,0,1.0
HIST_SWE_CZE_20160329,CZE,1,0.5,12,4,4,12,1,0,1.0
HIST_ESP_TUR_20160617,TUR,0,0.5,12,4,4,12,1,0,0.0
HIST_CRO_ESP_20160621,CRO,2,0.5,12,4,4,12,1,0,2.0
HIST_QAT_IRQ_20160808,IRQ,1,0.5,12,4,4,12,1,0,1.0
HIST_PAN_JAM_20160902,JAM,0,0.5,12,4,4,12,1,0,0.0
HIST_JAM_HAI_20160906,HAI,2,0.5,12,4,4,12,1,0,2.0
HIST_AUS_JPN_20161011,AUS,1,0.5,12,4,4,12,1,0,1.0
HIST_KOR_CAN_20161111,CAN,0,0.5,12,4,4,12,1,0,0.0
HIST_FRA_CIV_20161115,FRA,0,0.5,12,4,4,12,1,0,0.0
HIST_EGY_GHA_20170125,GHA,0,0.5,12,4,4,12,1,0,0.0
HIST_QAT_IRN_20170323,QAT,0,0.5,12,4,4,12,1,0,0.0
HIST_NED_ITA_20170328,ITA,2,0.5,12,4,4,12,1,0,2.0
HIST_UZB_QAT_20170328,QAT,0,0.5,12,4,4,12,1,0,0.0
HIST_ARG_BRA_20170609,BRA,0,0.5,12,4,4,12,1,0,0.0
HIST_CAN_CUW_20170613,CUW,1,0.5,12,4,4,12,1,0,1.0
HIST_IRQ_JPN_20170613,IRQ,1,0.5,12,4,4,12,1,0,1.0
HIST_IRQ_JPN_20170613,JPN,1,0.5,12,4,4,12,1,0,1.0
HIST_MEX_PAR_20170701,PAR,1,0.5,12,4,4,12,1,0,1.0
HIST_ESP_ITA_20170902,ESP,3,0.5,12,4,4,12,1,0,3.0
HIST_GER_NOR_20170904,NOR,0,0.5,12,4,4,12,1,0,0.0
HIST_JPN_HAI_20171010,HAI,3,0.5,12,4,4,12,1,0,3.0
HIST_POR_SUI_20171010,POR,2,0.5,12,4,4,12,1,0,2.0
HIST_POR_SUI_20171010,SUI,0,0.5,12,4,4,12,1,0,0.0
HIST_QAT_CUW_20171010,QAT,1,0.5,12,4,4,12,1,0,1.0
HIST_ITA_ARG_20180323,ITA,0,0.5,12,4,4,12,1,0,0.0
HIST_ITA_ARG_20180323,ARG,2,0.5,12,4,4,12,1,0,2.0
HIST_POR_NED_20180326,NED,3,0.5,12,4,4,12,1,0,3.0
HIST_ITA_KSA_20180528,KSA,1,0.5,12,4,4,12,1,0,1.0
HIST_FRA_ITA_20180601,FRA,3,0.5,12,4,4,12,1,0,3.0
HIST_ITA_NED_20180604,NED,1,0.5,12,4,4,12,1,0,1.0
HIST_TUN_ESP_20180609,ESP,1,0.5,12,4,4,12,1,0,1.0
HIST_BRA_SUI_20180617,BRA,1,0.5,12,4,4,12,1,0,1.0
HIST_URU_KSA_20180620,URU,1,0.5,12,4,4,12,1,0,1.0
HIST_GER_SWE_20180623,SWE,1,0.5,12,4,4,12,1,0,1.0
HIST_IRN_POR_20180625,POR,1,0.5,12,4,4,12,1,0,1.0
HIST_MEX_URU_20180907,MEX,1,0.5,12,4,4,12,1,0,1.0
HIST_ENG_CRO_20181118,CRO,1,0.5,12,4,4,12,1,0,1.0
HIST_JOR_KSA_20181120,KSA,1,0.5,12,4,4,12,1,0,1.0
HIST_KSA_QAT_20190117,KSA,0,0.5,12,4,4,12,1,0,0.0
HIST_PAR_MEX_20190326,PAR,2,0.5,12,4,4,12,1,0,2.0
HIST_URU_PAN_20190607,PAN,0,0.5,12,4,4,12,1,0,0.0
HIST_ESP_SWE_20190610,ESP,3,0.5,12,4,4,12,1,0,3.0
HIST_GHA_RSA_20190615,GHA,0,0.5,12,4,4,12,1,0,0.0
HIST_URU_ECU_20190616,ECU,0,0.5,12,4,4,12,1,0,0.0
HIST_ECU_JPN_20190624,ECU,1,0.5,12,4,4,12,1,0,1.0
HIST_MAR_CIV_20190628,MAR,1,0.5,12,4,4,12,1,0,1.0
HIST_USA_JAM_20190703,JAM,1,0.5,12,4,4,12,1,0,1.0
HIST_GHA_TUN_20190708,GHA,1,0.5,12,4,4,12,1,0,1.0
HIST_IRQ_UZB_20190909,UZB,0,0.5,12,4,4,12,1,0,0.0
HIST_SCO_BEL_20190909,BEL,4,0.5,12,4,4,12,1,0,4.0
HIST_USA_URU_20190910,URU,1,0.5,12,4,4,12,1,0,1.0
HIST_FRA_TUR_20191014,FRA,1,0.5,12,4,4,12,1,0,1.0
HIST_ARG_URU_20191118,ARG,2,0.5,12,4,4,12,1,0,2.0
HIST_QAT_IRQ_20191126,QAT,1,0.5,12,4,4,12,1,0,1.0
HIST_GER_ESP_20200903,GER,1,0.5,12,4,4,12,1,0,1.0
HIST_NOR_AUT_20200904,AUT,2,0.5,12,4,4,12,1,0,2.0
HIST_NED_ITA_20200907,ITA,1,0.5,12,4,4,12,1,0,1.0
HIST_FRA_POR_20201011,FRA,0,0.5,12,4,4,12,1,0,0.0
HIST_SWE_CRO_20201114,CRO,1,0.5,12,4,4,12,1,0,1.0
HIST_MEX_KOR_20201114,KOR,2,0.5,12,4,4,12,1,0,2.0
HIST_BEL_ENG_20201115,BEL,2,0.5,12,4,4,12,1,0,2.0
HIST_USA_JAM_20210325,USA,4,0.5,12,4,4,12,1,0,4.0
HIST_CZE_BEL_20210327,CZE,1,0.5,12,4,4,12,1,0,1.0
HIST_NED_SCO_20210602,NED,2,0.5,12,4,4,12,1,0,2.0
HIST_ITA_TUR_20210611,ITA,3,0.5,12,4,4,12,1,0,3.0
HIST_ENG_CRO_20210613,ENG,1,0.5,12,4,4,12,1,0,1.0
HIST_ITA_SUI_20210616,ITA,3,0.5,12,4,4,12,1,0,3.0
HIST_NED_AUT_20210617,NED,2,0.5,12,4,4,12,1,0,2.0
HIST_POR_FRA_20210623,FRA,2,0.5,12,4,4,12,1,0,2.0
HIST_USA_JAM_20210725,USA,1,0.5,12,4,4,12,1,0,1.0
HIST_USA_MEX_20210801,USA,1,0.5,12,4,4,12,1,0,1.0
HIST_HAI_JOR_20210904,HAI,2,0.5,12,4,4,12,1,0,2.0
HIST_SUI_ITA_20210905,SUI,0,0.5,12,4,4,12,1,0,0.0
HIST_USA_CAN_20210905,CAN,1,0.5,12,4,4,12,1,0,1.0
HIST_IRQ_IRN_20210907,IRN,3,0.5,12,4,4,12,1,0,3.0
HIST_URU_ECU_20210909,ECU,0,0.5,12,4,4,12,1,0,0.0
HIST_ARG_BRA_20211116,ARG,0,0.5,12,4,4,12,1,0,0.0
HIST_ALG_GHA_20220105,GHA,0,0.5,12,4,4,12,1,0,0.0
HIST_SWE_CZE_20220324,SWE,1,0.5,12,4,4,12,1,0,1.0
HIST_SWE_CZE_20220324,CZE,0,0.5,12,4,4,12,1,0,0.0
HIST_USA_MAR_20220601,USA,3,0.5,12,4,4,12,1,0,3.0
HIST_ESP_POR_20220602,POR,1,0.5,12,4,4,12,1,0,1.0
HIST_CRO_AUT_20220603,CRO,0,0.5,12,4,4,12,1,0,0.0
HIST_CZE_ESP_20220605,CZE,2,0.5,12,4,4,12,1,0,2.0
HIST_CRO_FRA_20220606,CRO,1,0.5,12,4,4,12,1,0,1.0
HIST_MAR_RSA_20220609,MAR,2,0.5,12,4,4,12,1,0,2.0
HIST_URU_PAN_20220611,URU,5,0.5,12,4,4,12,1,0,5.0
HIST_SUI_POR_20220612,SUI,1,0.5,12,4,4,12,1,0,1.0
HIST_SUI_POR_20220612,POR,0,0.5,12,4,4,12,1,0,0.0
HIST_NOR_SWE_20220612,SWE,2,0.5,12,4,4,12,1,0,2.0
HIST_MEX_PAR_20220831,PAR,1,0.5,12,4,4,12,1,0,1.0
HIST_ITA_ENG_20220923,ENG,0,0.5,12,4,4,12,1,0,0.0
HIST_BRA_TUN_20220927,TUN,1,0.5,12,4,4,12,1,0,1.0
HIST_IRN_SEN_20220927,IRN,1,0.5,12,4,4,12,1,0,1.0
HIST_KSA_USA_20220927,USA,0,0.5,12,4,4,12,1,0,0.0
HIST_SEN_NED_20221121,NED,2,0.5,12,4,4,12,1,0,2.0
HIST_FRA_AUS_20221122,FRA,4,0.5,12,4,4,12,1,0,4.0
HIST_GER_JPN_20221123,GER,1,0.5,12,4,4,12,1,0,1.0
HIST_POR_GHA_20221124,POR,3,0.5,12,4,4,12,1,0,3.0
HIST_ENG_USA_20221125,USA,0,0.5,12,4,4,12,1,0,0.0
HIST_IRN_USA_20221129,USA,1,0.5,12,4,4,12,1,0,1.0
HIST_GHA_URU_20221202,URU,2,0.5,12,4,4,12,1,0,2.0
HIST_ARG_FRA_20221218,FRA,3,0.5,12,4,4,12,1,0,3.0
HIST_KOR_COL_20230324,COL,2,0.5,12,4,4,12,1,0,2.0
HIST_JPN_COL_20230328,JPN,1,0.5,12,4,4,12,1,0,1.0
HIST_ARG_AUS_20230615,AUS,0,0.5,12,4,4,12,1,0,0.0
HIST_ENG_AUS_20231013,ENG,1,0.5,12,4,4,12,1,0,1.0
HIST_URU_BRA_20231017,BRA,0,0.5,12,4,4,12,1,0,0.0
HIST_FRA_SCO_20231017,SCO,1,0.5,12,4,4,12,1,0,1.0
HIST_ARG_URU_20231116,URU,2,0.5,12,4,4,12,1,0,2.0
HIST_QAT_JOR_20240105,JOR,2,0.5,12,4,4,12,1,0,2.0
HIST_IRQ_JOR_20240129,IRQ,2,0.5,12,4,4,12,1,0,2.0
HIST_IRN_JPN_20240203,IRN,2,0.5,12,4,4,12,1,0,2.0
HIST_EGY_NZL_20240322,EGY,1,0.5,12,4,4,12,1,0,1.0
HIST_USA_MEX_20240324,MEX,0,0.5,12,4,4,12,1,0,0.0
HIST_GER_NED_20240326,GER,2,0.5,12,4,4,12,1,0,2.0
HIST_CIV_URU_20240326,URU,1,0.5,12,4,4,12,1,0,1.0
HIST_GER_SCO_20240614,GER,5,0.5,12,4,4,12,1,0,5.0
HIST_AUT_FRA_20240617,FRA,1,0.5,12,4,4,12,1,0,1.0
HIST_MEX_ECU_20240630,MEX,0,0.5,12,4,4,12,1,0,0.0
HIST_GER_ESP_20240705,ESP,2,0.5,12,4,4,12,1,0,2.0
HIST_NED_ENG_20240710,NED,1,0.5,12,4,4,12,1,0,1.0
HIST_FRA_ITA_20240906,ITA,3,0.5,12,4,4,12,1,0,3.0
HIST_SUI_ESP_20240908,SUI,1,0.5,12,4,4,12,1,0,1.0
HIST_CRO_SCO_20241012,CRO,2,0.5,12,4,4,12,1,0,2.0
HIST_AUT_NOR_20241013,NOR,1,0.5,12,4,4,12,1,0,1.0
HIST_KOR_IRQ_20241015,IRQ,2,0.5,12,4,4,12,1,0,2.0
HIST_CPV_EGY_20241115,CPV,1,0.5,12,4,4,12,1,0,1.0
HIST_IRQ_KSA_20241228,IRQ,1,0.5,12,4,4,12,1,0,1.0
HIST_IRQ_KSA_20241228,KSA,3,0.5,12,4,4,12,1,0,3.0
HIST_CRO_FRA_20250320,CRO,2,0.5,12,4,4,12,1,0,2.0
HIST_BRA_COL_20250320,BRA,2,0.5,12,4,4,12,1,0,2.0
HIST_URU_ARG_20250321,ARG,1,0.5,12,4,4,12,1,0,1.0
HIST_ESP_NED_20250323,ESP,3,0.5,12,4,4,12,1,0,3.0
HIST_USA_TUR_20250607,USA,1,0.5,12,4,4,12,1,0,1.0
HIST_UZB_QAT_20250610,UZB,3,0.5,12,4,4,12,1,0,3.0
HIST_KSA_AUS_20250610,KSA,1,0.5,12,4,4,12,1,0,1.0
HIST_TUR_ESP_20250907,TUR,0,0.5,12,4,4,12,1,0,0.0
HIST_JPN_BRA_20251014,JPN,3,0.5,12,4,4,12,1,0,3.0
HIST_KSA_ALG_20251118,ALG,2,0.5,12,4,4,12,1,0,2.0
HIST_COL_AUS_20251118,COL,3,0.5,12,4,4,12,1,0,3.0
HIST_ALG_URU_20260331,URU,0,0.5,12,4,4,12,1,0,0.0
HIST_ENG_JPN_20260331,ENG,0,0.5,12,4,4,12,1,0,0.0
HIST_MAR_PAR_20260331,PAR,1,0.5,12,4,4,12,1,0,1.0
HIST_USA_SEN_20260531,USA,3,0.5,12,4,4,12,1,0,3.0
HIST_HAI_NZL_20260602,HAI,4,0.5,12,4,4,12,1,0,4.0
HIST_EGY_SEN_20000128,EGY,1,0.5,12,4,4,12,1,0,1.0
HIST_ITA_SWE_20000223,ITA,1,0.5,12,4,4,12,1,0,1.0
HIST_SUI_NOR_20000329,SUI,2,0.5,12,4,4,12,1,0,2.0
HIST_ITA_POR_20000426,POR,0,0.5,12,4,4,12,1,0,0.0
HIST_PAR_ECU_20000603,ECU,1,0.5,12,4,4,12,1,0,1.0
HIST_FRA_JPN_20000604,JPN,2,0.5,12,4,4,12,1,0,2.0
HIST_IRN_EGY_20000607,IRN,1,0.5,12,4,4,12,1,0,1.0
HIST_AUS_PAR_20000609,AUS,0,0.5,12,4,4,12,1,0,0.0
HIST_AUS_PAR_20000609,PAR,0,0.5,12,4,4,12,1,0,0.0
HIST_USA_MEX_20000611,USA,3,0.5,12,4,4,12,1,0,3.0
HIST_AUS_PAR_20000615,AUS,2,0.5,12,4,4,12,1,0,2.0
HIST_AUS_PAR_20000615,PAR,1,0.5,12,4,4,12,1,0,1.0
HIST_COL_ARG_20000629,COL,1,0.5,12,4,4,12,1,0,1.0
HIST_SEN_EGY_20000709,EGY,0,0.5,12,4,4,12,1,0,0.0
HIST_AUT_IRN_20000901,AUT,5,0.5,12,4,4,12,1,0,5.0
HIST_QAT_IRN_20000927,QAT,1,0.5,12,4,4,12,1,0,1.0
HIST_QAT_EGY_20001002,EGY,1,0.5,12,4,4,12,1,0,1.0
HIST_KSA_UZB_20001020,KSA,5,0.5,12,4,4,12,1,0,5.0
HIST_JPN_IRQ_20001024,JPN,4,0.5,12,4,4,12,1,0,4.0
HIST_JPN_IRQ_20001024,IRQ,1,0.5,12,4,4,12,1,0,1.0
HIST_BRA_COL_20001115,COL,0,0.5,12,4,4,12,1,0,0.0
HIST_MAR_KOR_20010208,MAR,1,0.5,12,4,4,12,1,0,1.0
HIST_MAR_SEN_20010224,MAR,0,0.5,12,4,4,12,1,0,0.0
HIST_CRO_AUT_20010228,AUT,0,0.5,12,4,4,12,1,0,0.0
HIST_MEX_BRA_20010307,BRA,3,0.5,12,4,4,12,1,0,3.0
HIST_EGY_ALG_20010311,EGY,5,0.5,12,4,4,12,1,0,5.0
HIST_EGY_CAN_20010424,CAN,0,0.5,12,4,4,12,1,0,0.0
HIST_CAN_IRN_20010426,CAN,1,0.5,12,4,4,12,1,0,1.0
HIST_JPN_CAN_20010531,CAN,0,0.5,12,4,4,12,1,0,0.0
HIST_ARG_COL_20010603,ARG,3,0.5,12,4,4,12,1,0,3.0
HIST_JPN_BRA_20010604,BRA,0,0.5,12,4,4,12,1,0,0.0
HIST_FRA_BRA_20010607,BRA,1,0.5,12,4,4,12,1,0,1.0
HIST_AUS_BRA_20010609,AUS,1,0.5,12,4,4,12,1,0,1.0
HIST_AUS_NZL_20010624,AUS,4,0.5,12,4,4,12,1,0,4.0
HIST_MAR_EGY_20010630,MAR,1,0.5,12,4,4,12,1,0,1.0
HIST_BRA_MEX_20010712,MEX,1,0.5,12,4,4,12,1,0,1.0
HIST_SEN_MAR_20010714,SEN,1,0.5,12,4,4,12,1,0,1.0
HIST_PAR_MEX_20010715,MEX,0,0.5,12,4,4,12,1,0,0.0
HIST_MEX_URU_20010725,URU,1,0.5,12,4,4,12,1,0,1.0
HIST_BRA_PAR_20010815,BRA,2,0.5,12,4,4,12,1,0,2.0
HIST_CZE_KOR_20010815,KOR,0,0.5,12,4,4,12,1,0,0.0
HIST_JPN_AUS_20010815,JPN,3,0.5,12,4,4,12,1,0,3.0
HIST_BEL_SCO_20010905,BEL,2,0.5,12,4,4,12,1,0,2.0
HIST_TUR_SWE_20010905,SWE,2,0.5,12,4,4,12,1,0,2.0
HIST_QAT_IRQ_20010914,IRQ,0,0.5,12,4,4,12,1,0,0.0
HIST_CRO_BEL_20011006,CRO,1,0.5,12,4,4,12,1,0,1.0
HIST_CRO_BEL_20011006,BEL,0,0.5,12,4,4,12,1,0,0.0
HIST_SEN_ALG_20011230,ALG,0,0.5,12,4,4,12,1,0,0.0
HIST_ENG_ITA_20020327,ITA,2,0.5,12,4,4,12,1,0,2.0
HIST_GER_AUT_20020518,AUT,2,0.5,12,4,4,12,1,0,2.0
HIST_BRA_TUR_20020603,TUR,1,0.5,12,4,4,12,1,0,1.0
HIST_ARG_ENG_20020607,ARG,0,0.5,12,4,4,12,1,0,0.0
HIST_TUN_BEL_20020610,BEL,1,0.5,12,4,4,12,1,0,1.0
HIST_SEN_URU_20020611,SEN,3,0.5,12,4,4,12,1,0,3.0
HIST_SEN_TUR_20020622,SEN,0,0.5,12,4,4,12,1,0,0.0
HIST_NOR_NED_20020821,NOR,0,0.5,12,4,4,12,1,0,0.0
HIST_TUN_FRA_20020821,TUN,1,0.5,12,4,4,12,1,0,1.0
HIST_SCO_CAN_20021015,SCO,3,0.5,12,4,4,12,1,0,3.0
HIST_JPN_JAM_20021016,JPN,1,0.5,12,4,4,12,1,0,1.0
HIST_JPN_JAM_20021016,JAM,1,0.5,12,4,4,12,1,0,1.0
HIST_AUT_NOR_20021120,AUT,0,0.5,12,4,4,12,1,0,0.0
HIST_CZE_SWE_20021120,CZE,3,0.5,12,4,4,12,1,0,3.0
HIST_CZE_SWE_20021120,SWE,3,0.5,12,4,4,12,1,0,3.0
HIST_POR_SCO_20021120,SCO,0,0.5,12,4,4,12,1,0,0.0
HIST_USA_ARG_20030208,USA,0,0.5,12,4,4,12,1,0,0.0
HIST_ITA_POR_20030212,POR,0,0.5,12,4,4,12,1,0,0.0
HIST_SWE_CRO_20030430,SWE,1,0.5,12,4,4,12,1,0,1.0
HIST_JPN_KOR_20030531,JPN,0,0.5,12,4,4,12,1,0,0.0
HIST_SEN_CPV_20030531,CPV,1,0.5,12,4,4,12,1,0,1.0
HIST_POR_PAR_20030606,POR,0,0.5,12,4,4,12,1,0,0.0
HIST_KOR_URU_20030608,URU,2,0.5,12,4,4,12,1,0,2.0
HIST_FRA_TUR_20030626,TUR,2,0.5,12,4,4,12,1,0,2.0
HIST_JAM_COL_20030713,COL,1,0.5,12,4,4,12,1,0,1.0
HIST_USA_BRA_20030723,USA,1,0.5,12,4,4,12,1,0,1.0
HIST_ENG_CRO_20030820,ENG,3,0.5,12,4,4,12,1,0,3.0
HIST_SUI_FRA_20030820,FRA,2,0.5,12,4,4,12,1,0,2.0
HIST_BEL_CRO_20030910,BEL,2,0.5,12,4,4,12,1,0,2.0
HIST_BEL_CRO_20030910,CRO,1,0.5,12,4,4,12,1,0,1.0
HIST_TUN_CIV_20030910,CIV,2,0.5,12,4,4,12,1,0,2.0
HIST_EGY_SEN_20031010,SEN,0,0.5,12,4,4,12,1,0,0.0
HIST_MEX_URU_20031015,URU,2,0.5,12,4,4,12,1,0,2.0
HIST_CZE_CAN_20031115,CZE,5,0.5,12,4,4,12,1,0,5.0
HIST_COL_ARG_20031119,COL,1,0.5,12,4,4,12,1,0,1.0
HIST_NOR_ESP_20031119,ESP,3,0.5,12,4,4,12,1,0,3.0
HIST_KSA_QAT_20031229,QAT,0,0.5,12,4,4,12,1,0,0.0
HIST_MAR_RSA_20040204,RSA,1,0.5,12,4,4,12,1,0,1.0
HIST_IRN_QAT_20040218,IRN,3,0.5,12,4,4,12,1,0,3.0
HIST_MAR_SUI_20040218,SUI,1,0.5,12,4,4,12,1,0,1.0
HIST_USA_HAI_20040313,HAI,1,0.5,12,4,4,12,1,0,1.0
HIST_NED_BEL_20040529,NED,0,0.5,12,4,4,12,1,0,0.0
HIST_KOR_TUR_20040602,TUR,1,0.5,12,4,4,12,1,0,1.0
HIST_SUI_GER_20040602,SUI,0,0.5,12,4,4,12,1,0,0.0
HIST_SUI_GER_20040602,GER,2,0.5,12,4,4,12,1,0,2.0
HIST_IRN_JOR_20040609,JOR,1,0.5,12,4,4,12,1,0,1.0
HIST_CPV_SEN_20040613,CPV,1,0.5,12,4,4,12,1,0,1.0
HIST_CRO_ENG_20040621,CRO,2,0.5,12,4,4,12,1,0,2.0
HIST_POR_NED_20040630,POR,2,0.5,12,4,4,12,1,0,2.0
HIST_ARG_MEX_20040710,MEX,1,0.5,12,4,4,12,1,0,1.0
HIST_URU_ECU_20040710,URU,2,0.5,12,4,4,12,1,0,2.0
HIST_PAR_URU_20040718,PAR,1,0.5,12,4,4,12,1,0,1.0
HIST_PAR_URU_20040718,URU,3,0.5,12,4,4,12,1,0,3.0
HIST_UZB_KSA_20040722,UZB,1,0.5,12,4,4,12,1,0,1.0
HIST_KOR_IRN_20040731,KOR,3,0.5,12,4,4,12,1,0,3.0
HIST_SEN_CIV_20040818,CIV,2,0.5,12,4,4,12,1,0,2.0
HIST_ESP_SCO_20040903,SCO,1,0.5,12,4,4,12,1,0,1.0
HIST_ARG_URU_20041009,ARG,4,0.5,12,4,4,12,1,0,4.0
HIST_ESP_BEL_20041009,ESP,2,0.5,12,4,4,12,1,0,2.0
HIST_MEX_SWE_20050126,SWE,0,0.5,12,4,4,12,1,0,0.0
HIST_UZB_KSA_20050209,UZB,1,0.5,12,4,4,12,1,0,1.0
HIST_MEX_COL_20050223,COL,1,0.5,12,4,4,12,1,0,1.0
HIST_USA_COL_20050309,USA,3,0.5,12,4,4,12,1,0,3.0
HIST_USA_COL_20050309,COL,0,0.5,12,4,4,12,1,0,0.0
HIST_ARG_COL_20050330,ARG,1,0.5,12,4,4,12,1,0,1.0
HIST_ECU_PAR_20050504,ECU,1,0.5,12,4,4,12,1,0,1.0
HIST_CPV_RSA_20050604,RSA,2,0.5,12,4,4,12,1,0,2.0
HIST_COL_ECU_20050608,ECU,0,0.5,12,4,4,12,1,0,0.0
HIST_GER_TUN_20050618,GER,3,0.5,12,4,4,12,1,0,3.0
HIST_SEN_GHA_20050817,SEN,0,0.5,12,4,4,12,1,0,0.0
HIST_ESP_URU_20050817,ESP,2,0.5,12,4,4,12,1,0,2.0
HIST_SWE_CZE_20050817,SWE,2,0.5,12,4,4,12,1,0,2.0
HIST_SWE_CZE_20050817,CZE,1,0.5,12,4,4,12,1,0,1.0
HIST_GER_RSA_20050907,RSA,2,0.5,12,4,4,12,1,0,2.0
HIST_CPV_GHA_20051008,CPV,0,0.5,12,4,4,12,1,0,0.0
HIST_SUI_FRA_20051008,FRA,1,0.5,12,4,4,12,1,0,1.0
HIST_NED_ITA_20051112,NED,1,0.5,12,4,4,12,1,0,1.0
HIST_NOR_CZE_20051112,NOR,0,0.5,12,4,4,12,1,0,0.0
HIST_JOR_SWE_20060123,SWE,0,0.5,12,4,4,12,1,0,0.0
HIST_ITA_GER_20060301,ITA,4,0.5,12,4,4,12,1,0,4.0
HIST_MEX_PAR_20060329,MEX,2,0.5,12,4,4,12,1,0,2.0
HIST_USA_JAM_20060411,JAM,1,0.5,12,4,4,12,1,0,1.0
HIST_TUN_URU_20060602,URU,0,0.5,12,4,4,12,1,0,0.0
HIST_ENG_JAM_20060603,JAM,0,0.5,12,4,4,12,1,0,0.0
HIST_BRA_NZL_20060604,BRA,4,0.5,12,4,4,12,1,0,4.0
HIST_NED_AUS_20060604,NED,1,0.5,12,4,4,12,1,0,1.0
HIST_ARG_CIV_20060610,ARG,2,0.5,12,4,4,12,1,0,2.0
HIST_SWE_ENG_20060620,ENG,2,0.5,12,4,4,12,1,0,2.0
HIST_ENG_ECU_20060625,ECU,0,0.5,12,4,4,12,1,0,0.0
HIST_POR_NED_20060625,POR,1,0.5,12,4,4,12,1,0,1.0
HIST_GER_SWE_20060816,GER,3,0.5,12,4,4,12,1,0,3.0
HIST_CAN_JAM_20060904,JAM,0,0.5,12,4,4,12,1,0,0.0
HIST_IRN_IRQ_20061004,IRN,2,0.5,12,4,4,12,1,0,2.0
HIST_EGY_SWE_20070207,EGY,2,0.5,12,4,4,12,1,0,2.0
HIST_MEX_PAR_20070325,MEX,2,0.5,12,4,4,12,1,0,2.0
HIST_BRA_GHA_20070327,BRA,1,0.5,12,4,4,12,1,0,1.0
HIST_BRA_GHA_20070327,GHA,0,0.5,12,4,4,12,1,0,0.0
HIST_JOR_IRQ_20070608,IRQ,1,0.5,12,4,4,12,1,0,1.0
HIST_IRN_IRQ_20070616,IRQ,0,0.5,12,4,4,12,1,0,0.0
HIST_COL_ECU_20070623,COL,3,0.5,12,4,4,12,1,0,3.0
HIST_MEX_ECU_20070701,MEX,2,0.5,12,4,4,12,1,0,2.0
HIST_USA_PAR_20070702,PAR,3,0.5,12,4,4,12,1,0,3.0
HIST_ARG_PAR_20070705,ARG,1,0.5,12,4,4,12,1,0,1.0
HIST_JPN_QAT_20070709,JPN,1,0.5,12,4,4,12,1,0,1.0
HIST_MEX_ARG_20070711,MEX,0,0.5,12,4,4,12,1,0,0.0
HIST_JPN_AUS_20070721,AUS,1,0.5,12,4,4,12,1,0,1.0
HIST_MAR_GHA_20070908,MAR,0,0.5,12,4,4,12,1,0,0.0
HIST_USA_BRA_20070909,USA,2,0.5,12,4,4,12,1,0,2.0
HIST_KSA_GHA_20070911,KSA,5,0.5,12,4,4,12,1,0,5.0
HIST_PAR_URU_20071017,PAR,1,0.5,12,4,4,12,1,0,1.0
HIST_PAR_URU_20071017,URU,0,0.5,12,4,4,12,1,0,0.0
HIST_NOR_TUR_20071117,TUR,2,0.5,12,4,4,12,1,0,2.0
HIST_QAT_CIV_20071121,QAT,1,0.5,12,4,4,12,1,0,1.0
HIST_QAT_IRN_20080110,IRN,0,0.5,12,4,4,12,1,0,0.0
HIST_TUN_SEN_20080123,TUN,2,0.5,12,4,4,12,1,0,2.0
HIST_ENG_SUI_20080206,SUI,1,0.5,12,4,4,12,1,0,1.0
HIST_ITA_POR_20080206,ITA,3,0.5,12,4,4,12,1,0,3.0
HIST_BRA_SWE_20080326,BRA,1,0.5,12,4,4,12,1,0,1.0
HIST_AUS_GHA_20080523,GHA,0,0.5,12,4,4,12,1,0,0.0
HIST_PAN_CAN_20080604,CAN,2,0.5,12,4,4,12,1,0,2.0
HIST_TUR_CZE_20080615,CZE,2,0.5,12,4,4,12,1,0,2.0
HIST_IRQ_QAT_20080622,IRQ,0,0.5,12,4,4,12,1,0,0.0
HIST_KSA_UZB_20080622,UZB,0,0.5,12,4,4,12,1,0,0.0
HIST_ESP_ITA_20080622,ESP,0,0.5,12,4,4,12,1,0,0.0
HIST_COL_ECU_20080820,ECU,1,0.5,12,4,4,12,1,0,1.0
HIST_KSA_PAR_20080820,KSA,1,0.5,12,4,4,12,1,0,1.0
HIST_AUT_FRA_20080906,FRA,1,0.5,12,4,4,12,1,0,1.0
HIST_UZB_AUS_20080910,UZB,0,0.5,12,4,4,12,1,0,0.0
HIST_CAN_MEX_20081015,CAN,2,0.5,12,4,4,12,1,0,2.0
HIST_QAT_IRN_20081109,IRN,1,0.5,12,4,4,12,1,0,1.0
HIST_FRA_URU_20081119,FRA,0,0.5,12,4,4,12,1,0,0.0
HIST_IRN_KSA_20090328,IRN,1,0.5,12,4,4,12,1,0,1.0
HIST_UZB_QAT_20090328,UZB,4,0.5,12,4,4,12,1,0,4.0
HIST_JAM_HAI_20090523,HAI,2,0.5,12,4,4,12,1,0,2.0
HIST_QAT_AUS_20090606,AUS,0,0.5,12,4,4,12,1,0,0.0
HIST_UZB_JPN_20090606,JPN,1,0.5,12,4,4,12,1,0,1.0
HIST_ECU_JAM_20090812,JAM,0,0.5,12,4,4,12,1,0,0.0
HIST_MEX_USA_20090812,MEX,2,0.5,12,4,4,12,1,0,2.0
HIST_NED_ENG_20090812,ENG,2,0.5,12,4,4,12,1,0,2.0
HIST_ARG_GHA_20090930,GHA,0,0.5,12,4,4,12,1,0,0.0
HIST_NOR_RSA_20091010,RSA,0,0.5,12,4,4,12,1,0,0.0
HIST_IRN_JOR_20091114,IRN,1,0.5,12,4,4,12,1,0,1.0
HIST_SCO_CZE_20100303,SCO,1,0.5,12,4,4,12,1,0,1.0
HIST_ARG_HAI_20100505,HAI,0,0.5,12,4,4,12,1,0,0.0
HIST_KOR_ECU_20100516,ECU,0,0.5,12,4,4,12,1,0,0.0
HIST_TUR_CZE_20100522,TUR,2,0.5,12,4,4,12,1,0,2.0
HIST_NED_GHA_20100601,GHA,1,0.5,12,4,4,12,1,0,1.0
HIST_ITA_MEX_20100603,MEX,2,0.5,12,4,4,12,1,0,2.0
HIST_RSA_MEX_20100611,RSA,1,0.5,12,4,4,12,1,0,1.0
HIST_GHA_AUS_20100619,GHA,1,0.5,12,4,4,12,1,0,1.0
HIST_ITA_NZL_20100620,ITA,1,0.5,12,4,4,12,1,0,1.0
HIST_URU_NED_20100706,URU,2,0.5,12,4,4,12,1,0,2.0
HIST_MEX_ESP_20100811,ESP,1,0.5,12,4,4,12,1,0,1.0
HIST_NOR_POR_20100907,POR,0,0.5,12,4,4,12,1,0,0.0
HIST_GER_TUR_20101008,GER,3,0.5,12,4,4,12,1,0,3.0
HIST_GER_TUR_20101008,TUR,0,0.5,12,4,4,12,1,0,0.0
HIST_NED_SWE_20101012,NED,4,0.5,12,4,4,12,1,0,4.0
HIST_NZL_PAR_20101012,PAR,2,0.5,12,4,4,12,1,0,2.0
HIST_ARG_BRA_20101117,ARG,1,0.5,12,4,4,12,1,0,1.0
HIST_QAT_HAI_20101118,HAI,1,0.5,12,4,4,12,1,0,1.0
HIST_ARG_POR_20110209,POR,1,0.5,12,4,4,12,1,0,1.0
HIST_CRO_CZE_20110209,CRO,4,0.5,12,4,4,12,1,0,4.0
HIST_NED_AUT_20110209,NED,3,0.5,12,4,4,12,1,0,3.0
HIST_TUR_KOR_20110209,TUR,0,0.5,12,4,4,12,1,0,0.0
HIST_COL_ECU_20110326,ECU,0,0.5,12,4,4,12,1,0,0.0
HIST_USA_ARG_20110326,USA,1,0.5,12,4,4,12,1,0,1.0
HIST_BRA_SCO_20110327,BRA,2,0.5,12,4,4,12,1,0,2.0
HIST_ARG_ECU_20110420,ARG,2,0.5,12,4,4,12,1,0,2.0
HIST_MEX_ECU_20110528,ECU,1,0.5,12,4,4,12,1,0,1.0
HIST_GER_URU_20110529,URU,1,0.5,12,4,4,12,1,0,1.0
HIST_POR_NOR_20110604,NOR,0,0.5,12,4,4,12,1,0,0.0
HIST_USA_MEX_20110625,MEX,4,0.5,12,4,4,12,1,0,4.0
HIST_ARG_URU_20110716,URU,1,0.5,12,4,4,12,1,0,1.0
HIST_ITA_ESP_20110810,ITA,2,0.5,12,4,4,12,1,0,2.0
HIST_ECU_JAM_20110902,ECU,5,0.5,12,4,4,12,1,0,5.0
HIST_AUT_TUR_20110906,TUR,0,0.5,12,4,4,12,1,0,0.0
HIST_QAT_IRN_20110906,QAT,1,0.5,12,4,4,12,1,0,1.0
HIST_ARG_BRA_20110914,BRA,0,0.5,12,4,4,12,1,0,0.0
HIST_PAR_URU_20111011,PAR,1,0.5,12,4,4,12,1,0,1.0
HIST_PAR_URU_20111011,URU,1,0.5,12,4,4,12,1,0,1.0
HIST_ESP_SCO_20111011,SCO,1,0.5,12,4,4,12,1,0,1.0
HIST_SWE_NED_20111011,NED,2,0.5,12,4,4,12,1,0,2.0
HIST_FRA_USA_20111111,FRA,1,0.5,12,4,4,12,1,0,1.0
HIST_AUS_KSA_20120229,KSA,2,0.5,12,4,4,12,1,0,2.0
HIST_CRO_SWE_20120229,SWE,3,0.5,12,4,4,12,1,0,3.0
HIST_ARG_ECU_20120602,ARG,4,0.5,12,4,4,12,1,0,4.0
HIST_GER_POR_20120609,GER,1,0.5,12,4,4,12,1,0,1.0
HIST_GER_POR_20120609,POR,0,0.5,12,4,4,12,1,0,0.0
HIST_MAR_CIV_20120609,MAR,2,0.5,12,4,4,12,1,0,2.0
HIST_ECU_COL_20120610,COL,0,0.5,12,4,4,12,1,0,0.0
HIST_FRA_ENG_20120611,ENG,1,0.5,12,4,4,12,1,0,1.0
HIST_CZE_POR_20120621,CZE,0,0.5,12,4,4,12,1,0,0.0
HIST_ENG_ITA_20120624,ENG,0,0.5,12,4,4,12,1,0,0.0
HIST_JOR_UZB_20120815,JOR,2,0.5,12,4,4,12,1,0,2.0
HIST_AUT_GER_20120911,GER,2,0.5,12,4,4,12,1,0,2.0
HIST_JOR_AUS_20120911,AUS,1,0.5,12,4,4,12,1,0,1.0
HIST_COL_PAR_20121012,COL,2,0.5,12,4,4,12,1,0,2.0
HIST_JPN_BRA_20121016,BRA,4,0.5,12,4,4,12,1,0,4.0
HIST_RSA_NOR_20130108,NOR,1,0.5,12,4,4,12,1,0,1.0
HIST_TUN_ALG_20130122,TUN,1,0.5,12,4,4,12,1,0,1.0
HIST_CIV_TUN_20130126,TUN,0,0.5,12,4,4,12,1,0,0.0
HIST_JAM_PAN_20130322,JAM,1,0.5,12,4,4,12,1,0,1.0
HIST_FRA_ESP_20130326,ESP,1,0.5,12,4,4,12,1,0,1.0
HIST_HAI_ESP_20130608,HAI,1,0.5,12,4,4,12,1,0,1.0
HIST_PAN_CAN_20130714,PAN,0,0.5,12,4,4,12,1,0,0.0
HIST_ECU_ESP_20130814,ECU,0,0.5,12,4,4,12,1,0,0.0
HIST_GER_PAR_20130814,PAR,3,0.5,12,4,4,12,1,0,3.0
HIST_MEX_CIV_20130814,CIV,1,0.5,12,4,4,12,1,0,1.0
HIST_SWE_NOR_20130814,SWE,4,0.5,12,4,4,12,1,0,4.0
HIST_COL_ECU_20130906,COL,1,0.5,12,4,4,12,1,0,1.0
HIST_CIV_MAR_20130907,MAR,1,0.5,12,4,4,12,1,0,1.0
HIST_ECU_URU_20131011,ECU,1,0.5,12,4,4,12,1,0,1.0
HIST_SCO_CRO_20131015,SCO,2,0.5,12,4,4,12,1,0,2.0
HIST_ENG_GER_20131119,ENG,0,0.5,12,4,4,12,1,0,0.0
HIST_NOR_SCO_20131119,SCO,1,0.5,12,4,4,12,1,0,1.0
HIST_QAT_KSA_20131231,KSA,1,0.5,12,4,4,12,1,0,1.0
HIST_QAT_JOR_20140107,QAT,2,0.5,12,4,4,12,1,0,2.0
HIST_AUT_URU_20140305,URU,1,0.5,12,4,4,12,1,0,1.0
HIST_FRA_NED_20140305,FRA,2,0.5,12,4,4,12,1,0,2.0
HIST_NED_ECU_20140517,ECU,1,0.5,12,4,4,12,1,0,1.0
HIST_NZL_RSA_20140530,NZL,0,0.5,12,4,4,12,1,0,0.0
HIST_POR_GHA_20140626,POR,2,0.5,12,4,4,12,1,0,2.0
HIST_BRA_COL_20140704,COL,1,0.5,12,4,4,12,1,0,1.0
HIST_ENG_NOR_20140903,ENG,1,0.5,12,4,4,12,1,0,1.0
HIST_KOR_PAR_20141010,KOR,2,0.5,12,4,4,12,1,0,2.0
HIST_TUR_CZE_20141010,TUR,1,0.5,12,4,4,12,1,0,1.0
HIST_ARG_CRO_20141112,ARG,2,0.5,12,4,4,12,1,0,2.0
HIST_JPN_AUS_20141118,AUS,1,0.5,12,4,4,12,1,0,1.0
HIST_PAN_CAN_20141118,PAN,0,0.5,12,4,4,12,1,0,0.0
HIST_TUN_EGY_20141119,EGY,1,0.5,12,4,4,12,1,0,1.0
HIST_QAT_IRN_20150115,IRN,1,0.5,12,4,4,12,1,0,1.0
HIST_IRQ_JPN_20150116,IRQ,0,0.5,12,4,4,12,1,0,0.0
HIST_IRQ_JPN_20150116,JPN,1,0.5,12,4,4,12,1,0,1.0
HIST_CIV_ALG_20150201,ALG,1,0.5,12,4,4,12,1,0,1.0
HIST_GHA_SEN_20150328,SEN,2,0.5,12,4,4,12,1,0,2.0
HIST_MAR_URU_20150328,MAR,0,0.5,12,4,4,12,1,0,0.0
HIST_JPN_UZB_20150331,UZB,1,0.5,12,4,4,12,1,0,1.0
HIST_POR_CPV_20150331,POR,0,0.5,12,4,4,12,1,0,0.0
HIST_PAN_ECU_20150603,PAN,1,0.5,12,4,4,12,1,0,1.0
HIST_MEX_ECU_20150619,ECU,2,0.5,12,4,4,12,1,0,2.0
HIST_USA_HAI_20150710,USA,1,0.5,12,4,4,12,1,0,1.0
HIST_USA_PAN_20150725,USA,1,0.5,12,4,4,12,1,0,1.0
HIST_USA_PAN_20150725,PAN,1,0.5,12,4,4,12,1,0,1.0
HIST_MEX_ARG_20150908,MEX,2,0.5,12,4,4,12,1,0,2.0
HIST_URU_COL_20151013,URU,3,0.5,12,4,4,12,1,0,3.0
HIST_AUT_SUI_20151117,AUT,1,0.5,12,4,4,12,1,0,1.0
HIST_COL_ARG_20151117,COL,0,0.5,12,4,4,12,1,0,0.0
HIST_EGY_JOR_20160127,JOR,1,0.5,12,4,4,12,1,0,1.0
HIST_ECU_PAR_20160324,PAR,2,0.5,12,4,4,12,1,0,2.0
HIST_ITA_ESP_20160324,ITA,1,0.5,12,4,4,12,1,0,1.0
HIST_GER_ITA_20160329,ITA,1,0.5,12,4,4,12,1,0,1.0
HIST_COL_PAR_20160607,PAR,1,0.5,12,4,4,12,1,0,1.0
HIST_POR_AUT_20160618,POR,0,0.5,12,4,4,12,1,0,0.0
HIST_KSA_AUS_20161006,KSA,2,0.5,12,4,4,12,1,0,2.0
HIST_NED_FRA_20161010,NED,0,0.5,12,4,4,12,1,0,0.0
HIST_USA_MEX_20161111,MEX,2,0.5,12,4,4,12,1,0,2.0
HIST_ARG_COL_20161115,ARG,3,0.5,12,4,4,12,1,0,3.0
HIST_CIV_SEN_20170327,CIV,1,0.5,12,4,4,12,1,0,1.0
HIST_NED_ITA_20170328,NED,1,0.5,12,4,4,12,1,0,1.0
HIST_MAR_NED_20170531,MAR,1,0.5,12,4,4,12,1,0,1.0
HIST_IRQ_JOR_20170601,JOR,0,0.5,12,4,4,12,1,0,0.0
HIST_NED_CIV_20170604,CIV,0,0.5,12,4,4,12,1,0,0.0
HIST_SCO_ENG_20170610,ENG,2,0.5,12,4,4,12,1,0,2.0
HIST_POR_MEX_20170618,POR,2,0.5,12,4,4,12,1,0,2.0
HIST_AUS_GER_20170619,GER,3,0.5,12,4,4,12,1,0,3.0
HIST_MEX_PAR_20170701,MEX,2,0.5,12,4,4,12,1,0,2.0
HIST_USA_GHA_20170701,USA,2,0.5,12,4,4,12,1,0,2.0
HIST_POR_MEX_20170702,POR,2,0.5,12,4,4,12,1,0,2.0
HIST_BRA_ECU_20170831,ECU,0,0.5,12,4,4,12,1,0,0.0
HIST_PAR_URU_20170905,PAR,1,0.5,12,4,4,12,1,0,1.0
HIST_PAR_URU_20170905,URU,2,0.5,12,4,4,12,1,0,2.0
HIST_RSA_CPV_20170905,RSA,1,0.5,12,4,4,12,1,0,1.0
HIST_CPV_SEN_20171007,CPV,0,0.5,12,4,4,12,1,0,0.0
HIST_IRN_PAN_20171109,IRN,2,0.5,12,4,4,12,1,0,2.0
HIST_JPN_KOR_20171216,KOR,4,0.5,12,4,4,12,1,0,4.0
HIST_CAN_NZL_20180324,CAN,1,0.5,12,4,4,12,1,0,1.0
HIST_GER_BRA_20180327,BRA,1,0.5,12,4,4,12,1,0,1.0
HIST_MEX_CRO_20180327,CRO,1,0.5,12,4,4,12,1,0,1.0
HIST_USA_PAR_20180327,PAR,0,0.5,12,4,4,12,1,0,0.0
HIST_ALG_KSA_20180509,ALG,0,0.5,12,4,4,12,1,0,0.0
HIST_CZE_AUS_20180601,CZE,0,0.5,12,4,4,12,1,0,0.0
HIST_AUT_GER_20180602,GER,1,0.5,12,4,4,12,1,0,1.0
HIST_ESP_SUI_20180603,SUI,1,0.5,12,4,4,12,1,0,1.0
HIST_ITA_NED_20180604,ITA,1,0.5,12,4,4,12,1,0,1.0
HIST_EGY_URU_20180615,EGY,0,0.5,12,4,4,12,1,0,0.0
HIST_ESP_MAR_20180625,ESP,2,0.5,12,4,4,12,1,0,2.0
HIST_FRA_ARG_20180630,FRA,4,0.5,12,4,4,12,1,0,4.0
HIST_BEL_JPN_20180702,JPN,2,0.5,12,4,4,12,1,0,2.0
HIST_URU_FRA_20180706,FRA,2,0.5,12,4,4,12,1,0,2.0
HIST_BEL_ENG_20180714,BEL,2,0.5,12,4,4,12,1,0,2.0
HIST_MEX_URU_20180907,URU,4,0.5,12,4,4,12,1,0,4.0
HIST_SCO_BEL_20180907,SCO,0,0.5,12,4,4,12,1,0,0.0
HIST_POR_ITA_20180910,ITA,0,0.5,12,4,4,12,1,0,0.0
HIST_ARG_IRQ_20181011,IRQ,0,0.5,12,4,4,12,1,0,0.0
HIST_CRO_ENG_20181012,ENG,0,0.5,12,4,4,12,1,0,0.0
HIST_BEL_NED_20181016,BEL,1,0.5,12,4,4,12,1,0,1.0
HIST_AUS_KOR_20181117,AUS,1,0.5,12,4,4,12,1,0,1.0
HIST_KOR_KSA_20181231,KOR,0,0.5,12,4,4,12,1,0,0.0
HIST_AUS_JOR_20190106,AUS,0,0.5,12,4,4,12,1,0,0.0
HIST_KOR_QAT_20190125,QAT,1,0.5,12,4,4,12,1,0,1.0
HIST_ALG_TUN_20190326,ALG,1,0.5,12,4,4,12,1,0,1.0
HIST_PAR_MEX_20190326,MEX,4,0.5,12,4,4,12,1,0,4.0
HIST_BRA_QAT_20190605,QAT,0,0.5,12,4,4,12,1,0,0.0
HIST_MEX_ECU_20190609,ECU,2,0.5,12,4,4,12,1,0,2.0
HIST_ESP_SWE_20190610,SWE,0,0.5,12,4,4,12,1,0,0.0
HIST_ARG_COL_20190615,ARG,0,0.5,12,4,4,12,1,0,0.0
HIST_MEX_CAN_20190619,CAN,1,0.5,12,4,4,12,1,0,1.0
HIST_COL_PAR_20190623,COL,1,0.5,12,4,4,12,1,0,1.0
HIST_USA_MEX_20190707,MEX,1,0.5,12,4,4,12,1,0,1.0
HIST_IRQ_UZB_20190909,IRQ,0,0.5,12,4,4,12,1,0,0.0
HIST_JOR_AUS_20191114,AUS,1,0.5,12,4,4,12,1,0,1.0
HIST_NED_ITA_20200907,NED,0,0.5,12,4,4,12,1,0,0.0
HIST_NED_MEX_20201007,MEX,1,0.5,12,4,4,12,1,0,1.0
HIST_CRO_SWE_20201011,SWE,1,0.5,12,4,4,12,1,0,1.0
HIST_KSA_JAM_20201114,KSA,3,0.5,12,4,4,12,1,0,3.0
HIST_KSA_JAM_20201114,JAM,0,0.5,12,4,4,12,1,0,0.0
HIST_JPN_MEX_20201117,MEX,2,0.5,12,4,4,12,1,0,2.0
HIST_KOR_QAT_20201117,QAT,1,0.5,12,4,4,12,1,0,1.0
HIST_URU_BRA_20201117,BRA,2,0.5,12,4,4,12,1,0,2.0
HIST_COL_ARG_20210608,COL,2,0.5,12,4,4,12,1,0,2.0
HIST_PAN_CUW_20210612,CUW,1,0.5,12,4,4,12,1,0,1.0
HIST_AUS_JOR_20210615,JOR,0,0.5,12,4,4,12,1,0,0.0
HIST_GER_FRA_20210615,FRA,1,0.5,12,4,4,12,1,0,1.0
HIST_NED_AUT_20210617,AUT,0,0.5,12,4,4,12,1,0,0.0
HIST_CRO_CZE_20210618,CRO,1,0.5,12,4,4,12,1,0,1.0
HIST_USA_HAI_20210711,USA,1,0.5,12,4,4,12,1,0,1.0
HIST_USA_CAN_20210718,USA,1,0.5,12,4,4,12,1,0,1.0
HIST_MEX_JAM_20210902,JAM,1,0.5,12,4,4,12,1,0,1.0
HIST_ITA_ESP_20211006,ESP,2,0.5,12,4,4,12,1,0,2.0
HIST_POR_QAT_20211009,QAT,0,0.5,12,4,4,12,1,0,0.0
HIST_ITA_BEL_20211010,ITA,2,0.5,12,4,4,12,1,0,2.0
HIST_BRA_URU_20211014,URU,1,0.5,12,4,4,12,1,0,1.0
HIST_ITA_SUI_20211112,SUI,1,0.5,12,4,4,12,1,0,1.0
HIST_MAR_KSA_20211207,MAR,1,0.5,12,4,4,12,1,0,1.0
HIST_IRN_IRQ_20220127,IRQ,0,0.5,12,4,4,12,1,0,0.0
HIST_BRA_PAR_20220201,BRA,4,0.5,12,4,4,12,1,0,4.0
HIST_FRA_RSA_20220329,FRA,5,0.5,12,4,4,12,1,0,5.0
HIST_TUR_ITA_20220329,ITA,3,0.5,12,4,4,12,1,0,3.0
HIST_AUS_JOR_20220601,JOR,1,0.5,12,4,4,12,1,0,1.0
HIST_BEL_NED_20220603,BEL,1,0.5,12,4,4,12,1,0,1.0
HIST_CZE_ESP_20220605,ESP,2,0.5,12,4,4,12,1,0,2.0
HIST_MEX_PAR_20220831,MEX,0,0.5,12,4,4,12,1,0,0.0
HIST_FRA_AUT_20220922,AUT,0,0.5,12,4,4,12,1,0,0.0
HIST_MEX_COL_20220927,COL,3,0.5,12,4,4,12,1,0,3.0
HIST_POR_ESP_20220927,ESP,1,0.5,12,4,4,12,1,0,1.0
HIST_IRQ_ECU_20221112,ECU,0,0.5,12,4,4,12,1,0,0.0
HIST_KSA_CRO_20221116,CRO,1,0.5,12,4,4,12,1,0,1.0
HIST_JOR_ESP_20221117,ESP,3,0.5,12,4,4,12,1,0,3.0
HIST_SUI_GHA_20221117,GHA,2,0.5,12,4,4,12,1,0,2.0
HIST_EGY_BEL_20221118,BEL,1,0.5,12,4,4,12,1,0,1.0
HIST_SWE_ALG_20221119,SWE,2,0.5,12,4,4,12,1,0,2.0
HIST_ENG_IRN_20221121,IRN,2,0.5,12,4,4,12,1,0,2.0
HIST_TUN_FRA_20221130,TUN,1,0.5,12,4,4,12,1,0,1.0
HIST_JPN_CRO_20221205,CRO,1,0.5,12,4,4,12,1,0,1.0
HIST_BRA_KOR_20221205,KOR,1,0.5,12,4,4,12,1,0,1.0
HIST_CUW_CAN_20230325,CUW,0,0.5,12,4,4,12,1,0,0.0
HIST_CRO_ESP_20230618,CRO,0,0.5,12,4,4,12,1,0,0.0
HIST_GER_COL_20230620,GER,0,0.5,12,4,4,12,1,0,0.0
HIST_AUT_SWE_20230620,AUT,2,0.5,12,4,4,12,1,0,2.0
HIST_HAI_MEX_20230629,HAI,1,0.5,12,4,4,12,1,0,1.0
HIST_HAI_MEX_20230629,MEX,3,0.5,12,4,4,12,1,0,3.0
HIST_PAN_QAT_20230708,PAN,4,0.5,12,4,4,12,1,0,4.0
HIST_ARG_ECU_20230907,ARG,1,0.5,12,4,4,12,1,0,1.0
HIST_JAM_HAI_20230912,HAI,2,0.5,12,4,4,12,1,0,2.0
HIST_EGY_TUN_20230912,EGY,1,0.5,12,4,4,12,1,0,1.0
HIST_ARG_PAR_20231012,PAR,0,0.5,12,4,4,12,1,0,0.0
HIST_CUW_PAN_20231013,PAN,2,0.5,12,4,4,12,1,0,2.0
HIST_CIV_MAR_20231014,MAR,1,0.5,12,4,4,12,1,0,1.0
HIST_USA_GER_20231014,GER,3,0.5,12,4,4,12,1,0,3.0
HIST_USA_GHA_20231017,USA,4,0.5,12,4,4,12,1,0,4.0
HIST_ENG_ITA_20231017,ITA,1,0.5,12,4,4,12,1,0,1.0
HIST_SCO_NOR_20231119,NOR,3,0.5,12,4,4,12,1,0,3.0
HIST_JPN_JOR_20240109,JOR,1,0.5,12,4,4,12,1,0,1.0
HIST_GHA_CPV_20240114,GHA,1,0.5,12,4,4,12,1,0,1.0
HIST_JOR_KOR_20240206,JOR,2,0.5,12,4,4,12,1,0,2.0
HIST_JOR_KOR_20240206,KOR,0,0.5,12,4,4,12,1,0,0.0
HIST_USA_JAM_20240321,JAM,1,0.5,12,4,4,12,1,0,1.0
HIST_NZL_TUN_20240326,TUN,0,0.5,12,4,4,12,1,0,0.0
HIST_ITA_TUR_20240604,ITA,0,0.5,12,4,4,12,1,0,0.0
HIST_SUI_AUT_20240608,SUI,1,0.5,12,4,4,12,1,0,1.0
HIST_ARG_ECU_20240609,ARG,1,0.5,12,4,4,12,1,0,1.0
HIST_FRA_CAN_20240609,FRA,0,0.5,12,4,4,12,1,0,0.0
HIST_POR_CZE_20240618,CZE,1,0.5,12,4,4,12,1,0,1.0
HIST_FRA_BEL_20240701,BEL,0,0.5,12,4,4,12,1,0,0.0
HIST_AUT_TUR_20240702,TUR,2,0.5,12,4,4,12,1,0,2.0
HIST_BRA_COL_20240702,COL,1,0.5,12,4,4,12,1,0,1.0
HIST_ARG_COL_20240714,COL,0,0.5,12,4,4,12,1,0,0.0
HIST_POR_CRO_20240905,POR,2,0.5,12,4,4,12,1,0,2.0
HIST_POR_CRO_20240905,CRO,1,0.5,12,4,4,12,1,0,1.0
HIST_POR_SCO_20240908,POR,2,0.5,12,4,4,12,1,0,2.0
HIST_URU_ECU_20241015,ECU,0,0.5,12,4,4,12,1,0,0.0
HIST_CPV_EGY_20241115,EGY,1,0.5,12,4,4,12,1,0,1.0
HIST_COL_ECU_20241119,COL,0,0.5,12,4,4,12,1,0,0.0
HIST_COL_PAR_20250325,PAR,2,0.5,12,4,4,12,1,0,2.0
HIST_KSA_JOR_20250530,JOR,0,0.5,12,4,4,12,1,0,0.0
HIST_NOR_ITA_20250606,NOR,3,0.5,12,4,4,12,1,0,3.0
HIST_GER_FRA_20250608,FRA,2,0.5,12,4,4,12,1,0,2.0
HIST_POR_ESP_20250608,ESP,2,0.5,12,4,4,12,1,0,2.0
HIST_ENG_SEN_20250610,ENG,1,0.5,12,4,4,12,1,0,1.0
HIST_ARG_COL_20250610,COL,1,0.5,12,4,4,12,1,0,1.0
HIST_USA_MEX_20250706,MEX,2,0.5,12,4,4,12,1,0,2.0
HIST_MEX_JPN_20250906,JPN,0,0.5,12,4,4,12,1,0,0.0
HIST_NZL_AUS_20250909,AUS,3,0.5,12,4,4,12,1,0,3.0
HIST_JPN_PAR_20251010,JPN,2,0.5,12,4,4,12,1,0,2.0
HIST_USA_ECU_20251010,USA,1,0.5,12,4,4,12,1,0,1.0
HIST_TUN_JOR_20251114,TUN,3,0.5,12,4,4,12,1,0,3.0
HIST_UZB_EGY_20251114,UZB,2,0.5,12,4,4,12,1,0,2.0
HIST_IRN_UZB_20251118,IRN,0,0.5,12,4,4,12,1,0,0.0
HIST_ALG_IRQ_20251209,ALG,2,0.5,12,4,4,12,1,0,2.0
HIST_HAI_TUN_20260328,TUN,1,0.5,12,4,4,12,1,0,1.0
HIST_USA_BEL_20260328,USA,2,0.5,12,4,4,12,1,0,2.0
HIST_AUS_CUW_20260331,AUS,5,0.5,12,4,4,12,1,0,5.0
HIST_NED_ALG_20260603,NED,0,0.5,12,4,4,12,1,0,0.0
HIST_NOR_SWE_20000204,SWE,1,0.5,12,4,4,12,1,0,1.0
HIST_MEX_CZE_20000208,CZE,2,0.5,12,4,4,12,1,0,2.0
HIST_USA_TUN_20000312,TUN,1,0.5,12,4,4,12,1,0,1.0
HIST_ITA_POR_20000426,ITA,2,0.5,12,4,4,12,1,0,2.0
HIST_JOR_IRQ_20000525,IRQ,0,0.5,12,4,4,12,1,0,0.0
HIST_USA_MEX_20000611,MEX,0,0.5,12,4,4,12,1,0,0.0
HIST_ITA_SWE_20000619,ITA,2,0.5,12,4,4,12,1,0,2.0
HIST_PAN_CAN_20000723,CAN,0,0.5,12,4,4,12,1,0,0.0
HIST_ECU_COL_20000725,ECU,0,0.5,12,4,4,12,1,0,0.0
HIST_COL_URU_20000815,URU,0,0.5,12,4,4,12,1,0,0.0
HIST_ARG_PAR_20000816,PAR,1,0.5,12,4,4,12,1,0,1.0
HIST_EGY_CIV_20000902,CIV,0,0.5,12,4,4,12,1,0,0.0
HIST_KSA_JPN_20001014,KSA,1,0.5,12,4,4,12,1,0,1.0
HIST_KSA_JPN_20001014,JPN,4,0.5,12,4,4,12,1,0,4.0
HIST_IRN_IRQ_20001018,IRQ,0,0.5,12,4,4,12,1,0,0.0
HIST_TUN_SUI_20001115,TUN,1,0.5,12,4,4,12,1,0,1.0
HIST_EGY_MAR_20010128,EGY,0,0.5,12,4,4,12,1,0,0.0
HIST_COL_AUS_20010228,AUS,2,0.5,12,4,4,12,1,0,2.0
HIST_CRO_AUT_20010228,CRO,1,0.5,12,4,4,12,1,0,1.0
HIST_USA_BRA_20010303,BRA,2,0.5,12,4,4,12,1,0,2.0
HIST_FRA_JPN_20010324,FRA,5,0.5,12,4,4,12,1,0,5.0
HIST_IRN_KOR_20010424,KOR,1,0.5,12,4,4,12,1,0,1.0
HIST_CZE_BEL_20010425,BEL,1,0.5,12,4,4,12,1,0,1.0
HIST_KOR_FRA_20010530,KOR,0,0.5,12,4,4,12,1,0,0.0
HIST_CAN_BRA_20010602,BRA,0,0.5,12,4,4,12,1,0,0.0
HIST_JPN_AUS_20010607,AUS,0,0.5,12,4,4,12,1,0,0.0
HIST_JPN_FRA_20010610,FRA,1,0.5,12,4,4,12,1,0,1.0
HIST_AUS_NZL_20010624,NZL,1,0.5,12,4,4,12,1,0,1.0
HIST_NOR_TUR_20010815,TUR,1,0.5,12,4,4,12,1,0,1.0
HIST_JAM_MEX_20010902,MEX,2,0.5,12,4,4,12,1,0,2.0
HIST_BEL_CZE_20011110,BEL,1,0.5,12,4,4,12,1,0,1.0
HIST_AUS_FRA_20011111,FRA,1,0.5,12,4,4,12,1,0,1.0
HIST_EGY_GHA_20020104,GHA,0,0.5,12,4,4,12,1,0,0.0
HIST_ECU_HAI_20020120,HAI,2,0.5,12,4,4,12,1,0,2.0
HIST_EGY_SEN_20020120,SEN,1,0.5,12,4,4,12,1,0,1.0
HIST_SEN_TUN_20020131,SEN,0,0.5,12,4,4,12,1,0,0.0
HIST_ESP_POR_20020213,POR,1,0.5,12,4,4,12,1,0,1.0
HIST_NOR_JPN_20020514,NOR,3,0.5,12,4,4,12,1,0,3.0
HIST_USA_JAM_20020516,JAM,0,0.5,12,4,4,12,1,0,0.0
HIST_SWE_PAR_20020517,SWE,1,0.5,12,4,4,12,1,0,1.0
HIST_CZE_ITA_20020518,CZE,1,0.5,12,4,4,12,1,0,1.0
HIST_GER_AUT_20020518,GER,6,0.5,12,4,4,12,1,0,6.0
HIST_JPN_SWE_20020525,JPN,1,0.5,12,4,4,12,1,0,1.0
HIST_CRO_MEX_20020603,CRO,0,0.5,12,4,4,12,1,0,0.0
HIST_USA_POR_20020605,POR,2,0.5,12,4,4,12,1,0,2.0
HIST_BRA_BEL_20020617,BEL,0,0.5,12,4,4,12,1,0,0.0
HIST_JPN_TUR_20020618,TUR,1,0.5,12,4,4,12,1,0,1.0
HIST_KOR_BRA_20021120,BRA,3,0.5,12,4,4,12,1,0,3.0
HIST_TUN_EGY_20021120,TUN,0,0.5,12,4,4,12,1,0,0.0
HIST_EGY_GHA_20021222,EGY,0,0.5,12,4,4,12,1,0,0.0
HIST_FRA_CZE_20030212,FRA,0,0.5,12,4,4,12,1,0,0.0
HIST_FRA_CZE_20030212,CZE,2,0.5,12,4,4,12,1,0,2.0
HIST_ITA_POR_20030212,ITA,1,0.5,12,4,4,12,1,0,1.0
HIST_JAM_USA_20030212,USA,2,0.5,12,4,4,12,1,0,2.0
HIST_MAR_SEN_20030212,SEN,0,0.5,12,4,4,12,1,0,0.0
HIST_ESP_GER_20030212,ESP,3,0.5,12,4,4,12,1,0,3.0
HIST_EGY_QAT_20030319,QAT,0,0.5,12,4,4,12,1,0,0.0
HIST_TUN_GHA_20030327,GHA,2,0.5,12,4,4,12,1,0,2.0
HIST_JPN_URU_20030328,JPN,2,0.5,12,4,4,12,1,0,2.0
HIST_SCO_AUT_20030430,AUT,2,0.5,12,4,4,12,1,0,2.0
HIST_ESP_ECU_20030430,ECU,0,0.5,12,4,4,12,1,0,0.0
HIST_SCO_GER_20030607,GER,1,0.5,12,4,4,12,1,0,1.0
HIST_BEL_NED_20030820,BEL,1,0.5,12,4,4,12,1,0,1.0
HIST_IRN_JOR_20030905,IRN,4,0.5,12,4,4,12,1,0,4.0
HIST_COL_BRA_20030907,BRA,2,0.5,12,4,4,12,1,0,2.0
HIST_TUN_MAR_20031011,TUN,0,0.5,12,4,4,12,1,0,0.0
HIST_SEN_CIV_20031115,CIV,0,0.5,12,4,4,12,1,0,0.0
HIST_ESP_NOR_20031115,NOR,1,0.5,12,4,4,12,1,0,1.0
HIST_EGY_IRQ_20031218,IRQ,0,0.5,12,4,4,12,1,0,0.0
HIST_USA_HAI_20040313,USA,1,0.5,12,4,4,12,1,0,1.0
HIST_CZE_JPN_20040428,JPN,1,0.5,12,4,4,12,1,0,1.0
HIST_FRA_BRA_20040520,FRA,0,0.5,12,4,4,12,1,0,0.0
HIST_GER_NED_20040615,GER,1,0.5,12,4,4,12,1,0,1.0
HIST_SUI_FRA_20040621,FRA,3,0.5,12,4,4,12,1,0,3.0
HIST_IRN_IRQ_20040623,IRQ,1,0.5,12,4,4,12,1,0,1.0
HIST_SWE_NED_20040626,NED,0,0.5,12,4,4,12,1,0,0.0
HIST_MEX_ECU_20040713,MEX,2,0.5,12,4,4,12,1,0,2.0
HIST_URU_BRA_20040721,URU,1,0.5,12,4,4,12,1,0,1.0
HIST_HAI_BRA_20040818,HAI,0,0.5,12,4,4,12,1,0,0.0
HIST_NED_CZE_20040908,NED,2,0.5,12,4,4,12,1,0,2.0
HIST_COL_PAR_20041009,COL,1,0.5,12,4,4,12,1,0,1.0
HIST_IRN_GER_20041009,IRN,0,0.5,12,4,4,12,1,0,0.0
HIST_IRQ_UZB_20041013,UZB,2,0.5,12,4,4,12,1,0,2.0
HIST_ECU_JOR_20041020,ECU,0,0.5,12,4,4,12,1,0,0.0
HIST_ESP_ENG_20041117,ESP,1,0.5,12,4,4,12,1,0,1.0
HIST_ESP_ENG_20041117,ENG,0,0.5,12,4,4,12,1,0,0.0
HIST_USA_JAM_20041117,JAM,1,0.5,12,4,4,12,1,0,1.0
HIST_QAT_IRQ_20041213,IRQ,3,0.5,12,4,4,12,1,0,3.0
HIST_KOR_GER_20041219,KOR,3,0.5,12,4,4,12,1,0,3.0
HIST_ECU_PAN_20050126,ECU,2,0.5,12,4,4,12,1,0,2.0
HIST_MEX_COL_20050223,MEX,1,0.5,12,4,4,12,1,0,1.0
HIST_URU_BRA_20050330,URU,1,0.5,12,4,4,12,1,0,1.0
HIST_BRA_PAR_20050605,PAR,1,0.5,12,4,4,12,1,0,1.0
HIST_GER_AUS_20050615,AUS,3,0.5,12,4,4,12,1,0,3.0
HIST_AUS_ARG_20050618,ARG,4,0.5,12,4,4,12,1,0,4.0
HIST_AUS_TUN_20050621,TUN,2,0.5,12,4,4,12,1,0,2.0
HIST_COL_PAN_20050721,COL,2,0.5,12,4,4,12,1,0,2.0
HIST_COL_PAN_20050721,PAN,3,0.5,12,4,4,12,1,0,3.0
HIST_FRA_CIV_20050817,CIV,0,0.5,12,4,4,12,1,0,0.0
HIST_ENG_AUT_20051008,ENG,1,0.5,12,4,4,12,1,0,1.0
HIST_RSA_SEN_20051112,RSA,2,0.5,12,4,4,12,1,0,2.0
HIST_TUN_GHA_20060115,TUN,2,0.5,12,4,4,12,1,0,2.0
HIST_KSA_SWE_20060118,KSA,1,0.5,12,4,4,12,1,0,1.0
HIST_USA_CAN_20060122,USA,0,0.5,12,4,4,12,1,0,0.0
HIST_ITA_GER_20060301,GER,1,0.5,12,4,4,12,1,0,1.0
HIST_MEX_GHA_20060301,MEX,1,0.5,12,4,4,12,1,0,1.0
HIST_SEN_NOR_20060301,SEN,2,0.5,12,4,4,12,1,0,2.0
HIST_KOR_SEN_20060523,SEN,1,0.5,12,4,4,12,1,0,1.0
HIST_SUI_CIV_20060527,CIV,1,0.5,12,4,4,12,1,0,1.0
HIST_ENG_JAM_20060603,ENG,6,0.5,12,4,4,12,1,0,6.0
HIST_ENG_PAR_20060610,PAR,0,0.5,12,4,4,12,1,0,0.0
HIST_BRA_CRO_20060613,BRA,1,0.5,12,4,4,12,1,0,1.0
HIST_GER_SWE_20060624,SWE,0,0.5,12,4,4,12,1,0,0.0
HIST_ITA_AUS_20060626,ITA,1,0.5,12,4,4,12,1,0,1.0
HIST_BRA_FRA_20060701,BRA,0,0.5,12,4,4,12,1,0,0.0
HIST_KOR_IRN_20060902,KOR,1,0.5,12,4,4,12,1,0,1.0
HIST_ARG_BRA_20060903,ARG,0,0.5,12,4,4,12,1,0,0.0
HIST_JPN_GHA_20061004,GHA,1,0.5,12,4,4,12,1,0,1.0
HIST_SCO_FRA_20061007,SCO,1,0.5,12,4,4,12,1,0,1.0
HIST_EGY_RSA_20061115,EGY,1,0.5,12,4,4,12,1,0,1.0
HIST_CZE_GER_20070324,CZE,1,0.5,12,4,4,12,1,0,1.0
HIST_KOR_URU_20070324,URU,2,0.5,12,4,4,12,1,0,2.0
HIST_TUR_NOR_20070328,TUR,2,0.5,12,4,4,12,1,0,2.0
HIST_PAN_COL_20070509,PAN,0,0.5,12,4,4,12,1,0,0.0
HIST_PAN_COL_20070509,COL,4,0.5,12,4,4,12,1,0,4.0
HIST_ALG_ARG_20070605,ALG,3,0.5,12,4,4,12,1,0,3.0
HIST_BRA_MEX_20070627,BRA,0,0.5,12,4,4,12,1,0,0.0
HIST_ARG_USA_20070628,ARG,4,0.5,12,4,4,12,1,0,4.0
HIST_ENG_GER_20070822,GER,2,0.5,12,4,4,12,1,0,2.0
HIST_CIV_EGY_20070822,EGY,0,0.5,12,4,4,12,1,0,0.0
HIST_SUI_NED_20070822,SUI,2,0.5,12,4,4,12,1,0,2.0
HIST_MAR_GHA_20070908,GHA,2,0.5,12,4,4,12,1,0,2.0
HIST_FRA_SCO_20070912,SCO,1,0.5,12,4,4,12,1,0,1.0
HIST_RSA_URU_20070912,RSA,0,0.5,12,4,4,12,1,0,0.0
HIST_GER_CZE_20071017,GER,0,0.5,12,4,4,12,1,0,0.0
HIST_ENG_CRO_20071121,ENG,2,0.5,12,4,4,12,1,0,2.0
HIST_IRQ_JOR_20080124,IRQ,1,0.5,12,4,4,12,1,0,1.0
HIST_SEN_RSA_20080131,RSA,1,0.5,12,4,4,12,1,0,1.0
HIST_CRO_NED_20080206,NED,3,0.5,12,4,4,12,1,0,3.0
HIST_ITA_POR_20080206,POR,1,0.5,12,4,4,12,1,0,1.0
HIST_URU_COL_20080206,COL,2,0.5,12,4,4,12,1,0,2.0
HIST_GHA_CIV_20080209,GHA,4,0.5,12,4,4,12,1,0,4.0
HIST_GHA_CIV_20080209,CIV,2,0.5,12,4,4,12,1,0,2.0
HIST_FRA_COL_20080603,COL,0,0.5,12,4,4,12,1,0,0.0
HIST_SUI_CZE_20080607,CZE,1,0.5,12,4,4,12,1,0,1.0
HIST_GER_ESP_20080629,GER,0,0.5,12,4,4,12,1,0,0.0
HIST_COL_URU_20080906,URU,1,0.5,12,4,4,12,1,0,1.0
HIST_TUR_BEL_20080910,TUR,1,0.5,12,4,4,12,1,0,1.0
HIST_TUR_BEL_20080910,BEL,1,0.5,12,4,4,12,1,0,1.0
HIST_MEX_ECU_20081112,MEX,2,0.5,12,4,4,12,1,0,2.0
HIST_SCO_ARG_20081119,SCO,0,0.5,12,4,4,12,1,0,0.0
HIST_MEX_SWE_20090128,MEX,0,0.5,12,4,4,12,1,0,0.0
HIST_UZB_QAT_20090328,QAT,0,0.5,12,4,4,12,1,0,0.0
HIST_JPN_BEL_20090531,BEL,0,0.5,12,4,4,12,1,0,0.0
HIST_NZL_ESP_20090614,NZL,0,0.5,12,4,4,12,1,0,0.0
HIST_ITA_BRA_20090621,BRA,3,0.5,12,4,4,12,1,0,3.0
HIST_MEX_USA_20090812,USA,1,0.5,12,4,4,12,1,0,1.0
HIST_COL_ECU_20090905,ECU,0,0.5,12,4,4,12,1,0,0.0
HIST_SCO_NED_20090909,SCO,0,0.5,12,4,4,12,1,0,0.0
HIST_CRO_QAT_20091008,CRO,3,0.5,12,4,4,12,1,0,3.0
HIST_KOR_SEN_20091014,KOR,2,0.5,12,4,4,12,1,0,2.0
HIST_CIV_ALG_20100124,CIV,2,0.5,12,4,4,12,1,0,2.0
HIST_ENG_EGY_20100303,ENG,3,0.5,12,4,4,12,1,0,3.0
HIST_JPN_KOR_20100524,JPN,0,0.5,12,4,4,12,1,0,0.0
HIST_NED_MEX_20100526,MEX,1,0.5,12,4,4,12,1,0,1.0
HIST_ESP_KOR_20100603,KOR,0,0.5,12,4,4,12,1,0,0.0
HIST_JPN_CIV_20100604,CIV,2,0.5,12,4,4,12,1,0,2.0
HIST_MEX_URU_20100622,URU,1,0.5,12,4,4,12,1,0,1.0
HIST_URU_KOR_20100626,KOR,1,0.5,12,4,4,12,1,0,1.0
HIST_ARG_MEX_20100627,MEX,1,0.5,12,4,4,12,1,0,1.0
HIST_NZL_PAR_20101012,NZL,0,0.5,12,4,4,12,1,0,0.0
HIST_KSA_GHA_20101117,KSA,0,0.5,12,4,4,12,1,0,0.0
HIST_RSA_USA_20101117,RSA,0,0.5,12,4,4,12,1,0,0.0
HIST_JPN_JOR_20110109,JPN,1,0.5,12,4,4,12,1,0,1.0
HIST_AUS_KOR_20110114,KOR,1,0.5,12,4,4,12,1,0,1.0
HIST_ARG_POR_20110209,ARG,2,0.5,12,4,4,12,1,0,2.0
HIST_ALG_MAR_20110327,MAR,0,0.5,12,4,4,12,1,0,0.0
HIST_ARG_ECU_20110420,ECU,2,0.5,12,4,4,12,1,0,2.0
HIST_USA_ESP_20110604,ESP,4,0.5,12,4,4,12,1,0,4.0
HIST_USA_MEX_20110625,USA,2,0.5,12,4,4,12,1,0,2.0
HIST_ARG_COL_20110706,COL,0,0.5,12,4,4,12,1,0,0.0
HIST_JPN_KOR_20110810,JPN,3,0.5,12,4,4,12,1,0,3.0
HIST_JOR_TUN_20110822,TUN,3,0.5,12,4,4,12,1,0,3.0
HIST_AUT_TUR_20110906,AUT,0,0.5,12,4,4,12,1,0,0.0
HIST_CZE_ESP_20111007,CZE,0,0.5,12,4,4,12,1,0,0.0
HIST_BRA_EGY_20111114,EGY,0,0.5,12,4,4,12,1,0,0.0
HIST_COL_ARG_20111115,COL,1,0.5,12,4,4,12,1,0,1.0
HIST_GHA_TUN_20120205,GHA,2,0.5,12,4,4,12,1,0,2.0
HIST_JAM_PAN_20120527,JAM,0,0.5,12,4,4,12,1,0,0.0
HIST_ESP_KOR_20120530,KOR,1,0.5,12,4,4,12,1,0,1.0
HIST_ARG_ECU_20120602,ECU,0,0.5,12,4,4,12,1,0,0.0
HIST_UZB_IRN_20120603,IRN,1,0.5,12,4,4,12,1,0,1.0
HIST_MAR_CIV_20120609,CIV,2,0.5,12,4,4,12,1,0,2.0
HIST_POR_ESP_20120627,POR,0,0.5,12,4,4,12,1,0,0.0
HIST_ARG_PAR_20120907,ARG,3,0.5,12,4,4,12,1,0,3.0
HIST_NED_TUR_20120907,TUR,0,0.5,12,4,4,12,1,0,0.0
HIST_CIV_SEN_20120908,CIV,4,0.5,12,4,4,12,1,0,4.0
HIST_AUT_GER_20120911,AUT,1,0.5,12,4,4,12,1,0,1.0
HIST_UZB_KOR_20120911,UZB,2,0.5,12,4,4,12,1,0,2.0
HIST_ESP_FRA_20121016,FRA,1,0.5,12,4,4,12,1,0,1.0
HIST_CPV_GHA_20121114,CPV,0,0.5,12,4,4,12,1,0,0.0
HIST_IRQ_JOR_20121114,IRQ,1,0.5,12,4,4,12,1,0,1.0
HIST_KOR_AUS_20121114,KOR,1,0.5,12,4,4,12,1,0,1.0
HIST_KSA_ARG_20121114,ARG,0,0.5,12,4,4,12,1,0,0.0
HIST_CIV_EGY_20130114,EGY,2,0.5,12,4,4,12,1,0,2.0
HIST_FRA_GER_20130206,GER,2,0.5,12,4,4,12,1,0,2.0
HIST_POR_ECU_20130206,POR,2,0.5,12,4,4,12,1,0,2.0
HIST_POR_ECU_20130206,ECU,3,0.5,12,4,4,12,1,0,3.0
HIST_ESP_URU_20130206,URU,1,0.5,12,4,4,12,1,0,1.0
HIST_TUR_CZE_20130206,TUR,0,0.5,12,4,4,12,1,0,0.0
HIST_IRQ_JPN_20130611,IRQ,0,0.5,12,4,4,12,1,0,0.0
HIST_IRQ_JPN_20130611,JPN,1,0.5,12,4,4,12,1,0,1.0
HIST_ITA_HAI_20130611,HAI,2,0.5,12,4,4,12,1,0,2.0
HIST_ESP_URU_20130616,URU,1,0.5,12,4,4,12,1,0,1.0
HIST_BRA_ESP_20130630,BRA,3,0.5,12,4,4,12,1,0,3.0
HIST_URU_ITA_20130630,URU,2,0.5,12,4,4,12,1,0,2.0
HIST_JPN_URU_20130814,JPN,2,0.5,12,4,4,12,1,0,2.0
HIST_POR_NED_20130814,NED,1,0.5,12,4,4,12,1,0,1.0
HIST_CIV_MAR_20130907,CIV,1,0.5,12,4,4,12,1,0,1.0
HIST_CZE_CAN_20131115,CAN,0,0.5,12,4,4,12,1,0,0.0
HIST_POR_SWE_20131115,POR,1,0.5,12,4,4,12,1,0,1.0
HIST_AUT_USA_20131119,AUT,1,0.5,12,4,4,12,1,0,1.0
HIST_COL_TUN_20140305,COL,1,0.5,12,4,4,12,1,0,1.0
HIST_JPN_NZL_20140305,JPN,4,0.5,12,4,4,12,1,0,4.0
HIST_NED_GHA_20140531,GHA,0,0.5,12,4,4,12,1,0,0.0
HIST_BEL_TUN_20140607,BEL,1,0.5,12,4,4,12,1,0,1.0
HIST_CIV_JPN_20140614,CIV,2,0.5,12,4,4,12,1,0,2.0
HIST_BEL_ALG_20140617,BEL,2,0.5,12,4,4,12,1,0,2.0
HIST_BRA_MEX_20140617,BRA,0,0.5,12,4,4,12,1,0,0.0
HIST_GER_GHA_20140621,GHA,2,0.5,12,4,4,12,1,0,2.0
HIST_JPN_COL_20140624,COL,4,0.5,12,4,4,12,1,0,4.0
HIST_COL_URU_20140628,COL,2,0.5,12,4,4,12,1,0,2.0
HIST_NED_ARG_20140709,NED,0,0.5,12,4,4,12,1,0,0.0
HIST_CZE_USA_20140903,USA,1,0.5,12,4,4,12,1,0,1.0
HIST_FRA_ESP_20140904,FRA,1,0.5,12,4,4,12,1,0,1.0
HIST_GER_SCO_20140907,SCO,1,0.5,12,4,4,12,1,0,1.0
HIST_UZB_NZL_20140908,UZB,3,0.5,12,4,4,12,1,0,3.0
HIST_ARG_CRO_20141112,CRO,1,0.5,12,4,4,12,1,0,1.0
HIST_ESP_GER_20141118,ESP,0,0.5,12,4,4,12,1,0,0.0
HIST_KOR_KSA_20150104,KSA,0,0.5,12,4,4,12,1,0,0.0
HIST_JOR_IRQ_20150112,IRQ,1,0.5,12,4,4,12,1,0,1.0
HIST_SEN_ALG_20150127,SEN,0,0.5,12,4,4,12,1,0,0.0
HIST_SWE_IRN_20150331,IRN,1,0.5,12,4,4,12,1,0,1.0
HIST_SUI_USA_20150331,SUI,1,0.5,12,4,4,12,1,0,1.0
HIST_SCO_QAT_20150605,QAT,0,0.5,12,4,4,12,1,0,0.0
HIST_FRA_BEL_20150607,FRA,3,0.5,12,4,4,12,1,0,3.0
HIST_ARG_PAR_20150613,PAR,2,0.5,12,4,4,12,1,0,2.0
HIST_USA_HAI_20150710,HAI,0,0.5,12,4,4,12,1,0,0.0
HIST_TUR_NED_20150906,NED,0,0.5,12,4,4,12,1,0,0.0
HIST_ITA_NOR_20151013,ITA,2,0.5,12,4,4,12,1,0,2.0
HIST_AUT_SUI_20151117,SUI,2,0.5,12,4,4,12,1,0,2.0
HIST_TUR_SWE_20160324,SWE,1,0.5,12,4,4,12,1,0,1.0
HIST_GER_ITA_20160329,GER,4,0.5,12,4,4,12,1,0,4.0
HIST_CZE_KOR_20160605,CZE,1,0.5,12,4,4,12,1,0,1.0
HIST_CAN_UZB_20160607,CAN,2,0.5,12,4,4,12,1,0,2.0
HIST_MEX_JAM_20160609,JAM,0,0.5,12,4,4,12,1,0,0.0
HIST_POR_AUT_20160618,AUT,0,0.5,12,4,4,12,1,0,0.0
HIST_QAT_IRQ_20160808,QAT,2,0.5,12,4,4,12,1,0,2.0
HIST_IRN_QAT_20160901,IRN,2,0.5,12,4,4,12,1,0,2.0
HIST_KOR_QAT_20161006,QAT,2,0.5,12,4,4,12,1,0,2.0
HIST_UZB_IRN_20161006,UZB,0,0.5,12,4,4,12,1,0,0.0
HIST_GER_CZE_20161008,GER,3,0.5,12,4,4,12,1,0,3.0
HIST_JOR_IRQ_20161106,JOR,0,0.5,12,4,4,12,1,0,0.0
HIST_USA_MEX_20161111,USA,1,0.5,12,4,4,12,1,0,1.0
HIST_TUN_SEN_20170115,SEN,2,0.5,12,4,4,12,1,0,2.0
HIST_ALG_TUN_20170119,TUN,2,0.5,12,4,4,12,1,0,2.0
HIST_IRN_IRQ_20170318,IRQ,1,0.5,12,4,4,12,1,0,1.0
HIST_MAR_TUN_20170328,TUN,0,0.5,12,4,4,12,1,0,0.0
HIST_BEL_CZE_20170605,CZE,1,0.5,12,4,4,12,1,0,1.0
HIST_NOR_SWE_20170613,NOR,1,0.5,12,4,4,12,1,0,1.0
HIST_QAT_KOR_20170613,QAT,3,0.5,12,4,4,12,1,0,3.0
HIST_GER_MEX_20170629,MEX,1,0.5,12,4,4,12,1,0,1.0
HIST_MEX_JAM_20170723,MEX,0,0.5,12,4,4,12,1,0,0.0
HIST_JPN_AUS_20170831,AUS,0,0.5,12,4,4,12,1,0,0.0
HIST_KOR_MAR_20171010,KOR,1,0.5,12,4,4,12,1,0,1.0
HIST_QAT_CUW_20171010,CUW,2,0.5,12,4,4,12,1,0,2.0
HIST_SCO_NED_20171109,SCO,0,0.5,12,4,4,12,1,0,0.0
HIST_ITA_SWE_20171113,SWE,0,0.5,12,4,4,12,1,0,0.0
HIST_ENG_BRA_20171114,ENG,0,0.5,12,4,4,12,1,0,0.0
HIST_SEN_RSA_20171114,RSA,1,0.5,12,4,4,12,1,0,1.0
HIST_NOR_AUS_20180323,AUS,1,0.5,12,4,4,12,1,0,1.0
HIST_URU_CZE_20180323,URU,2,0.5,12,4,4,12,1,0,2.0
HIST_POR_NED_20180326,POR,0,0.5,12,4,4,12,1,0,0.0
HIST_MEX_SCO_20180602,SCO,0,0.5,12,4,4,12,1,0,0.0
HIST_AUT_GER_20180602,AUT,2,0.5,12,4,4,12,1,0,2.0
HIST_ENG_PAN_20180624,PAN,1,0.5,12,4,4,12,1,0,1.0
HIST_KSA_EGY_20180625,EGY,1,0.5,12,4,4,12,1,0,1.0
HIST_FRA_BEL_20180710,BEL,0,0.5,12,4,4,12,1,0,0.0
HIST_FRA_CRO_20180715,FRA,4,0.5,12,4,4,12,1,0,4.0
HIST_POR_ITA_20180910,POR,1,0.5,12,4,4,12,1,0,1.0
HIST_JPN_PAN_20181012,JPN,3,0.5,12,4,4,12,1,0,3.0
HIST_SUI_QAT_20181114,QAT,1,0.5,12,4,4,12,1,0,1.0
HIST_TUR_SWE_20181117,TUR,0,0.5,12,4,4,12,1,0,0.0
HIST_TUN_MAR_20181120,MAR,1,0.5,12,4,4,12,1,0,1.0
HIST_QAT_IRN_20181231,QAT,1,0.5,12,4,4,12,1,0,1.0
HIST_KSA_QAT_20190117,QAT,2,0.5,12,4,4,12,1,0,2.0
HIST_USA_JAM_20190605,USA,0,0.5,12,4,4,12,1,0,0.0
HIST_URU_PAN_20190607,URU,3,0.5,12,4,4,12,1,0,3.0
HIST_SUI_ENG_20190609,ENG,0,0.5,12,4,4,12,1,0,0.0
HIST_COL_QAT_20190619,QAT,0,0.5,12,4,4,12,1,0,0.0
HIST_URU_JPN_20190620,URU,2,0.5,12,4,4,12,1,0,2.0
HIST_USA_MEX_20190707,USA,0,0.5,12,4,4,12,1,0,0.0
HIST_USA_URU_20190910,USA,1,0.5,12,4,4,12,1,0,1.0
HIST_HAI_CUW_20190910,CUW,1,0.5,12,4,4,12,1,0,1.0
HIST_SWE_ESP_20191015,ESP,1,0.5,12,4,4,12,1,0,1.0
HIST_ALG_COL_20191015,ALG,3,0.5,12,4,4,12,1,0,3.0
HIST_QAT_IRQ_20191126,IRQ,2,0.5,12,4,4,12,1,0,2.0
HIST_KOR_JPN_20191218,KOR,1,0.5,12,4,4,12,1,0,1.0
HIST_SWE_POR_20200908,SWE,0,0.5,12,4,4,12,1,0,0.0
HIST_BEL_CIV_20201008,BEL,1,0.5,12,4,4,12,1,0,1.0
HIST_MEX_ALG_20201013,MEX,2,0.5,12,4,4,12,1,0,2.0
HIST_CRO_FRA_20201014,CRO,1,0.5,12,4,4,12,1,0,1.0
HIST_SCO_CZE_20201014,SCO,1,0.5,12,4,4,12,1,0,1.0
HIST_ARG_PAR_20201112,ARG,1,0.5,12,4,4,12,1,0,1.0
HIST_JPN_PAN_20201113,JPN,1,0.5,12,4,4,12,1,0,1.0
HIST_AUT_NOR_20201118,AUT,1,0.5,12,4,4,12,1,0,1.0
HIST_UZB_IRQ_20210329,UZB,0,0.5,12,4,4,12,1,0,0.0
HIST_SEN_CPV_20210608,SEN,2,0.5,12,4,4,12,1,0,2.0
HIST_SCO_CZE_20210614,CZE,2,0.5,12,4,4,12,1,0,2.0
HIST_IRN_IRQ_20210615,IRQ,0,0.5,12,4,4,12,1,0,0.0
HIST_CAN_HAI_20210615,CAN,3,0.5,12,4,4,12,1,0,3.0
HIST_ENG_CZE_20210622,CZE,0,0.5,12,4,4,12,1,0,0.0
HIST_BRA_COL_20210623,BRA,2,0.5,12,4,4,12,1,0,2.0
HIST_NED_CZE_20210627,CZE,2,0.5,12,4,4,12,1,0,2.0
HIST_FRA_SUI_20210628,SUI,3,0.5,12,4,4,12,1,0,3.0
HIST_ENG_GER_20210629,ENG,2,0.5,12,4,4,12,1,0,2.0
HIST_USA_HAI_20210711,HAI,0,0.5,12,4,4,12,1,0,0.0
HIST_QAT_PAN_20210713,PAN,3,0.5,12,4,4,12,1,0,3.0
HIST_HAI_CAN_20210715,CAN,4,0.5,12,4,4,12,1,0,4.0
HIST_NOR_NED_20210901,NED,1,0.5,12,4,4,12,1,0,1.0
HIST_KOR_IRQ_20210902,KOR,0,0.5,12,4,4,12,1,0,0.0
HIST_JAM_PAN_20210905,JAM,0,0.5,12,4,4,12,1,0,0.0
HIST_ITA_BEL_20211010,BEL,1,0.5,12,4,4,12,1,0,1.0
HIST_ESP_FRA_20211010,ESP,1,0.5,12,4,4,12,1,0,1.0
HIST_JPN_AUS_20211012,JPN,2,0.5,12,4,4,12,1,0,2.0
HIST_JOR_UZB_20211012,UZB,0,0.5,12,4,4,12,1,0,0.0
HIST_ITA_SUI_20211112,ITA,1,0.5,12,4,4,12,1,0,1.0
HIST_URU_ARG_20211112,URU,0,0.5,12,4,4,12,1,0,0.0
HIST_JAM_USA_20211116,JAM,1,0.5,12,4,4,12,1,0,1.0
HIST_TUN_EGY_20211215,TUN,1,0.5,12,4,4,12,1,0,1.0
HIST_QAT_ALG_20211215,ALG,2,0.5,12,4,4,12,1,0,2.0
HIST_CIV_ALG_20220120,CIV,3,0.5,12,4,4,12,1,0,3.0
HIST_CIV_EGY_20220126,EGY,0,0.5,12,4,4,12,1,0,0.0
HIST_ENG_SUI_20220326,SUI,1,0.5,12,4,4,12,1,0,1.0
HIST_KSA_AUS_20220329,KSA,1,0.5,12,4,4,12,1,0,1.0
HIST_TUR_ITA_20220329,TUR,2,0.5,12,4,4,12,1,0,2.0
HIST_KOR_PAR_20220610,PAR,2,0.5,12,4,4,12,1,0,2.0
HIST_JPN_GHA_20220610,JPN,4,0.5,12,4,4,12,1,0,4.0
HIST_URU_PAN_20220611,PAN,0,0.5,12,4,4,12,1,0,0.0
HIST_ESP_CZE_20220612,CZE,0,0.5,12,4,4,12,1,0,0.0
HIST_IRN_ALG_20220612,ALG,2,0.5,12,4,4,12,1,0,2.0
HIST_MEX_COL_20220927,MEX,2,0.5,12,4,4,12,1,0,2.0
HIST_TUR_SCO_20221116,SCO,1,0.5,12,4,4,12,1,0,1.0
HIST_EGY_BEL_20221118,EGY,2,0.5,12,4,4,12,1,0,2.0
HIST_ARG_MEX_20221126,MEX,0,0.5,12,4,4,12,1,0,0.0
HIST_TUN_AUS_20221126,TUN,0,0.5,12,4,4,12,1,0,0.0
HIST_CRO_BEL_20221201,CRO,0,0.5,12,4,4,12,1,0,0.0
HIST_CRO_BEL_20221201,BEL,0,0.5,12,4,4,12,1,0,0.0
HIST_ARG_AUS_20221203,AUS,1,0.5,12,4,4,12,1,0,1.0
HIST_MAR_ESP_20221206,MAR,0,0.5,12,4,4,12,1,0,0.0
HIST_MEX_JAM_20230326,MEX,2,0.5,12,4,4,12,1,0,2.0
HIST_KOR_URU_20230328,KOR,1,0.5,12,4,4,12,1,0,1.0
HIST_PAN_CAN_20230615,CAN,2,0.5,12,4,4,12,1,0,2.0
HIST_JAM_JOR_20230619,JAM,1,0.5,12,4,4,12,1,0,1.0
HIST_BRA_SEN_20230620,BRA,2,0.5,12,4,4,12,1,0,2.0
HIST_UZB_IRN_20230620,IRN,1,0.5,12,4,4,12,1,0,1.0
HIST_ARG_ECU_20230907,ECU,0,0.5,12,4,4,12,1,0,0.0
HIST_USA_UZB_20230909,UZB,0,0.5,12,4,4,12,1,0,0.0
HIST_JPN_TUR_20230912,TUR,2,0.5,12,4,4,12,1,0,2.0
HIST_KOR_TUN_20231013,KOR,4,0.5,12,4,4,12,1,0,4.0
HIST_CIV_MAR_20231014,CIV,1,0.5,12,4,4,12,1,0,1.0
HIST_BEL_SWE_20231016,SWE,1,0.5,12,4,4,12,1,0,1.0
HIST_COL_BRA_20231116,COL,2,0.5,12,4,4,12,1,0,2.0
HIST_ESP_COL_20240322,COL,1,0.5,12,4,4,12,1,0,1.0
HIST_TUN_CRO_20240323,TUN,0,0.5,12,4,4,12,1,0,0.0
HIST_ENG_BEL_20240326,BEL,2,0.5,12,4,4,12,1,0,2.0
HIST_GER_NED_20240326,NED,1,0.5,12,4,4,12,1,0,1.0
HIST_ITA_TUR_20240604,TUR,0,0.5,12,4,4,12,1,0,0.0
HIST_SUI_AUT_20240608,AUT,1,0.5,12,4,4,12,1,0,1.0
HIST_ARG_ECU_20240609,ECU,0,0.5,12,4,4,12,1,0,0.0
HIST_IRN_UZB_20240611,IRN,0,0.5,12,4,4,12,1,0,0.0
HIST_ECU_JAM_20240626,ECU,3,0.5,12,4,4,12,1,0,3.0
HIST_AUT_TUR_20240702,AUT,1,0.5,12,4,4,12,1,0,1.0
HIST_ESP_FRA_20240709,ESP,2,0.5,12,4,4,12,1,0,2.0
HIST_ECU_PAR_20241010,ECU,0,0.5,12,4,4,12,1,0,0.0
HIST_UZB_IRN_20241010,IRN,0,0.5,12,4,4,12,1,0,0.0
HIST_ESP_SUI_20241118,SUI,2,0.5,12,4,4,12,1,0,2.0
HIST_USA_CAN_20250323,CAN,2,0.5,12,4,4,12,1,0,2.0
HIST_FRA_CRO_20250323,FRA,2,0.5,12,4,4,12,1,0,2.0
HIST_GER_POR_20250604,GER,1,0.5,12,4,4,12,1,0,1.0
HIST_GER_POR_20250604,POR,2,0.5,12,4,4,12,1,0,2.0
HIST_ECU_BRA_20250605,ECU,0,0.5,12,4,4,12,1,0,0.0
HIST_CIV_NZL_20250607,CIV,0,0.5,12,4,4,12,1,0,0.0
HIST_HAI_CUW_20250610,HAI,1,0.5,12,4,4,12,1,0,1.0
HIST_MEX_KSA_20250628,KSA,0,0.5,12,4,4,12,1,0,0.0
HIST_USA_MEX_20250706,USA,1,0.5,12,4,4,12,1,0,1.0
HIST_PAR_ECU_20250904,ECU,0,0.5,12,4,4,12,1,0,0.0
HIST_NZL_AUS_20250909,NZL,1,0.5,12,4,4,12,1,0,1.0
HIST_USA_JPN_20250909,JPN,0,0.5,12,4,4,12,1,0,0.0
HIST_CAN_AUS_20251010,AUS,1,0.5,12,4,4,12,1,0,1.0
HIST_CAN_COL_20251014,CAN,0,0.5,12,4,4,12,1,0,0.0
HIST_IRN_CPV_20251113,CPV,0,0.5,12,4,4,12,1,0,0.0
HIST_KSA_CIV_20251114,CIV,0,0.5,12,4,4,12,1,0,0.0
HIST_ITA_NOR_20251116,ITA,1,0.5,12,4,4,12,1,0,1.0
HIST_BRA_TUN_20251118,BRA,1,0.5,12,4,4,12,1,0,1.0
HIST_COL_AUS_20251118,AUS,0,0.5,12,4,4,12,1,0,0.0
HIST_MEX_PAR_20251118,MEX,1,0.5,12,4,4,12,1,0,1.0
HIST_EGY_JOR_20251209,JOR,3,0.5,12,4,4,12,1,0,3.0
HIST_COL_CRO_20260326,CRO,2,0.5,12,4,4,12,1,0,2.0
HIST_MEX_POR_20260328,POR,0,0.5,12,4,4,12,1,0,0.0
HIST_AUT_KOR_20260331,AUT,1,0.5,12,4,4,12,1,0,1.0
HIST_MEX_AUS_20260530,AUS,0,0.5,12,4,4,12,1,0,0.0
HIST_CAN_UZB_20260601,CAN,2,0.5,12,4,4,12,1,0,2.0
HIST_HAI_NZL_20260602,NZL,0,0.5,12,4,4,12,1,0,0.0
HIST_NED_ALG_20260603,ALG,1,0.5,12,4,4,12,1,0,1.0
HIST_GHA_RSA_20000206,GHA,0,0.5,12,4,4,12,1,0,0.0
HIST_EGY_TUN_20000207,EGY,0,0.5,12,4,4,12,1,0,0.0
HIST_COL_JAM_20000212,JAM,0,0.5,12,4,4,12,1,0,0.0
HIST_AUT_SWE_20000329,SWE,1,0.5,12,4,4,12,1,0,1.0
HIST_QAT_JOR_20000408,QAT,2,0.5,12,4,4,12,1,0,2.0
HIST_NOR_BEL_20000426,NOR,0,0.5,12,4,4,12,1,0,0.0
HIST_JAM_COL_20000527,JAM,0,0.5,12,4,4,12,1,0,0.0
HIST_CRO_FRA_20000528,CRO,0,0.5,12,4,4,12,1,0,0.0
HIST_GER_CZE_20000603,GER,3,0.5,12,4,4,12,1,0,3.0
HIST_USA_RSA_20000603,USA,4,0.5,12,4,4,12,1,0,4.0
HIST_TUR_ITA_20000611,TUR,1,0.5,12,4,4,12,1,0,1.0
HIST_SWE_TUR_20000615,TUR,0,0.5,12,4,4,12,1,0,0.0
HIST_TUN_ALG_20000628,TUN,2,0.5,12,4,4,12,1,0,2.0
HIST_NED_ITA_20000629,NED,0,0.5,12,4,4,12,1,0,0.0
HIST_PAN_MEX_20000716,MEX,1,0.5,12,4,4,12,1,0,1.0
HIST_BRA_ARG_20000726,BRA,3,0.5,12,4,4,12,1,0,3.0
HIST_QAT_IRN_20000927,IRN,2,0.5,12,4,4,12,1,0,2.0
HIST_JOR_KSA_20001002,KSA,0,0.5,12,4,4,12,1,0,0.0
HIST_USA_MEX_20001025,USA,2,0.5,12,4,4,12,1,0,2.0
HIST_SWE_QAT_20010214,SWE,0,0.5,12,4,4,12,1,0,0.0
HIST_SWE_QAT_20010214,QAT,0,0.5,12,4,4,12,1,0,0.0
HIST_MAR_SEN_20010224,SEN,0,0.5,12,4,4,12,1,0,0.0
HIST_HAI_PAN_20010407,PAN,0,0.5,12,4,4,12,1,0,0.0
HIST_SUI_SWE_20010425,SWE,2,0.5,12,4,4,12,1,0,2.0
HIST_ALG_MAR_20010504,ALG,1,0.5,12,4,4,12,1,0,1.0
HIST_FRA_BRA_20010607,FRA,2,0.5,12,4,4,12,1,0,2.0
HIST_COL_ECU_20010714,ECU,0,0.5,12,4,4,12,1,0,0.0
HIST_SEN_MAR_20010714,MAR,0,0.5,12,4,4,12,1,0,0.0
HIST_ENG_NED_20010815,ENG,0,0.5,12,4,4,12,1,0,0.0
HIST_SWE_RSA_20010815,RSA,0,0.5,12,4,4,12,1,0,0.0
HIST_KSA_IRN_20010928,KSA,2,0.5,12,4,4,12,1,0,2.0
HIST_KOR_CRO_20011113,KOR,1,0.5,12,4,4,12,1,0,1.0
HIST_ESP_MEX_20011114,MEX,0,0.5,12,4,4,12,1,0,0.0
HIST_EGY_TUN_20020125,EGY,1,0.5,12,4,4,12,1,0,1.0
HIST_TUR_ECU_20020212,TUR,0,0.5,12,4,4,12,1,0,0.0
HIST_TUR_ECU_20020212,ECU,1,0.5,12,4,4,12,1,0,1.0
HIST_URU_KOR_20020213,KOR,1,0.5,12,4,4,12,1,0,1.0
HIST_KSA_RSA_20020320,KSA,1,0.5,12,4,4,12,1,0,1.0
HIST_KSA_RSA_20020320,RSA,0,0.5,12,4,4,12,1,0,0.0
HIST_GER_USA_20020327,USA,2,0.5,12,4,4,12,1,0,2.0
HIST_NED_ESP_20020327,NED,1,0.5,12,4,4,12,1,0,1.0
HIST_FRA_BEL_20020518,FRA,1,0.5,12,4,4,12,1,0,1.0
HIST_SCO_RSA_20020520,SCO,0,0.5,12,4,4,12,1,0,0.0
HIST_FRA_SEN_20020531,SEN,1,0.5,12,4,4,12,1,0,1.0
HIST_ENG_SWE_20020602,ENG,1,0.5,12,4,4,12,1,0,1.0
HIST_PAR_RSA_20020602,RSA,2,0.5,12,4,4,12,1,0,2.0
HIST_JPN_BEL_20020604,JPN,2,0.5,12,4,4,12,1,0,2.0
HIST_FRA_URU_20020606,FRA,0,0.5,12,4,4,12,1,0,0.0
HIST_RSA_ESP_20020612,ESP,3,0.5,12,4,4,12,1,0,3.0
HIST_MEX_ITA_20020613,ITA,1,0.5,12,4,4,12,1,0,1.0
HIST_SWE_SEN_20020616,SEN,2,0.5,12,4,4,12,1,0,2.0
HIST_GER_BRA_20020630,GER,0,0.5,12,4,4,12,1,0,0.0
HIST_IRN_PAR_20020919,IRN,1,0.5,12,4,4,12,1,0,1.0
HIST_SWE_POR_20021016,SWE,2,0.5,12,4,4,12,1,0,2.0
HIST_RSA_SEN_20021119,SEN,1,0.5,12,4,4,12,1,0,1.0
HIST_ENG_AUS_20030212,ENG,1,0.5,12,4,4,12,1,0,1.0
HIST_NED_ARG_20030212,NED,1,0.5,12,4,4,12,1,0,1.0
HIST_POR_BRA_20030329,BRA,1,0.5,12,4,4,12,1,0,1.0
HIST_ENG_TUR_20030402,ENG,2,0.5,12,4,4,12,1,0,2.0
HIST_MEX_BRA_20030430,MEX,0,0.5,12,4,4,12,1,0,0.0
HIST_GER_CAN_20030601,CAN,1,0.5,12,4,4,12,1,0,1.0
HIST_SCO_GER_20030607,SCO,1,0.5,12,4,4,12,1,0,1.0
HIST_BRA_TUR_20030623,TUR,2,0.5,12,4,4,12,1,0,2.0
HIST_JAM_PAR_20030709,PAR,0,0.5,12,4,4,12,1,0,0.0
HIST_MEX_BRA_20030713,BRA,0,0.5,12,4,4,12,1,0,0.0
HIST_GER_ITA_20030820,GER,0,0.5,12,4,4,12,1,0,0.0
HIST_ALG_QAT_20030904,ALG,1,0.5,12,4,4,12,1,0,1.0
HIST_TUR_ENG_20031011,ENG,0,0.5,12,4,4,12,1,0,0.0
HIST_BRA_JAM_20031012,BRA,1,0.5,12,4,4,12,1,0,1.0
HIST_SEN_CIV_20031115,SEN,1,0.5,12,4,4,12,1,0,1.0
HIST_ESP_NOR_20031115,ESP,2,0.5,12,4,4,12,1,0,2.0
HIST_MAR_ALG_20040208,MAR,3,0.5,12,4,4,12,1,0,3.0
HIST_TUN_MAR_20040214,TUN,2,0.5,12,4,4,12,1,0,2.0
HIST_IRN_QAT_20040218,QAT,1,0.5,12,4,4,12,1,0,1.0
HIST_POR_ITA_20040331,POR,1,0.5,12,4,4,12,1,0,1.0
HIST_KOR_PAR_20040428,PAR,0,0.5,12,4,4,12,1,0,0.0
HIST_ECU_COL_20040602,COL,1,0.5,12,4,4,12,1,0,1.0
HIST_COL_URU_20040606,COL,5,0.5,12,4,4,12,1,0,5.0
HIST_EGY_CIV_20040620,EGY,1,0.5,12,4,4,12,1,0,1.0
HIST_MEX_URU_20040707,MEX,2,0.5,12,4,4,12,1,0,2.0
HIST_BRA_PAR_20040714,BRA,1,0.5,12,4,4,12,1,0,1.0
HIST_KSA_IRQ_20040726,KSA,1,0.5,12,4,4,12,1,0,1.0
HIST_KSA_IRQ_20040726,IRQ,2,0.5,12,4,4,12,1,0,2.0
HIST_JPN_JOR_20040731,JPN,1,0.5,12,4,4,12,1,0,1.0
HIST_MAR_TUN_20040904,MAR,1,0.5,12,4,4,12,1,0,1.0
HIST_GHA_CPV_20040905,CPV,0,0.5,12,4,4,12,1,0,0.0
HIST_ARG_URU_20041009,URU,2,0.5,12,4,4,12,1,0,2.0
HIST_MEX_ECU_20041027,MEX,2,0.5,12,4,4,12,1,0,2.0
HIST_ECU_PAN_20050129,ECU,2,0.5,12,4,4,12,1,0,2.0
HIST_ENG_NED_20050209,NED,0,0.5,12,4,4,12,1,0,0.0
HIST_FRA_SUI_20050326,SUI,0,0.5,12,4,4,12,1,0,0.0
HIST_ARG_BRA_20050608,ARG,3,0.5,12,4,4,12,1,0,3.0
HIST_AUS_NZL_20050609,NZL,0,0.5,12,4,4,12,1,0,0.0
HIST_GER_AUS_20050615,GER,4,0.5,12,4,4,12,1,0,4.0
HIST_MEX_BRA_20050619,BRA,0,0.5,12,4,4,12,1,0,0.0
HIST_NOR_SUI_20050817,SUI,2,0.5,12,4,4,12,1,0,2.0
HIST_CRO_SWE_20051008,CRO,1,0.5,12,4,4,12,1,0,1.0
HIST_FRA_GER_20051112,GER,0,0.5,12,4,4,12,1,0,0.0
HIST_AUS_URU_20051116,AUS,1,0.5,12,4,4,12,1,0,1.0
HIST_AUS_URU_20051116,URU,0,0.5,12,4,4,12,1,0,0.0
HIST_EGY_CIV_20060210,CIV,0,0.5,12,4,4,12,1,0,0.0
HIST_NED_ECU_20060301,NED,1,0.5,12,4,4,12,1,0,1.0
HIST_TUR_CZE_20060301,TUR,2,0.5,12,4,4,12,1,0,2.0
HIST_JPN_ECU_20060330,ECU,0,0.5,12,4,4,12,1,0,0.0
HIST_JPN_SCO_20060513,SCO,0,0.5,12,4,4,12,1,0,0.0
HIST_USA_MAR_20060523,USA,0,0.5,12,4,4,12,1,0,0.0
HIST_BEL_TUR_20060524,BEL,3,0.5,12,4,4,12,1,0,3.0
HIST_BEL_TUR_20060524,TUR,3,0.5,12,4,4,12,1,0,3.0
HIST_ITA_GHA_20060612,GHA,0,0.5,12,4,4,12,1,0,0.0
HIST_USA_CZE_20060612,USA,0,0.5,12,4,4,12,1,0,0.0
HIST_SWE_PAR_20060615,SWE,1,0.5,12,4,4,12,1,0,1.0
HIST_ITA_USA_20060617,USA,1,0.5,12,4,4,12,1,0,1.0
HIST_POR_MEX_20060621,MEX,1,0.5,12,4,4,12,1,0,1.0
HIST_JPN_BRA_20060622,JPN,1,0.5,12,4,4,12,1,0,1.0
HIST_BRA_GHA_20060627,BRA,3,0.5,12,4,4,12,1,0,3.0
HIST_BRA_GHA_20060627,GHA,0,0.5,12,4,4,12,1,0,0.0
HIST_ESP_FRA_20060627,FRA,3,0.5,12,4,4,12,1,0,3.0
HIST_NOR_BRA_20060816,BRA,1,0.5,12,4,4,12,1,0,1.0
HIST_FRA_ITA_20060906,ITA,1,0.5,12,4,4,12,1,0,1.0
HIST_AUS_GHA_20061114,GHA,1,0.5,12,4,4,12,1,0,1.0
HIST_IRN_KOR_20061115,KOR,0,0.5,12,4,4,12,1,0,0.0
HIST_ITA_TUR_20061115,TUR,1,0.5,12,4,4,12,1,0,1.0
HIST_UZB_QAT_20061115,UZB,2,0.5,12,4,4,12,1,0,2.0
HIST_MAR_TUN_20070207,MAR,1,0.5,12,4,4,12,1,0,1.0
HIST_POR_BEL_20070324,POR,4,0.5,12,4,4,12,1,0,4.0
HIST_POR_BEL_20070324,BEL,0,0.5,12,4,4,12,1,0,0.0
HIST_BEL_POR_20070602,BEL,1,0.5,12,4,4,12,1,0,1.0
HIST_BEL_POR_20070602,POR,2,0.5,12,4,4,12,1,0,2.0
HIST_CPV_ALG_20070602,CPV,2,0.5,12,4,4,12,1,0,2.0
HIST_IRQ_IRN_20070624,IRQ,1,0.5,12,4,4,12,1,0,1.0
HIST_ARG_PAR_20070705,PAR,0,0.5,12,4,4,12,1,0,0.0
HIST_KOR_UZB_20070705,UZB,1,0.5,12,4,4,12,1,0,1.0
HIST_MEX_COL_20070822,MEX,0,0.5,12,4,4,12,1,0,0.0
HIST_ITA_FRA_20070908,FRA,0,0.5,12,4,4,12,1,0,0.0
HIST_MEX_BRA_20070912,BRA,3,0.5,12,4,4,12,1,0,3.0
HIST_SUI_USA_20071017,SUI,0,0.5,12,4,4,12,1,0,0.0
HIST_AUT_ENG_20071116,AUT,0,0.5,12,4,4,12,1,0,0.0
HIST_BRA_URU_20071121,URU,1,0.5,12,4,4,12,1,0,1.0
HIST_QAT_CIV_20071121,CIV,6,0.5,12,4,4,12,1,0,6.0
HIST_QAT_IRN_20080110,QAT,0,0.5,12,4,4,12,1,0,0.0
HIST_USA_SWE_20080119,USA,2,0.5,12,4,4,12,1,0,2.0
HIST_JPN_KOR_20080223,JPN,1,0.5,12,4,4,12,1,0,1.0
HIST_BEL_MAR_20080326,MAR,4,0.5,12,4,4,12,1,0,4.0
HIST_BRA_SWE_20080326,SWE,0,0.5,12,4,4,12,1,0,0.0
HIST_ECU_HAI_20080326,ECU,3,0.5,12,4,4,12,1,0,3.0
HIST_GHA_MEX_20080326,MEX,2,0.5,12,4,4,12,1,0,2.0
HIST_CIV_PAR_20080522,CIV,1,0.5,12,4,4,12,1,0,1.0
HIST_MEX_ARG_20080604,MEX,1,0.5,12,4,4,12,1,0,1.0
HIST_PAN_CAN_20080604,PAN,2,0.5,12,4,4,12,1,0,2.0
HIST_USA_ARG_20080608,ARG,0,0.5,12,4,4,12,1,0,0.0
HIST_NED_ITA_20080609,NED,3,0.5,12,4,4,12,1,0,3.0
HIST_QAT_AUS_20080614,QAT,1,0.5,12,4,4,12,1,0,1.0
HIST_SWE_ESP_20080614,SWE,1,0.5,12,4,4,12,1,0,1.0
HIST_ARG_ECU_20080615,ECU,1,0.5,12,4,4,12,1,0,1.0
HIST_KSA_IRN_20080906,IRN,1,0.5,12,4,4,12,1,0,1.0
HIST_AUS_QAT_20081015,AUS,4,0.5,12,4,4,12,1,0,4.0
HIST_JPN_UZB_20081015,JPN,1,0.5,12,4,4,12,1,0,1.0
HIST_QAT_IRN_20081109,QAT,0,0.5,12,4,4,12,1,0,0.0
HIST_QAT_JPN_20081119,JPN,3,0.5,12,4,4,12,1,0,3.0
HIST_KSA_KOR_20081119,KOR,2,0.5,12,4,4,12,1,0,2.0
HIST_EGY_GHA_20090211,GHA,2,0.5,12,4,4,12,1,0,2.0
HIST_JPN_AUS_20090211,AUS,0,0.5,12,4,4,12,1,0,0.0
HIST_KOR_IRQ_20090328,IRQ,1,0.5,12,4,4,12,1,0,1.0
HIST_AUS_UZB_20090401,UZB,0,0.5,12,4,4,12,1,0,0.0
HIST_EGY_ITA_20090618,EGY,1,0.5,12,4,4,12,1,0,1.0
HIST_EGY_ITA_20090618,ITA,0,0.5,12,4,4,12,1,0,0.0
HIST_IRQ_NZL_20090620,IRQ,0,0.5,12,4,4,12,1,0,0.0
HIST_RSA_ESP_20090628,ESP,3,0.5,12,4,4,12,1,0,3.0
HIST_CAN_JAM_20090703,JAM,0,0.5,12,4,4,12,1,0,0.0
HIST_USA_PAN_20090718,USA,2,0.5,12,4,4,12,1,0,2.0
HIST_USA_PAN_20090718,PAN,1,0.5,12,4,4,12,1,0,1.0
HIST_CZE_BEL_20090812,BEL,1,0.5,12,4,4,12,1,0,1.0
HIST_NED_JPN_20090905,NED,3,0.5,12,4,4,12,1,0,3.0
HIST_JPN_GHA_20090909,JPN,4,0.5,12,4,4,12,1,0,4.0
HIST_JOR_NZL_20090909,NZL,3,0.5,12,4,4,12,1,0,3.0
HIST_NOR_RSA_20091010,NOR,1,0.5,12,4,4,12,1,0,1.0
HIST_ITA_SWE_20091118,SWE,0,0.5,12,4,4,12,1,0,0.0
HIST_ALG_EGY_20100128,EGY,4,0.5,12,4,4,12,1,0,4.0
HIST_GHA_EGY_20100131,GHA,0,0.5,12,4,4,12,1,0,0.0
HIST_JAM_CAN_20100131,JAM,1,0.5,12,4,4,12,1,0,1.0
HIST_FRA_ESP_20100303,FRA,0,0.5,12,4,4,12,1,0,0.0
HIST_CIV_KOR_20100303,CIV,0,0.5,12,4,4,12,1,0,0.0
HIST_MEX_NZL_20100303,MEX,2,0.5,12,4,4,12,1,0,2.0
HIST_RSA_JAM_20100428,RSA,2,0.5,12,4,4,12,1,0,2.0
HIST_RSA_JAM_20100428,JAM,0,0.5,12,4,4,12,1,0,0.0
HIST_POR_CPV_20100524,POR,0,0.5,12,4,4,12,1,0,0.0
HIST_USA_CZE_20100525,CZE,4,0.5,12,4,4,12,1,0,4.0
HIST_ENG_ALG_20100618,ALG,0,0.5,12,4,4,12,1,0,0.0
HIST_PAR_NZL_20100624,PAR,0,0.5,12,4,4,12,1,0,0.0
HIST_POR_BRA_20100625,BRA,0,0.5,12,4,4,12,1,0,0.0
HIST_GER_ENG_20100627,GER,4,0.5,12,4,4,12,1,0,4.0
HIST_ARG_GER_20100703,GER,4,0.5,12,4,4,12,1,0,4.0
HIST_MEX_ECU_20100904,ECU,2,0.5,12,4,4,12,1,0,2.0
HIST_ARG_ESP_20100907,ESP,1,0.5,12,4,4,12,1,0,1.0
HIST_COL_ECU_20101008,ECU,0,0.5,12,4,4,12,1,0,0.0
HIST_CRO_NOR_20101012,NOR,1,0.5,12,4,4,12,1,0,1.0
HIST_FRA_CRO_20110329,CRO,0,0.5,12,4,4,12,1,0,0.0
HIST_MEX_NZL_20110601,MEX,3,0.5,12,4,4,12,1,0,3.0
HIST_BRA_NED_20110604,NED,0,0.5,12,4,4,12,1,0,0.0
HIST_ENG_SUI_20110604,ENG,2,0.5,12,4,4,12,1,0,2.0
HIST_MAR_ALG_20110604,MAR,4,0.5,12,4,4,12,1,0,4.0
HIST_URU_NED_20110608,URU,1,0.5,12,4,4,12,1,0,1.0
HIST_USA_PAN_20110611,USA,1,0.5,12,4,4,12,1,0,1.0
HIST_USA_PAN_20110611,PAN,2,0.5,12,4,4,12,1,0,2.0
HIST_COL_SEN_20110625,SEN,0,0.5,12,4,4,12,1,0,0.0
HIST_BRA_PAR_20110709,PAR,2,0.5,12,4,4,12,1,0,2.0
HIST_JOR_KSA_20110713,JOR,1,0.5,12,4,4,12,1,0,1.0
HIST_ARG_URU_20110716,ARG,1,0.5,12,4,4,12,1,0,1.0
HIST_BRA_PAR_20110717,PAR,0,0.5,12,4,4,12,1,0,0.0
HIST_GER_BRA_20110810,BRA,2,0.5,12,4,4,12,1,0,2.0
HIST_PAN_PAR_20110902,PAN,0,0.5,12,4,4,12,1,0,0.0
HIST_QAT_IRN_20110906,IRN,1,0.5,12,4,4,12,1,0,1.0
HIST_ENG_SWE_20111115,ENG,1,0.5,12,4,4,12,1,0,1.0
HIST_GER_NED_20111115,GER,3,0.5,12,4,4,12,1,0,3.0
HIST_ENG_NED_20120229,NED,3,0.5,12,4,4,12,1,0,3.0
HIST_JPN_UZB_20120229,UZB,1,0.5,12,4,4,12,1,0,1.0
HIST_USA_SCO_20120526,SCO,1,0.5,12,4,4,12,1,0,1.0
HIST_ENG_BEL_20120602,ENG,1,0.5,12,4,4,12,1,0,1.0
HIST_UZB_IRN_20120603,UZB,0,0.5,12,4,4,12,1,0,0.0
HIST_JPN_JOR_20120608,JPN,6,0.5,12,4,4,12,1,0,6.0
HIST_NED_GER_20120613,NED,1,0.5,12,4,4,12,1,0,1.0
HIST_CRO_ESP_20120618,ESP,1,0.5,12,4,4,12,1,0,1.0
HIST_FRA_URU_20120815,URU,0,0.5,12,4,4,12,1,0,0.0
HIST_GER_ARG_20120815,ARG,3,0.5,12,4,4,12,1,0,3.0
HIST_IRN_TUN_20120815,IRN,2,0.5,12,4,4,12,1,0,2.0
HIST_JOR_IRN_20120905,IRN,0,0.5,12,4,4,12,1,0,0.0
HIST_CIV_SEN_20120908,SEN,2,0.5,12,4,4,12,1,0,2.0
HIST_USA_JAM_20120911,USA,1,0.5,12,4,4,12,1,0,1.0
HIST_BRA_IRQ_20121011,IRQ,0,0.5,12,4,4,12,1,0,0.0
HIST_FRA_JPN_20121012,FRA,0,0.5,12,4,4,12,1,0,0.0
HIST_SWE_ENG_20121114,SWE,4,0.5,12,4,4,12,1,0,4.0
HIST_RSA_NOR_20130108,RSA,0,0.5,12,4,4,12,1,0,0.0
HIST_ALG_CIV_20130130,CIV,2,0.5,12,4,4,12,1,0,2.0
HIST_MEX_JAM_20130206,MEX,0,0.5,12,4,4,12,1,0,0.0
HIST_SWE_ARG_20130206,SWE,2,0.5,12,4,4,12,1,0,2.0
HIST_KOR_QAT_20130326,QAT,1,0.5,12,4,4,12,1,0,1.0
HIST_JAM_USA_20130607,JAM,1,0.5,12,4,4,12,1,0,1.0
HIST_KOR_IRN_20130618,KOR,0,0.5,12,4,4,12,1,0,0.0
HIST_JPN_MEX_20130622,JPN,1,0.5,12,4,4,12,1,0,1.0
HIST_PAN_CAN_20130714,CAN,0,0.5,12,4,4,12,1,0,0.0
HIST_KOR_JPN_20130728,KOR,1,0.5,12,4,4,12,1,0,1.0
HIST_USA_PAN_20130728,USA,1,0.5,12,4,4,12,1,0,1.0
HIST_USA_PAN_20130728,PAN,0,0.5,12,4,4,12,1,0,0.0
HIST_BEL_FRA_20130814,BEL,0,0.5,12,4,4,12,1,0,0.0
HIST_SUI_BRA_20130814,SUI,1,0.5,12,4,4,12,1,0,1.0
HIST_TUR_GHA_20130814,GHA,2,0.5,12,4,4,12,1,0,2.0
HIST_KSA_NZL_20130905,KSA,0,0.5,12,4,4,12,1,0,0.0
HIST_PAN_JAM_20130906,JAM,0,0.5,12,4,4,12,1,0,0.0
HIST_FRA_AUS_20131011,AUS,0,0.5,12,4,4,12,1,0,0.0
HIST_AUS_CAN_20131015,AUS,3,0.5,12,4,4,12,1,0,3.0
HIST_IRQ_KSA_20131015,IRQ,0,0.5,12,4,4,12,1,0,0.0
HIST_IRQ_KSA_20131015,KSA,2,0.5,12,4,4,12,1,0,2.0
HIST_AUT_URU_20140305,AUT,1,0.5,12,4,4,12,1,0,1.0
HIST_KOR_TUN_20140528,TUN,1,0.5,12,4,4,12,1,0,1.0
HIST_ENG_ITA_20140614,ENG,1,0.5,12,4,4,12,1,0,1.0
HIST_SUI_FRA_20140620,FRA,5,0.5,12,4,4,12,1,0,5.0
HIST_BRA_NED_20140712,NED,3,0.5,12,4,4,12,1,0,3.0
HIST_GER_SCO_20140907,GER,2,0.5,12,4,4,12,1,0,2.0
HIST_FRA_POR_20141011,POR,1,0.5,12,4,4,12,1,0,1.0
HIST_MEX_PAN_20141012,MEX,1,0.5,12,4,4,12,1,0,1.0
HIST_EGY_SEN_20141115,SEN,1,0.5,12,4,4,12,1,0,1.0
HIST_PAN_CAN_20141118,CAN,0,0.5,12,4,4,12,1,0,0.0
HIST_UZB_IRQ_20141225,IRQ,0,0.5,12,4,4,12,1,0,0.0
HIST_QAT_IRN_20150115,QAT,0,0.5,12,4,4,12,1,0,0.0
HIST_GHA_ALG_20150123,ALG,0,0.5,12,4,4,12,1,0,0.0
HIST_USA_PAN_20150208,USA,2,0.5,12,4,4,12,1,0,2.0
HIST_USA_PAN_20150208,PAN,0,0.5,12,4,4,12,1,0,0.0
HIST_KOR_NZL_20150331,NZL,0,0.5,12,4,4,12,1,0,0.0
HIST_GER_USA_20150610,GER,1,0.5,12,4,4,12,1,0,1.0
HIST_CRO_ITA_20150612,CRO,1,0.5,12,4,4,12,1,0,1.0
HIST_URU_JAM_20150613,JAM,0,0.5,12,4,4,12,1,0,0.0
HIST_ARG_COL_20150626,ARG,0,0.5,12,4,4,12,1,0,0.0
HIST_JAM_CAN_20150711,JAM,1,0.5,12,4,4,12,1,0,1.0
HIST_USA_PAN_20150713,USA,1,0.5,12,4,4,12,1,0,1.0
HIST_USA_PAN_20150713,PAN,1,0.5,12,4,4,12,1,0,1.0
HIST_USA_BRA_20150908,USA,1,0.5,12,4,4,12,1,0,1.0
HIST_JOR_AUS_20151008,JOR,2,0.5,12,4,4,12,1,0,2.0
HIST_AUS_JOR_20160329,JOR,1,0.5,12,4,4,12,1,0,1.0
HIST_MAR_CPV_20160329,CPV,0,0.5,12,4,4,12,1,0,0.0
HIST_PAN_HAI_20160329,PAN,1,0.5,12,4,4,12,1,0,1.0
HIST_URU_JAM_20160613,URU,3,0.5,12,4,4,12,1,0,3.0
HIST_FRA_SUI_20160619,FRA,0,0.5,12,4,4,12,1,0,0.0
HIST_GER_ITA_20160702,GER,1,0.5,12,4,4,12,1,0,1.0
HIST_FRA_GER_20160707,GER,0,0.5,12,4,4,12,1,0,0.0
HIST_FRA_POR_20160710,FRA,0,0.5,12,4,4,12,1,0,0.0
HIST_BEL_ESP_20160901,BEL,0,0.5,12,4,4,12,1,0,0.0
HIST_NOR_GER_20160904,NOR,0,0.5,12,4,4,12,1,0,0.0
HIST_SUI_POR_20160906,SUI,2,0.5,12,4,4,12,1,0,2.0
HIST_SUI_POR_20160906,POR,0,0.5,12,4,4,12,1,0,0.0
HIST_JPN_IRQ_20161006,JPN,2,0.5,12,4,4,12,1,0,2.0
HIST_JPN_IRQ_20161006,IRQ,1,0.5,12,4,4,12,1,0,1.0
HIST_UZB_IRN_20161006,IRN,1,0.5,12,4,4,12,1,0,1.0
HIST_SEN_CPV_20161008,SEN,2,0.5,12,4,4,12,1,0,2.0
HIST_COL_URU_20161011,COL,2,0.5,12,4,4,12,1,0,2.0
HIST_NED_BEL_20161109,NED,1,0.5,12,4,4,12,1,0,1.0
HIST_BRA_ARG_20161110,BRA,3,0.5,12,4,4,12,1,0,3.0
HIST_PAN_USA_20170328,PAN,1,0.5,12,4,4,12,1,0,1.0
HIST_PAN_USA_20170328,USA,1,0.5,12,4,4,12,1,0,1.0
HIST_TUN_EGY_20170611,TUN,1,0.5,12,4,4,12,1,0,1.0
HIST_AUS_BRA_20170613,AUS,0,0.5,12,4,4,12,1,0,0.0
HIST_USA_JAM_20170726,JAM,1,0.5,12,4,4,12,1,0,1.0
HIST_FRA_NED_20170831,FRA,4,0.5,12,4,4,12,1,0,4.0
HIST_KOR_IRN_20170831,IRN,0,0.5,12,4,4,12,1,0,0.0
HIST_CZE_GER_20170901,GER,2,0.5,12,4,4,12,1,0,2.0
HIST_USA_PAN_20171006,USA,4,0.5,12,4,4,12,1,0,4.0
HIST_USA_PAN_20171006,PAN,0,0.5,12,4,4,12,1,0,0.0
HIST_GER_FRA_20171114,GER,2,0.5,12,4,4,12,1,0,2.0
HIST_IRQ_QAT_20171226,QAT,1,0.5,12,4,4,12,1,0,1.0
HIST_TUN_IRN_20180323,TUN,1,0.5,12,4,4,12,1,0,1.0
HIST_FRA_USA_20180609,USA,1,0.5,12,4,4,12,1,0,1.0
HIST_AUT_BRA_20180610,BRA,3,0.5,12,4,4,12,1,0,3.0
HIST_EGY_URU_20180615,URU,1,0.5,12,4,4,12,1,0,1.0
HIST_TUN_ENG_20180618,ENG,2,0.5,12,4,4,12,1,0,2.0
HIST_SWE_SUI_20180703,SUI,0,0.5,12,4,4,12,1,0,0.0
HIST_CRO_ENG_20180711,CRO,2,0.5,12,4,4,12,1,0,2.0
HIST_USA_MEX_20180911,USA,1,0.5,12,4,4,12,1,0,1.0
HIST_KSA_BRA_20181012,KSA,0,0.5,12,4,4,12,1,0,0.0
HIST_NED_FRA_20181116,NED,2,0.5,12,4,4,12,1,0,2.0
HIST_FRA_URU_20181120,FRA,1,0.5,12,4,4,12,1,0,1.0
HIST_KOR_UZB_20181120,KOR,4,0.5,12,4,4,12,1,0,4.0
HIST_QAT_IRQ_20190122,QAT,1,0.5,12,4,4,12,1,0,1.0
HIST_BRA_QAT_20190605,BRA,2,0.5,12,4,4,12,1,0,2.0
HIST_CRO_TUN_20190611,TUN,2,0.5,12,4,4,12,1,0,2.0
HIST_PAR_QAT_20190616,QAT,2,0.5,12,4,4,12,1,0,2.0
HIST_CIV_RSA_20190624,CIV,1,0.5,12,4,4,12,1,0,1.0
HIST_USA_CUW_20190630,CUW,0,0.5,12,4,4,12,1,0,0.0
HIST_CIV_ALG_20190711,ALG,1,0.5,12,4,4,12,1,0,1.0
HIST_SEN_ALG_20190719,ALG,1,0.5,12,4,4,12,1,0,1.0
HIST_MEX_PAN_20191015,MEX,3,0.5,12,4,4,12,1,0,3.0
HIST_GHA_RSA_20191114,RSA,0,0.5,12,4,4,12,1,0,0.0
HIST_BRA_ARG_20191115,ARG,1,0.5,12,4,4,12,1,0,1.0
HIST_CZE_SCO_20200907,SCO,2,0.5,12,4,4,12,1,0,2.0
HIST_FRA_CRO_20200908,FRA,4,0.5,12,4,4,12,1,0,4.0
HIST_NED_MEX_20201007,NED,0,0.5,12,4,4,12,1,0,0.0
HIST_ESP_SUI_20201010,ESP,1,0.5,12,4,4,12,1,0,1.0
HIST_MEX_ALG_20201013,ALG,2,0.5,12,4,4,12,1,0,2.0
HIST_TUR_CRO_20201111,TUR,3,0.5,12,4,4,12,1,0,3.0
HIST_TUR_CRO_20201111,CRO,3,0.5,12,4,4,12,1,0,3.0
HIST_POR_FRA_20201114,POR,0,0.5,12,4,4,12,1,0,0.0
HIST_JOR_UZB_20210215,UZB,2,0.5,12,4,4,12,1,0,2.0
HIST_NED_SCO_20210602,SCO,2,0.5,12,4,4,12,1,0,2.0
HIST_ESP_POR_20210604,ESP,0,0.5,12,4,4,12,1,0,0.0
HIST_CAN_HAI_20210615,HAI,0,0.5,12,4,4,12,1,0,0.0
HIST_ITA_AUT_20210626,ITA,2,0.5,12,4,4,12,1,0,2.0
HIST_ITA_AUT_20210626,AUT,1,0.5,12,4,4,12,1,0,1.0
HIST_URU_COL_20210703,URU,0,0.5,12,4,4,12,1,0,0.0
HIST_ITA_ESP_20210706,ESP,1,0.5,12,4,4,12,1,0,1.0
HIST_BRA_ARG_20210710,ARG,1,0.5,12,4,4,12,1,0,1.0
HIST_HAI_CAN_20210715,HAI,1,0.5,12,4,4,12,1,0,1.0
HIST_USA_CAN_20210718,CAN,0,0.5,12,4,4,12,1,0,0.0
HIST_QAT_POR_20210904,POR,3,0.5,12,4,4,12,1,0,3.0
HIST_IRN_KOR_20211012,IRN,1,0.5,12,4,4,12,1,0,1.0
HIST_MEX_ECU_20211027,MEX,2,0.5,12,4,4,12,1,0,2.0
HIST_GHA_RSA_20211114,RSA,0,0.5,12,4,4,12,1,0,0.0
HIST_NED_NOR_20211116,NED,2,0.5,12,4,4,12,1,0,2.0
HIST_QAT_EGY_20211218,EGY,0,0.5,12,4,4,12,1,0,0.0
HIST_SEN_CPV_20220125,CPV,0,0.5,12,4,4,12,1,0,0.0
HIST_ECU_BRA_20220127,ECU,1,0.5,12,4,4,12,1,0,1.0
HIST_PAN_JAM_20220130,JAM,2,0.5,12,4,4,12,1,0,2.0
HIST_AUS_JPN_20220324,JPN,2,0.5,12,4,4,12,1,0,2.0
HIST_MAR_RSA_20220609,RSA,1,0.5,12,4,4,12,1,0,1.0
HIST_CAN_CUW_20220609,CAN,4,0.5,12,4,4,12,1,0,4.0
HIST_IRN_URU_20220923,URU,0,0.5,12,4,4,12,1,0,0.0
HIST_KSA_ECU_20220923,ECU,0,0.5,12,4,4,12,1,0,0.0
HIST_ARG_JAM_20220927,JAM,0,0.5,12,4,4,12,1,0,0.0
HIST_TUR_SCO_20221116,TUR,2,0.5,12,4,4,12,1,0,2.0
HIST_JPN_CAN_20221117,CAN,2,0.5,12,4,4,12,1,0,2.0
HIST_MAR_CRO_20221123,CRO,0,0.5,12,4,4,12,1,0,0.0
HIST_QAT_SEN_20221125,SEN,3,0.5,12,4,4,12,1,0,3.0
HIST_BRA_SUI_20221128,SUI,0,0.5,12,4,4,12,1,0,0.0
HIST_CAN_MAR_20221201,CAN,1,0.5,12,4,4,12,1,0,1.0
HIST_ENG_SEN_20221204,SEN,0,0.5,12,4,4,12,1,0,0.0
HIST_CRO_MAR_20221217,MAR,1,0.5,12,4,4,12,1,0,1.0
HIST_IRQ_QAT_20230116,QAT,1,0.5,12,4,4,12,1,0,1.0
HIST_FRA_NED_20230324,FRA,4,0.5,12,4,4,12,1,0,4.0
HIST_SWE_BEL_20230324,SWE,0,0.5,12,4,4,12,1,0,0.0
HIST_SCO_ESP_20230328,SCO,2,0.5,12,4,4,12,1,0,2.0
HIST_BEL_AUT_20230617,AUT,1,0.5,12,4,4,12,1,0,1.0
HIST_PAN_MEX_20230618,MEX,1,0.5,12,4,4,12,1,0,1.0
HIST_NED_ITA_20230618,ITA,3,0.5,12,4,4,12,1,0,3.0
HIST_ALG_TUN_20230620,ALG,1,0.5,12,4,4,12,1,0,1.0
HIST_BRA_SEN_20230620,SEN,4,0.5,12,4,4,12,1,0,4.0
HIST_UZB_IRN_20230620,UZB,0,0.5,12,4,4,12,1,0,0.0
HIST_USA_PAN_20230712,USA,1,0.5,12,4,4,12,1,0,1.0
HIST_USA_PAN_20230712,PAN,1,0.5,12,4,4,12,1,0,1.0
HIST_NOR_JOR_20230907,NOR,6,0.5,12,4,4,12,1,0,6.0
HIST_SEN_ALG_20230912,ALG,1,0.5,12,4,4,12,1,0,1.0
HIST_ARG_PAR_20231012,ARG,1,0.5,12,4,4,12,1,0,1.0
HIST_CIV_RSA_20231017,CIV,1,0.5,12,4,4,12,1,0,1.0
HIST_AUT_GER_20231121,GER,0,0.5,12,4,4,12,1,0,0.0
HIST_QAT_JOR_20240210,QAT,3,0.5,12,4,4,12,1,0,3.0
HIST_ECU_ITA_20240324,ECU,0,0.5,12,4,4,12,1,0,0.0
HIST_IRN_UZB_20240611,UZB,0,0.5,12,4,4,12,1,0,0.0
HIST_USA_PAN_20240627,USA,1,0.5,12,4,4,12,1,0,1.0
HIST_USA_PAN_20240627,PAN,2,0.5,12,4,4,12,1,0,2.0
HIST_SUI_ITA_20240629,SUI,2,0.5,12,4,4,12,1,0,2.0
HIST_ARG_ECU_20240704,ECU,1,0.5,12,4,4,12,1,0,1.0
HIST_POR_FRA_20240705,POR,0,0.5,12,4,4,12,1,0,0.0
HIST_ARG_CAN_20240709,CAN,0,0.5,12,4,4,12,1,0,0.0
HIST_BRA_ECU_20240906,ECU,0,0.5,12,4,4,12,1,0,0.0
HIST_FRA_BEL_20240909,FRA,2,0.5,12,4,4,12,1,0,2.0
HIST_PAR_BRA_20240910,PAR,1,0.5,12,4,4,12,1,0,1.0
HIST_ECU_PAR_20241010,PAR,0,0.5,12,4,4,12,1,0,0.0
HIST_UZB_IRN_20241010,UZB,0,0.5,12,4,4,12,1,0,0.0
HIST_JAM_USA_20241114,USA,1,0.5,12,4,4,12,1,0,1.0
HIST_ITA_FRA_20241117,FRA,3,0.5,12,4,4,12,1,0,3.0
HIST_PAR_URU_20250605,PAR,2,0.5,12,4,4,12,1,0,2.0
HIST_PAR_URU_20250605,URU,0,0.5,12,4,4,12,1,0,0.0
HIST_USA_TUR_20250607,TUR,2,0.5,12,4,4,12,1,0,2.0
HIST_USA_KSA_20250619,KSA,0,0.5,12,4,4,12,1,0,0.0
HIST_PAR_ECU_20250904,PAR,0,0.5,12,4,4,12,1,0,0.0
HIST_MEX_URU_20251115,MEX,0,0.5,12,4,4,12,1,0,0.0
HIST_MAR_ECU_20260327,ECU,1,0.5,12,4,4,12,1,0,1.0
HIST_NED_NOR_20260327,NED,2,0.5,12,4,4,12,1,0,2.0
HIST_CIV_SCO_20260331,SCO,0,0.5,12,4,4,12,1,0,0.0
HIST_ESP_EGY_20260331,ESP,0,0.5,12,4,4,12,1,0,0.0
HIST_MEX_GHA_20260522,MEX,2,0.5,12,4,4,12,1,0,2.0
HIST_ECU_KSA_20260530,ECU,2,0.5,12,4,4,12,1,0,2.0
HIST_BEL_TUN_20260606,BEL,5,0.5,12,4,4,12,1,0,5.0
HIST_KSA_SEN_20260609,SEN,0,0.5,12,4,4,12,1,0,0.0
HIST_GHA_TUN_20000118,TUN,0,0.5,12,4,4,12,1,0,0.0
HIST_TUN_MAR_20000129,MAR,0,0.5,12,4,4,12,1,0,0.0
HIST_RSA_ALG_20000202,ALG,1,0.5,12,4,4,12,1,0,1.0
HIST_USA_HAI_20000212,HAI,0,0.5,12,4,4,12,1,0,0.0
HIST_ENG_ARG_20000223,ENG,0,0.5,12,4,4,12,1,0,0.0
HIST_USA_TUN_20000312,USA,1,0.5,12,4,4,12,1,0,1.0
HIST_AUT_CRO_20000426,AUT,1,0.5,12,4,4,12,1,0,1.0
HIST_CRO_FRA_20000528,FRA,2,0.5,12,4,4,12,1,0,2.0
HIST_GER_CZE_20000603,CZE,2,0.5,12,4,4,12,1,0,2.0
HIST_SWE_ESP_20000603,SWE,1,0.5,12,4,4,12,1,0,1.0
HIST_EGY_KOR_20000609,KOR,1,0.5,12,4,4,12,1,0,1.0
HIST_BEL_ITA_20000614,ITA,2,0.5,12,4,4,12,1,0,2.0
HIST_SWE_TUR_20000615,SWE,0,0.5,12,4,4,12,1,0,0.0
HIST_EGY_CIV_20000902,EGY,1,0.5,12,4,4,12,1,0,1.0
HIST_URU_ECU_20000903,ECU,0,0.5,12,4,4,12,1,0,0.0
HIST_JOR_KSA_20001002,JOR,1,0.5,12,4,4,12,1,0,1.0
HIST_CRO_SCO_20001011,CRO,1,0.5,12,4,4,12,1,0,1.0
HIST_QAT_UZB_20001014,UZB,1,0.5,12,4,4,12,1,0,1.0
HIST_SUI_SWE_20010425,SUI,0,0.5,12,4,4,12,1,0,0.0
HIST_JOR_UZB_20010507,JOR,1,0.5,12,4,4,12,1,0,1.0
HIST_KOR_MEX_20010601,MEX,1,0.5,12,4,4,12,1,0,1.0
HIST_NZL_AUS_20010620,NZL,0,0.5,12,4,4,12,1,0,0.0
HIST_MAR_EGY_20010630,EGY,0,0.5,12,4,4,12,1,0,0.0
HIST_JPN_PAR_20010701,PAR,0,0.5,12,4,4,12,1,0,0.0
HIST_MEX_USA_20010701,USA,0,0.5,12,4,4,12,1,0,0.0
HIST_URU_BRA_20010701,URU,1,0.5,12,4,4,12,1,0,1.0
HIST_BRA_PAR_20010718,BRA,3,0.5,12,4,4,12,1,0,3.0
HIST_ECU_ARG_20010815,ECU,0,0.5,12,4,4,12,1,0,0.0
HIST_JPN_ITA_20011107,ITA,1,0.5,12,4,4,12,1,0,1.0
HIST_AUT_TUR_20011110,TUR,1,0.5,12,4,4,12,1,0,1.0
HIST_KOR_CRO_20011110,CRO,0,0.5,12,4,4,12,1,0,0.0
HIST_RSA_EGY_20011110,RSA,1,0.5,12,4,4,12,1,0,1.0
HIST_AUS_FRA_20011111,AUS,1,0.5,12,4,4,12,1,0,1.0
HIST_URU_ARG_20011114,URU,1,0.5,12,4,4,12,1,0,1.0
HIST_EGY_GHA_20020104,EGY,2,0.5,12,4,4,12,1,0,2.0
HIST_MEX_KOR_20020127,KOR,0,0.5,12,4,4,12,1,0,0.0
HIST_ITA_USA_20020213,USA,0,0.5,12,4,4,12,1,0,0.0
HIST_USA_ECU_20020310,ECU,0,0.5,12,4,4,12,1,0,0.0
HIST_ECU_RSA_20020417,ECU,0,0.5,12,4,4,12,1,0,0.0
HIST_ENG_PAR_20020417,ENG,4,0.5,12,4,4,12,1,0,4.0
HIST_MEX_COL_20020512,MEX,2,0.5,12,4,4,12,1,0,2.0
HIST_USA_URU_20020512,USA,2,0.5,12,4,4,12,1,0,2.0
HIST_USA_JAM_20020516,USA,5,0.5,12,4,4,12,1,0,5.0
HIST_SWE_PAR_20020517,PAR,2,0.5,12,4,4,12,1,0,2.0
HIST_FRA_BEL_20020518,BEL,2,0.5,12,4,4,12,1,0,2.0
HIST_KOR_ENG_20020521,KOR,1,0.5,12,4,4,12,1,0,1.0
HIST_GER_KSA_20020601,KSA,0,0.5,12,4,4,12,1,0,0.0
HIST_BRA_TUR_20020603,BRA,2,0.5,12,4,4,12,1,0,2.0
HIST_ITA_CRO_20020608,CRO,2,0.5,12,4,4,12,1,0,2.0
HIST_KOR_USA_20020610,USA,1,0.5,12,4,4,12,1,0,1.0
HIST_SEN_URU_20020611,URU,3,0.5,12,4,4,12,1,0,3.0
HIST_SWE_ARG_20020612,ARG,1,0.5,12,4,4,12,1,0,1.0
HIST_NOR_NED_20020821,NED,1,0.5,12,4,4,12,1,0,1.0
HIST_ENG_POR_20020907,ENG,1,0.5,12,4,4,12,1,0,1.0
HIST_POR_TUN_20021012,POR,1,0.5,12,4,4,12,1,0,1.0
HIST_ESP_PAR_20021016,PAR,0,0.5,12,4,4,12,1,0,0.0
HIST_SWE_POR_20021016,POR,3,0.5,12,4,4,12,1,0,3.0
HIST_GER_NED_20021120,GER,1,0.5,12,4,4,12,1,0,1.0
HIST_JPN_ARG_20021120,JPN,0,0.5,12,4,4,12,1,0,0.0
HIST_EGY_GHA_20021222,GHA,0,0.5,12,4,4,12,1,0,0.0
HIST_URU_IRN_20030204,IRN,1,0.5,12,4,4,12,1,0,1.0
HIST_JAM_USA_20030212,JAM,1,0.5,12,4,4,12,1,0,1.0
HIST_QAT_SWE_20030216,QAT,2,0.5,12,4,4,12,1,0,2.0
HIST_QAT_SWE_20030216,SWE,3,0.5,12,4,4,12,1,0,3.0
HIST_KOR_COL_20030329,KOR,0,0.5,12,4,4,12,1,0,0.0
HIST_USA_MEX_20030508,USA,0,0.5,12,4,4,12,1,0,0.0
HIST_FRA_COL_20030618,COL,0,0.5,12,4,4,12,1,0,0.0
HIST_COL_NZL_20030620,COL,3,0.5,12,4,4,12,1,0,3.0
HIST_RSA_CIV_20030622,CIV,1,0.5,12,4,4,12,1,0,1.0
HIST_MEX_BRA_20030727,MEX,1,0.5,12,4,4,12,1,0,1.0
HIST_NOR_SCO_20030820,NOR,0,0.5,12,4,4,12,1,0,0.0
HIST_NED_AUT_20030906,AUT,1,0.5,12,4,4,12,1,0,1.0
HIST_GER_SCO_20030910,SCO,1,0.5,12,4,4,12,1,0,1.0
HIST_PAR_ECU_20031115,PAR,2,0.5,12,4,4,12,1,0,2.0
HIST_QAT_IRQ_20031221,QAT,0,0.5,12,4,4,12,1,0,0.0
HIST_JAM_URU_20040218,URU,0,0.5,12,4,4,12,1,0,0.0
HIST_UZB_IRQ_20040218,IRQ,1,0.5,12,4,4,12,1,0,1.0
HIST_AUS_RSA_20040330,AUS,1,0.5,12,4,4,12,1,0,1.0
HIST_TUN_CIV_20040331,TUN,0,0.5,12,4,4,12,1,0,0.0
HIST_ALG_JOR_20040530,ALG,1,0.5,12,4,4,12,1,0,1.0
HIST_TUN_ITA_20040530,ITA,4,0.5,12,4,4,12,1,0,4.0
HIST_SUI_CRO_20040613,SUI,0,0.5,12,4,4,12,1,0,0.0
HIST_SUI_CRO_20040613,CRO,0,0.5,12,4,4,12,1,0,0.0
HIST_GHA_RSA_20040620,GHA,3,0.5,12,4,4,12,1,0,3.0
HIST_JPN_JOR_20040731,JOR,1,0.5,12,4,4,12,1,0,1.0
HIST_JPN_ARG_20040818,ARG,2,0.5,12,4,4,12,1,0,2.0
HIST_NOR_BEL_20040818,BEL,2,0.5,12,4,4,12,1,0,2.0
HIST_USA_JAM_20041117,USA,1,0.5,12,4,4,12,1,0,1.0
HIST_IRN_JPN_20050325,JPN,1,0.5,12,4,4,12,1,0,1.0
HIST_FRA_SUI_20050326,FRA,0,0.5,12,4,4,12,1,0,0.0
HIST_POR_CAN_20050326,POR,4,0.5,12,4,4,12,1,0,4.0
HIST_PAN_MEX_20050330,PAN,1,0.5,12,4,4,12,1,0,1.0
HIST_RSA_GHA_20050618,RSA,0,0.5,12,4,4,12,1,0,0.0
HIST_GER_ARG_20050621,ARG,2,0.5,12,4,4,12,1,0,2.0
HIST_JPN_BRA_20050622,JPN,2,0.5,12,4,4,12,1,0,2.0
HIST_BEL_ESP_20051008,ESP,2,0.5,12,4,4,12,1,0,2.0
HIST_CRO_SWE_20051008,SWE,0,0.5,12,4,4,12,1,0,0.0
HIST_PAR_COL_20051012,COL,1,0.5,12,4,4,12,1,0,1.0
HIST_FRA_GER_20051112,FRA,0,0.5,12,4,4,12,1,0,0.0
HIST_KOR_SWE_20051112,SWE,2,0.5,12,4,4,12,1,0,2.0
HIST_EGY_TUN_20051116,TUN,2,0.5,12,4,4,12,1,0,2.0
HIST_IRQ_KSA_20051205,IRQ,5,0.5,12,4,4,12,1,0,5.0
HIST_IRQ_KSA_20051205,KSA,1,0.5,12,4,4,12,1,0,1.0
HIST_CIV_JOR_20060117,CIV,2,0.5,12,4,4,12,1,0,2.0
HIST_USA_NOR_20060129,NOR,0,0.5,12,4,4,12,1,0,0.0
HIST_ARG_CRO_20060301,CRO,3,0.5,12,4,4,12,1,0,3.0
HIST_ENG_URU_20060301,URU,1,0.5,12,4,4,12,1,0,1.0
HIST_TUR_CZE_20060301,CZE,2,0.5,12,4,4,12,1,0,2.0
HIST_COL_ECU_20060524,ECU,1,0.5,12,4,4,12,1,0,1.0
HIST_CZE_KSA_20060526,KSA,0,0.5,12,4,4,12,1,0,0.0
HIST_FRA_MEX_20060527,MEX,0,0.5,12,4,4,12,1,0,0.0
HIST_JAM_GHA_20060529,JAM,1,0.5,12,4,4,12,1,0,1.0
HIST_COL_MAR_20060604,MAR,0,0.5,12,4,4,12,1,0,0.0
HIST_AUS_JPN_20060612,AUS,3,0.5,12,4,4,12,1,0,3.0
HIST_NED_CIV_20060616,CIV,1,0.5,12,4,4,12,1,0,1.0
HIST_ARG_BRA_20060903,BRA,3,0.5,12,4,4,12,1,0,3.0
HIST_KSA_JPN_20060903,KSA,1,0.5,12,4,4,12,1,0,1.0
HIST_KSA_JPN_20060903,JPN,0,0.5,12,4,4,12,1,0,0.0
HIST_SCO_FRA_20061007,FRA,0,0.5,12,4,4,12,1,0,0.0
HIST_SWE_ESP_20061007,ESP,0,0.5,12,4,4,12,1,0,0.0
HIST_QAT_IRQ_20070118,QAT,0,0.5,12,4,4,12,1,0,0.0
HIST_HAI_PAN_20070324,HAI,3,0.5,12,4,4,12,1,0,3.0
HIST_COL_PAR_20070328,PAR,0,0.5,12,4,4,12,1,0,0.0
HIST_FRA_AUT_20070328,FRA,1,0.5,12,4,4,12,1,0,1.0
HIST_AUT_PAR_20070602,PAR,0,0.5,12,4,4,12,1,0,0.0
HIST_MEX_IRN_20070602,IRN,0,0.5,12,4,4,12,1,0,0.0
HIST_HAI_CAN_20070611,HAI,0,0.5,12,4,4,12,1,0,0.0
HIST_USA_CAN_20070621,USA,2,0.5,12,4,4,12,1,0,2.0
HIST_COL_USA_20070705,COL,1,0.5,12,4,4,12,1,0,1.0
HIST_COL_USA_20070705,USA,0,0.5,12,4,4,12,1,0,0.0
HIST_MEX_PAR_20070708,PAR,0,0.5,12,4,4,12,1,0,0.0
HIST_URU_BRA_20070710,URU,2,0.5,12,4,4,12,1,0,2.0
HIST_IRQ_AUS_20070713,IRQ,3,0.5,12,4,4,12,1,0,3.0
HIST_GHA_SEN_20070821,GHA,1,0.5,12,4,4,12,1,0,1.0
HIST_CIV_EGY_20070822,CIV,0,0.5,12,4,4,12,1,0,0.0
HIST_AUT_JPN_20070907,AUT,0,0.5,12,4,4,12,1,0,0.0
HIST_MEX_PAN_20070909,PAN,0,0.5,12,4,4,12,1,0,0.0
HIST_FRA_SCO_20070912,FRA,0,0.5,12,4,4,12,1,0,0.0
HIST_TUN_RSA_20080127,TUN,3,0.5,12,4,4,12,1,0,3.0
HIST_TUN_RSA_20080127,RSA,1,0.5,12,4,4,12,1,0,1.0
HIST_JPN_KOR_20080223,KOR,1,0.5,12,4,4,12,1,0,1.0
HIST_AUT_NED_20080326,AUT,3,0.5,12,4,4,12,1,0,3.0
HIST_FRA_ENG_20080326,FRA,1,0.5,12,4,4,12,1,0,1.0
HIST_QAT_IRQ_20080326,QAT,2,0.5,12,4,4,12,1,0,2.0
HIST_ESP_ITA_20080326,ITA,0,0.5,12,4,4,12,1,0,0.0
HIST_TUR_URU_20080525,URU,3,0.5,12,4,4,12,1,0,3.0
HIST_JPN_PAR_20080527,JPN,0,0.5,12,4,4,12,1,0,0.0
HIST_SEN_ALG_20080531,ALG,0,0.5,12,4,4,12,1,0,0.0
HIST_NED_FRA_20080613,FRA,1,0.5,12,4,4,12,1,0,1.0
HIST_ECU_COL_20080618,COL,0,0.5,12,4,4,12,1,0,0.0
HIST_CRO_ENG_20080910,ENG,4,0.5,12,4,4,12,1,0,4.0
HIST_UZB_AUS_20080910,AUS,1,0.5,12,4,4,12,1,0,1.0
HIST_COL_PAR_20081011,COL,0,0.5,12,4,4,12,1,0,0.0
HIST_SCO_NOR_20081011,NOR,0,0.5,12,4,4,12,1,0,0.0
HIST_KSA_KOR_20081119,KSA,0,0.5,12,4,4,12,1,0,0.0
HIST_USA_SWE_20090124,SWE,2,0.5,12,4,4,12,1,0,2.0
HIST_MAR_CZE_20090211,CZE,0,0.5,12,4,4,12,1,0,0.0
HIST_KOR_IRQ_20090328,KOR,2,0.5,12,4,4,12,1,0,2.0
HIST_ESP_TUR_20090328,ESP,1,0.5,12,4,4,12,1,0,1.0
HIST_JAM_HAI_20090523,JAM,2,0.5,12,4,4,12,1,0,2.0
HIST_ITA_NZL_20090610,ITA,4,0.5,12,4,4,12,1,0,4.0
HIST_ITA_BRA_20090621,ITA,0,0.5,12,4,4,12,1,0,0.0
HIST_RSA_BRA_20090625,BRA,1,0.5,12,4,4,12,1,0,1.0
HIST_USA_MEX_20090726,MEX,5,0.5,12,4,4,12,1,0,5.0
HIST_CZE_BEL_20090812,CZE,3,0.5,12,4,4,12,1,0,3.0
HIST_NED_JPN_20090905,JPN,0,0.5,12,4,4,12,1,0,0.0
HIST_ENG_CRO_20090909,ENG,5,0.5,12,4,4,12,1,0,5.0
HIST_AUS_NED_20091010,AUS,0,0.5,12,4,4,12,1,0,0.0
HIST_BEL_TUR_20091010,BEL,2,0.5,12,4,4,12,1,0,2.0
HIST_BEL_TUR_20091010,TUR,0,0.5,12,4,4,12,1,0,0.0
HIST_ECU_URU_20091010,URU,2,0.5,12,4,4,12,1,0,2.0
HIST_JPN_SCO_20091010,SCO,0,0.5,12,4,4,12,1,0,0.0
HIST_URU_ARG_20091014,ARG,1,0.5,12,4,4,12,1,0,1.0
HIST_BRA_ENG_20091114,ENG,0,0.5,12,4,4,12,1,0,0.0
HIST_ITA_NED_20091114,NED,0,0.5,12,4,4,12,1,0,0.0
HIST_JOR_IRN_20091122,IRN,0,0.5,12,4,4,12,1,0,0.0
HIST_SUI_URU_20100303,URU,3,0.5,12,4,4,12,1,0,3.0
HIST_ARG_CAN_20100524,CAN,0,0.5,12,4,4,12,1,0,0.0
HIST_AUS_USA_20100605,USA,3,0.5,12,4,4,12,1,0,3.0
HIST_RSA_MEX_20100611,MEX,1,0.5,12,4,4,12,1,0,1.0
HIST_RSA_URU_20100616,URU,3,0.5,12,4,4,12,1,0,3.0
HIST_ENG_ALG_20100618,ENG,0,0.5,12,4,4,12,1,0,0.0
HIST_RSA_FRA_20100622,RSA,2,0.5,12,4,4,12,1,0,2.0
HIST_USA_GHA_20100626,GHA,2,0.5,12,4,4,12,1,0,2.0
HIST_PAR_JPN_20100629,PAR,0,0.5,12,4,4,12,1,0,0.0
HIST_NOR_FRA_20100811,NOR,2,0.5,12,4,4,12,1,0,2.0
HIST_JPN_ARG_20101008,JPN,1,0.5,12,4,4,12,1,0,1.0
HIST_ENG_FRA_20101117,ENG,1,0.5,12,4,4,12,1,0,1.0
HIST_RSA_USA_20101117,USA,1,0.5,12,4,4,12,1,0,1.0
HIST_KSA_IRQ_20101228,KSA,0,0.5,12,4,4,12,1,0,0.0
HIST_KSA_IRQ_20101228,IRQ,1,0.5,12,4,4,12,1,0,1.0
HIST_JOR_UZB_20110102,UZB,2,0.5,12,4,4,12,1,0,2.0
HIST_UZB_KOR_20110128,UZB,2,0.5,12,4,4,12,1,0,2.0
HIST_GER_ITA_20110209,ITA,1,0.5,12,4,4,12,1,0,1.0
HIST_FRA_CRO_20110329,FRA,0,0.5,12,4,4,12,1,0,0.0
HIST_GER_AUS_20110329,AUS,2,0.5,12,4,4,12,1,0,2.0
HIST_ARG_PAR_20110525,ARG,4,0.5,12,4,4,12,1,0,4.0
HIST_USA_PAN_20110622,USA,1,0.5,12,4,4,12,1,0,1.0
HIST_USA_PAN_20110622,PAN,0,0.5,12,4,4,12,1,0,0.0
HIST_URU_MEX_20110712,URU,1,0.5,12,4,4,12,1,0,1.0
HIST_JOR_KSA_20110713,KSA,1,0.5,12,4,4,12,1,0,1.0
HIST_BEL_USA_20110906,USA,0,0.5,12,4,4,12,1,0,0.0
HIST_MEX_BRA_20111011,MEX,1,0.5,12,4,4,12,1,0,1.0
HIST_ALG_TUN_20111112,ALG,1,0.5,12,4,4,12,1,0,1.0
HIST_RSA_CIV_20111112,CIV,1,0.5,12,4,4,12,1,0,1.0
HIST_BRA_EGY_20111114,BRA,2,0.5,12,4,4,12,1,0,2.0
HIST_SUI_ARG_20120229,ARG,3,0.5,12,4,4,12,1,0,3.0
HIST_JAM_PAN_20120527,PAN,1,0.5,12,4,4,12,1,0,1.0
HIST_USA_BRA_20120530,USA,1,0.5,12,4,4,12,1,0,1.0
HIST_MEX_BRA_20120603,BRA,0,0.5,12,4,4,12,1,0,0.0
HIST_JPN_JOR_20120608,JOR,0,0.5,12,4,4,12,1,0,0.0
HIST_QAT_KOR_20120608,QAT,1,0.5,12,4,4,12,1,0,1.0
HIST_AUS_JPN_20120612,AUS,1,0.5,12,4,4,12,1,0,1.0
HIST_IRN_QAT_20120612,IRN,0,0.5,12,4,4,12,1,0,0.0
HIST_KSA_MAR_20120618,MAR,0,0.5,12,4,4,12,1,0,0.0
HIST_POR_PAN_20120815,POR,2,0.5,12,4,4,12,1,0,2.0
HIST_ESP_KSA_20120907,KSA,0,0.5,12,4,4,12,1,0,0.0
HIST_ARG_URU_20121012,URU,0,0.5,12,4,4,12,1,0,0.0
HIST_SUI_NOR_20121012,SUI,1,0.5,12,4,4,12,1,0,1.0
HIST_BEL_SCO_20121016,BEL,2,0.5,12,4,4,12,1,0,2.0
HIST_BRA_COL_20121114,BRA,1,0.5,12,4,4,12,1,0,1.0
HIST_TUN_SUI_20121114,SUI,2,0.5,12,4,4,12,1,0,2.0
HIST_CIV_EGY_20130114,CIV,4,0.5,12,4,4,12,1,0,4.0
HIST_MAR_CPV_20130123,CPV,1,0.5,12,4,4,12,1,0,1.0
HIST_ECU_GER_20130529,ECU,2,0.5,12,4,4,12,1,0,2.0
HIST_ECU_GER_20130529,GER,4,0.5,12,4,4,12,1,0,4.0
HIST_USA_BEL_20130529,BEL,4,0.5,12,4,4,12,1,0,4.0
HIST_JPN_AUS_20130604,AUS,1,0.5,12,4,4,12,1,0,1.0
HIST_QAT_IRN_20130604,QAT,0,0.5,12,4,4,12,1,0,0.0
HIST_PAN_MEX_20130607,MEX,0,0.5,12,4,4,12,1,0,0.0
HIST_GHA_CIV_20130614,GHA,1,0.5,12,4,4,12,1,0,1.0
HIST_GHA_CIV_20130614,CIV,1,0.5,12,4,4,12,1,0,1.0
HIST_AUS_IRQ_20130618,AUS,1,0.5,12,4,4,12,1,0,1.0
HIST_JPN_AUS_20130725,AUS,2,0.5,12,4,4,12,1,0,2.0
HIST_KOR_JPN_20130728,JPN,2,0.5,12,4,4,12,1,0,2.0
HIST_BEL_FRA_20130814,FRA,0,0.5,12,4,4,12,1,0,0.0
HIST_JPN_GHA_20130910,JPN,3,0.5,12,4,4,12,1,0,3.0
HIST_PAR_ARG_20130910,PAR,2,0.5,12,4,4,12,1,0,2.0
HIST_PAR_COL_20131015,PAR,1,0.5,12,4,4,12,1,0,1.0
HIST_TUR_NED_20131015,TUR,0,0.5,12,4,4,12,1,0,0.0
HIST_NED_COL_20131119,COL,0,0.5,12,4,4,12,1,0,0.0
HIST_COL_TUN_20140305,TUN,1,0.5,12,4,4,12,1,0,1.0
HIST_FRA_NOR_20140527,NOR,0,0.5,12,4,4,12,1,0,0.0
HIST_KOR_TUN_20140528,KOR,0,0.5,12,4,4,12,1,0,0.0
HIST_BRA_PAN_20140603,BRA,4,0.5,12,4,4,12,1,0,4.0
HIST_CZE_AUT_20140603,AUT,2,0.5,12,4,4,12,1,0,2.0
HIST_GHA_USA_20140616,USA,2,0.5,12,4,4,12,1,0,2.0
HIST_URU_ENG_20140619,URU,2,0.5,12,4,4,12,1,0,2.0
HIST_SUI_FRA_20140620,SUI,2,0.5,12,4,4,12,1,0,2.0
HIST_AUS_ESP_20140623,AUS,0,0.5,12,4,4,12,1,0,0.0
HIST_JPN_COL_20140624,JPN,1,0.5,12,4,4,12,1,0,1.0
HIST_KOR_BEL_20140626,BEL,1,0.5,12,4,4,12,1,0,1.0
HIST_POR_GHA_20140626,GHA,1,0.5,12,4,4,12,1,0,1.0
HIST_AUS_KSA_20140908,AUS,3,0.5,12,4,4,12,1,0,3.0
HIST_UZB_NZL_20140908,NZL,1,0.5,12,4,4,12,1,0,1.0
HIST_NOR_ITA_20140909,NOR,0,0.5,12,4,4,12,1,0,0.0
HIST_QAT_UZB_20141006,QAT,3,0.5,12,4,4,12,1,0,3.0
HIST_KSA_URU_20141010,KSA,1,0.5,12,4,4,12,1,0,1.0
HIST_FRA_POR_20141011,FRA,2,0.5,12,4,4,12,1,0,2.0
HIST_KSA_QAT_20141113,QAT,1,0.5,12,4,4,12,1,0,1.0
HIST_EGY_SEN_20141115,EGY,0,0.5,12,4,4,12,1,0,0.0
HIST_UZB_JOR_20141221,JOR,1,0.5,12,4,4,12,1,0,1.0
HIST_UZB_IRQ_20141228,UZB,0,0.5,12,4,4,12,1,0,0.0
HIST_TUN_ALG_20150111,ALG,1,0.5,12,4,4,12,1,0,1.0
HIST_AUS_KOR_20150117,KOR,1,0.5,12,4,4,12,1,0,1.0
HIST_UZB_KSA_20150118,UZB,3,0.5,12,4,4,12,1,0,3.0
HIST_ARG_ECU_20150331,ARG,2,0.5,12,4,4,12,1,0,2.0
HIST_ITA_ENG_20150331,ITA,1,0.5,12,4,4,12,1,0,1.0
HIST_SCO_QAT_20150605,SCO,1,0.5,12,4,4,12,1,0,1.0
HIST_ALG_SEN_20151013,ALG,1,0.5,12,4,4,12,1,0,1.0
HIST_BEL_ITA_20151113,BEL,3,0.5,12,4,4,12,1,0,3.0
HIST_BRA_URU_20160325,BRA,2,0.5,12,4,4,12,1,0,2.0
HIST_CPV_MAR_20160326,CPV,0,0.5,12,4,4,12,1,0,0.0
HIST_GER_ENG_20160326,ENG,3,0.5,12,4,4,12,1,0,3.0
HIST_COL_ECU_20160329,ECU,1,0.5,12,4,4,12,1,0,1.0
HIST_ENG_NED_20160329,NED,2,0.5,12,4,4,12,1,0,2.0
HIST_ENG_AUS_20160527,AUS,1,0.5,12,4,4,12,1,0,1.0
HIST_POR_NOR_20160529,POR,3,0.5,12,4,4,12,1,0,3.0
HIST_BRA_HAI_20160608,BRA,7,0.5,12,4,4,12,1,0,7.0
HIST_FRA_SUI_20160619,SUI,0,0.5,12,4,4,12,1,0,0.0
HIST_USA_ARG_20160621,ARG,4,0.5,12,4,4,12,1,0,4.0
HIST_FRA_GER_20160707,FRA,2,0.5,12,4,4,12,1,0,2.0
HIST_FRA_POR_20160710,POR,1,0.5,12,4,4,12,1,0,1.0
HIST_UZB_IRQ_20160724,UZB,2,0.5,12,4,4,12,1,0,2.0
HIST_BRA_COL_20160906,COL,1,0.5,12,4,4,12,1,0,1.0
HIST_ITA_ESP_20161006,ITA,1,0.5,12,4,4,12,1,0,1.0
HIST_AUS_JPN_20161011,JPN,1,0.5,12,4,4,12,1,0,1.0
HIST_IRN_KOR_20161011,IRN,1,0.5,12,4,4,12,1,0,1.0
HIST_MAR_CAN_20161011,MAR,4,0.5,12,4,4,12,1,0,4.0
HIST_RSA_GHA_20161011,RSA,1,0.5,12,4,4,12,1,0,1.0
HIST_KOR_UZB_20161115,KOR,2,0.5,12,4,4,12,1,0,2.0
HIST_CIV_SWE_20170108,SWE,1,0.5,12,4,4,12,1,0,1.0
HIST_URU_BRA_20170323,URU,1,0.5,12,4,4,12,1,0,1.0
HIST_BRA_PAR_20170328,PAR,0,0.5,12,4,4,12,1,0,0.0
HIST_ECU_COL_20170328,ECU,0,0.5,12,4,4,12,1,0,0.0
HIST_MEX_CRO_20170528,MEX,1,0.5,12,4,4,12,1,0,1.0
HIST_BRA_ECU_20170831,BRA,2,0.5,12,4,4,12,1,0,2.0
HIST_CZE_GER_20170901,CZE,1,0.5,12,4,4,12,1,0,1.0
HIST_JPN_NZL_20171006,NZL,1,0.5,12,4,4,12,1,0,1.0
HIST_ECU_ARG_20171010,ECU,1,0.5,12,4,4,12,1,0,1.0
HIST_ENG_GER_20171110,ENG,0,0.5,12,4,4,12,1,0,0.0
HIST_KOR_COL_20171110,COL,1,0.5,12,4,4,12,1,0,1.0
HIST_POR_KSA_20171110,POR,3,0.5,12,4,4,12,1,0,3.0
HIST_RSA_SEN_20171110,SEN,2,0.5,12,4,4,12,1,0,2.0
HIST_GER_FRA_20171114,FRA,2,0.5,12,4,4,12,1,0,2.0
HIST_POR_USA_20171114,POR,1,0.5,12,4,4,12,1,0,1.0
HIST_GER_ESP_20180323,GER,1,0.5,12,4,4,12,1,0,1.0
HIST_URU_CZE_20180323,CZE,0,0.5,12,4,4,12,1,0,0.0
HIST_AUS_COL_20180327,AUS,0,0.5,12,4,4,12,1,0,0.0
HIST_BEL_KSA_20180327,KSA,0,0.5,12,4,4,12,1,0,0.0
HIST_ENG_ITA_20180327,ENG,1,0.5,12,4,4,12,1,0,1.0
HIST_GER_BRA_20180327,GER,0,0.5,12,4,4,12,1,0,0.0
HIST_SUI_PAN_20180327,PAN,0,0.5,12,4,4,12,1,0,0.0
HIST_COL_EGY_20180601,EGY,0,0.5,12,4,4,12,1,0,0.0
HIST_BEL_EGY_20180606,EGY,0,0.5,12,4,4,12,1,0,0.0
HIST_CRO_SEN_20180608,SEN,1,0.5,12,4,4,12,1,0,1.0
HIST_URU_KSA_20180620,KSA,0,0.5,12,4,4,12,1,0,0.0
HIST_SWE_SUI_20180703,SWE,1,0.5,12,4,4,12,1,0,1.0
HIST_ENG_SUI_20180911,SUI,0,0.5,12,4,4,12,1,0,0.0
HIST_JPN_PAN_20181012,PAN,0,0.5,12,4,4,12,1,0,0.0
HIST_CRO_JOR_20181015,CRO,2,0.5,12,4,4,12,1,0,2.0
HIST_CRO_ESP_20181115,CRO,3,0.5,12,4,4,12,1,0,3.0
HIST_ARG_MEX_20181120,MEX,0,0.5,12,4,4,12,1,0,0.0
HIST_ITA_USA_20181120,USA,0,0.5,12,4,4,12,1,0,0.0
HIST_PAN_ECU_20181120,PAN,1,0.5,12,4,4,12,1,0,1.0
HIST_BRA_PAN_20190323,BRA,1,0.5,12,4,4,12,1,0,1.0
HIST_NED_GER_20190324,NED,2,0.5,12,4,4,12,1,0,2.0
HIST_USA_JAM_20190605,JAM,1,0.5,12,4,4,12,1,0,1.0
HIST_POR_NED_20190609,POR,1,0.5,12,4,4,12,1,0,1.0
HIST_SEN_ALG_20190627,ALG,1,0.5,12,4,4,12,1,0,1.0
HIST_HAI_CAN_20190629,HAI,3,0.5,12,4,4,12,1,0,3.0
HIST_EGY_RSA_20190706,RSA,1,0.5,12,4,4,12,1,0,1.0
HIST_ARG_MEX_20190910,MEX,0,0.5,12,4,4,12,1,0,0.0
HIST_GER_ARG_20191009,ARG,2,0.5,12,4,4,12,1,0,2.0
HIST_QAT_KSA_20191205,QAT,0,0.5,12,4,4,12,1,0,0.0
HIST_NOR_AUT_20200904,NOR,1,0.5,12,4,4,12,1,0,1.0
HIST_FRA_CRO_20200908,CRO,2,0.5,12,4,4,12,1,0,2.0
HIST_POR_ESP_20201007,ESP,0,0.5,12,4,4,12,1,0,0.0
HIST_UZB_IRN_20201008,IRN,2,0.5,12,4,4,12,1,0,2.0
HIST_GER_SUI_20201013,GER,3,0.5,12,4,4,12,1,0,3.0
HIST_GER_SUI_20201013,SUI,3,0.5,12,4,4,12,1,0,3.0
HIST_SCO_CZE_20201014,CZE,0,0.5,12,4,4,12,1,0,0.0
HIST_JPN_PAN_20201113,PAN,0,0.5,12,4,4,12,1,0,0.0
HIST_POR_FRA_20201114,FRA,1,0.5,12,4,4,12,1,0,1.0
HIST_SUI_ESP_20201114,ESP,1,0.5,12,4,4,12,1,0,1.0
HIST_JPN_MEX_20201117,JPN,0,0.5,12,4,4,12,1,0,0.0
HIST_KSA_JAM_20201117,KSA,1,0.5,12,4,4,12,1,0,1.0
HIST_KSA_JAM_20201117,JAM,2,0.5,12,4,4,12,1,0,2.0
HIST_ENG_AUT_20210602,AUT,0,0.5,12,4,4,12,1,0,0.0
HIST_USA_MEX_20210606,USA,3,0.5,12,4,4,12,1,0,3.0
HIST_MAR_GHA_20210608,GHA,0,0.5,12,4,4,12,1,0,0.0
HIST_TUN_ALG_20210611,ALG,2,0.5,12,4,4,12,1,0,2.0
HIST_SCO_CZE_20210614,SCO,0,0.5,12,4,4,12,1,0,0.0
HIST_KSA_UZB_20210615,KSA,3,0.5,12,4,4,12,1,0,3.0
HIST_ENG_SCO_20210618,SCO,0,0.5,12,4,4,12,1,0,0.0
HIST_ARG_URU_20210618,URU,0,0.5,12,4,4,12,1,0,0.0
HIST_ENG_ITA_20210711,ENG,1,0.5,12,4,4,12,1,0,1.0
HIST_MEX_JAM_20210902,MEX,2,0.5,12,4,4,12,1,0,2.0
HIST_QAT_POR_20210904,QAT,1,0.5,12,4,4,12,1,0,1.0
HIST_JAM_PAN_20210905,PAN,3,0.5,12,4,4,12,1,0,3.0
HIST_RSA_GHA_20210906,RSA,1,0.5,12,4,4,12,1,0,1.0
HIST_AUT_SCO_20210907,SCO,1,0.5,12,4,4,12,1,0,1.0
HIST_PAR_ARG_20211007,PAR,0,0.5,12,4,4,12,1,0,0.0
HIST_BRA_COL_20211111,COL,0,0.5,12,4,4,12,1,0,0.0
HIST_ESP_SWE_20211114,SWE,0,0.5,12,4,4,12,1,0,0.0
HIST_JAM_USA_20211116,USA,1,0.5,12,4,4,12,1,0,1.0
HIST_TUN_ALG_20211218,TUN,0,0.5,12,4,4,12,1,0,0.0
HIST_ALG_GHA_20220105,ALG,3,0.5,12,4,4,12,1,0,3.0
HIST_MAR_GHA_20220110,MAR,1,0.5,12,4,4,12,1,0,1.0
HIST_CIV_EGY_20220126,CIV,0,0.5,12,4,4,12,1,0,0.0
HIST_JPN_KSA_20220201,JPN,2,0.5,12,4,4,12,1,0,2.0
HIST_JPN_KSA_20220201,KSA,0,0.5,12,4,4,12,1,0,0.0
HIST_KOR_IRN_20220324,IRN,0,0.5,12,4,4,12,1,0,0.0
HIST_ECU_ARG_20220329,ECU,1,0.5,12,4,4,12,1,0,1.0
HIST_NED_GER_20220329,NED,1,0.5,12,4,4,12,1,0,1.0
HIST_PAN_CAN_20220330,PAN,1,0.5,12,4,4,12,1,0,1.0
HIST_ITA_ARG_20220601,ITA,0,0.5,12,4,4,12,1,0,0.0
HIST_ITA_ARG_20220601,ARG,3,0.5,12,4,4,12,1,0,3.0
HIST_ITA_GER_20220604,GER,1,0.5,12,4,4,12,1,0,1.0
HIST_JPN_BRA_20220606,BRA,1,0.5,12,4,4,12,1,0,1.0
HIST_AUT_CRO_20220925,AUT,1,0.5,12,4,4,12,1,0,1.0
HIST_NED_BEL_20220925,BEL,0,0.5,12,4,4,12,1,0,0.0
HIST_CAN_URU_20220927,URU,2,0.5,12,4,4,12,1,0,2.0
HIST_SUI_GHA_20221117,SUI,0,0.5,12,4,4,12,1,0,0.0
HIST_NED_ECU_20221125,ECU,1,0.5,12,4,4,12,1,0,1.0
HIST_CRO_CAN_20221127,CAN,1,0.5,12,4,4,12,1,0,1.0
HIST_ECU_SEN_20221129,SEN,2,0.5,12,4,4,12,1,0,2.0
HIST_KOR_POR_20221202,KOR,2,0.5,12,4,4,12,1,0,2.0
HIST_POR_SUI_20221206,POR,6,0.5,12,4,4,12,1,0,6.0
HIST_POR_SUI_20221206,SUI,1,0.5,12,4,4,12,1,0,1.0
HIST_ENG_FRA_20221210,FRA,2,0.5,12,4,4,12,1,0,2.0
HIST_ARG_CRO_20221213,CRO,0,0.5,12,4,4,12,1,0,0.0
HIST_SWE_BEL_20230324,BEL,3,0.5,12,4,4,12,1,0,3.0
HIST_AUS_ECU_20230328,ECU,2,0.5,12,4,4,12,1,0,2.0
HIST_USA_CAN_20230709,USA,2,0.5,12,4,4,12,1,0,2.0
HIST_GER_JPN_20230909,GER,1,0.5,12,4,4,12,1,0,1.0
HIST_JAM_HAI_20230912,JAM,2,0.5,12,4,4,12,1,0,2.0
HIST_ECU_URU_20230912,URU,1,0.5,12,4,4,12,1,0,1.0
HIST_SCO_ENG_20230912,SCO,1,0.5,12,4,4,12,1,0,1.0
HIST_ESP_SCO_20231012,SCO,0,0.5,12,4,4,12,1,0,0.0
HIST_NED_FRA_20231013,FRA,2,0.5,12,4,4,12,1,0,2.0
HIST_NOR_ESP_20231015,ESP,1,0.5,12,4,4,12,1,0,1.0
HIST_ECU_COL_20231017,COL,0,0.5,12,4,4,12,1,0,0.0
HIST_PAR_COL_20231121,PAR,0,0.5,12,4,4,12,1,0,0.0
HIST_ENG_BRA_20240323,BRA,1,0.5,12,4,4,12,1,0,1.0
HIST_MEX_BRA_20240608,MEX,2,0.5,12,4,4,12,1,0,2.0
HIST_SCO_SUI_20240619,SCO,1,0.5,12,4,4,12,1,0,1.0
HIST_ESP_ITA_20240620,ESP,1,0.5,12,4,4,12,1,0,1.0
HIST_COL_PAR_20240624,PAR,1,0.5,12,4,4,12,1,0,1.0
HIST_NED_AUT_20240625,NED,2,0.5,12,4,4,12,1,0,2.0
HIST_POR_FRA_20240705,FRA,0,0.5,12,4,4,12,1,0,0.0
HIST_CAN_URU_20240713,URU,2,0.5,12,4,4,12,1,0,2.0
HIST_EGY_CPV_20240906,CPV,0,0.5,12,4,4,12,1,0,0.0
HIST_FRA_BEL_20240909,BEL,0,0.5,12,4,4,12,1,0,0.0
HIST_JOR_KOR_20241010,JOR,0,0.5,12,4,4,12,1,0,0.0
HIST_JOR_KOR_20241010,KOR,2,0.5,12,4,4,12,1,0,2.0
HIST_USA_PAN_20241012,USA,2,0.5,12,4,4,12,1,0,2.0
HIST_USA_PAN_20241012,PAN,0,0.5,12,4,4,12,1,0,0.0
HIST_AUT_NOR_20241013,AUT,5,0.5,12,4,4,12,1,0,5.0
HIST_SCO_CRO_20241115,CRO,0,0.5,12,4,4,12,1,0,0.0
HIST_URU_COL_20241115,URU,3,0.5,12,4,4,12,1,0,3.0
HIST_UZB_JOR_20250122,UZB,0,0.5,12,4,4,12,1,0,0.0
HIST_USA_PAN_20250320,USA,0,0.5,12,4,4,12,1,0,0.0
HIST_USA_PAN_20250320,PAN,1,0.5,12,4,4,12,1,0,1.0
HIST_NED_ESP_20250320,NED,2,0.5,12,4,4,12,1,0,2.0
HIST_GER_ITA_20250323,ITA,3,0.5,12,4,4,12,1,0,3.0
HIST_IRN_UZB_20250325,UZB,2,0.5,12,4,4,12,1,0,2.0
HIST_MEX_SUI_20250607,MEX,2,0.5,12,4,4,12,1,0,2.0
HIST_MEX_TUR_20250610,TUR,0,0.5,12,4,4,12,1,0,0.0
HIST_KSA_AUS_20250610,AUS,2,0.5,12,4,4,12,1,0,2.0
HIST_MEX_JPN_20250906,MEX,0,0.5,12,4,4,12,1,0,0.0
HIST_MEX_KOR_20250909,MEX,2,0.5,12,4,4,12,1,0,2.0
HIST_USA_JPN_20250909,USA,2,0.5,12,4,4,12,1,0,2.0
HIST_NOR_NZL_20251014,NZL,1,0.5,12,4,4,12,1,0,1.0
HIST_COL_NZL_20251115,COL,2,0.5,12,4,4,12,1,0,2.0
HIST_JAM_CUW_20251118,JAM,0,0.5,12,4,4,12,1,0,0.0
HIST_JAM_CUW_20251118,CUW,0,0.5,12,4,4,12,1,0,0.0
HIST_MAR_SEN_20260118,SEN,0,0.5,12,4,4,12,1,0,0.0
HIST_HAI_TUN_20260328,HAI,0,0.5,12,4,4,12,1,0,0.0
HIST_NOR_SUI_20260331,SUI,0,0.5,12,4,4,12,1,0,0.0
HIST_NED_UZB_20260608,NED,2,0.5,12,4,4,12,1,0,2.0
HIST_MEX_IRN_20000109,IRN,1,0.5,12,4,4,12,1,0,1.0
HIST_JAM_NZL_20000116,NZL,1,0.5,12,4,4,12,1,0,1.0
HIST_USA_IRN_20000116,USA,1,0.5,12,4,4,12,1,0,1.0
HIST_COL_JAM_20000212,COL,1,0.5,12,4,4,12,1,0,1.0
HIST_ITA_SWE_20000223,SWE,0,0.5,12,4,4,12,1,0,0.0
HIST_ESP_ITA_20000329,ESP,2,0.5,12,4,4,12,1,0,2.0
HIST_JOR_IRQ_20000525,JOR,0,0.5,12,4,4,12,1,0,0.0
HIST_JAM_COL_20000527,COL,3,0.5,12,4,4,12,1,0,3.0
HIST_USA_RSA_20000603,RSA,0,0.5,12,4,4,12,1,0,0.0
HIST_MEX_RSA_20000607,RSA,2,0.5,12,4,4,12,1,0,2.0
HIST_NED_CZE_20000611,NED,1,0.5,12,4,4,12,1,0,1.0
HIST_CIV_TUN_20000618,CIV,2,0.5,12,4,4,12,1,0,2.0
HIST_BEL_TUR_20000619,BEL,0,0.5,12,4,4,12,1,0,0.0
HIST_BEL_TUR_20000619,TUR,2,0.5,12,4,4,12,1,0,2.0
HIST_AUS_NZL_20000628,AUS,2,0.5,12,4,4,12,1,0,2.0
HIST_MAR_ALG_20000709,ALG,1,0.5,12,4,4,12,1,0,1.0
HIST_ARG_ECU_20000719,ARG,2,0.5,12,4,4,12,1,0,2.0
HIST_BRA_ARG_20000726,ARG,1,0.5,12,4,4,12,1,0,1.0
HIST_IRQ_UZB_20000902,IRQ,2,0.5,12,4,4,12,1,0,2.0
HIST_MEX_PAN_20000903,MEX,7,0.5,12,4,4,12,1,0,7.0
HIST_URU_ECU_20000903,URU,4,0.5,12,4,4,12,1,0,4.0
HIST_MEX_ECU_20000920,MEX,2,0.5,12,4,4,12,1,0,2.0
HIST_QAT_EGY_20001002,QAT,0,0.5,12,4,4,12,1,0,0.0
HIST_AUS_KOR_20001007,AUS,2,0.5,12,4,4,12,1,0,2.0
HIST_COL_PAR_20001007,COL,0,0.5,12,4,4,12,1,0,0.0
HIST_RSA_FRA_20001007,RSA,0,0.5,12,4,4,12,1,0,0.0
HIST_ARG_URU_20001008,URU,1,0.5,12,4,4,12,1,0,1.0
HIST_CRO_SCO_20001011,SCO,1,0.5,12,4,4,12,1,0,1.0
HIST_JPN_UZB_20001017,UZB,1,0.5,12,4,4,12,1,0,1.0
HIST_KSA_QAT_20001017,KSA,0,0.5,12,4,4,12,1,0,0.0
HIST_IRN_KOR_20001023,IRN,1,0.5,12,4,4,12,1,0,1.0
HIST_MEX_ARG_20001220,MEX,0,0.5,12,4,4,12,1,0,0.0
HIST_KOR_PAR_20010127,PAR,1,0.5,12,4,4,12,1,0,1.0
HIST_NED_TUR_20010228,NED,0,0.5,12,4,4,12,1,0,0.0
HIST_MAR_TUN_20010324,TUN,0,0.5,12,4,4,12,1,0,0.0
HIST_MEX_JAM_20010325,JAM,0,0.5,12,4,4,12,1,0,0.0
HIST_HAI_PAN_20010405,HAI,1,0.5,12,4,4,12,1,0,1.0
HIST_SEN_ALG_20010421,ALG,0,0.5,12,4,4,12,1,0,0.0
HIST_PAN_HAI_20010424,HAI,0,0.5,12,4,4,12,1,0,0.0
HIST_CZE_BEL_20010425,CZE,1,0.5,12,4,4,12,1,0,1.0
HIST_ITA_RSA_20010425,RSA,0,0.5,12,4,4,12,1,0,0.0
HIST_JPN_CAN_20010531,JPN,3,0.5,12,4,4,12,1,0,3.0
HIST_FRA_MEX_20010603,FRA,4,0.5,12,4,4,12,1,0,4.0
HIST_AUS_BRA_20010609,BRA,0,0.5,12,4,4,12,1,0,0.0
HIST_QAT_IRN_20010801,IRN,1,0.5,12,4,4,12,1,0,1.0
HIST_BRA_PAR_20010815,PAR,0,0.5,12,4,4,12,1,0,0.0
HIST_ESP_AUT_20010901,AUT,0,0.5,12,4,4,12,1,0,0.0
HIST_QAT_UZB_20010928,QAT,2,0.5,12,4,4,12,1,0,2.0
HIST_IRN_IRQ_20011012,IRQ,1,0.5,12,4,4,12,1,0,1.0
HIST_BEL_CZE_20011110,CZE,0,0.5,12,4,4,12,1,0,0.0
HIST_PAR_COL_20011114,COL,4,0.5,12,4,4,12,1,0,4.0
HIST_ESP_MEX_20011114,ESP,1,0.5,12,4,4,12,1,0,1.0
HIST_EGY_SEN_20020120,EGY,0,0.5,12,4,4,12,1,0,0.0
HIST_CAN_KOR_20020202,KOR,1,0.5,12,4,4,12,1,0,1.0
HIST_KSA_URU_20020327,URU,2,0.5,12,4,4,12,1,0,2.0
HIST_KOR_SCO_20020516,KOR,4,0.5,12,4,4,12,1,0,4.0
HIST_ITA_ECU_20020603,ECU,0,0.5,12,4,4,12,1,0,0.0
HIST_FRA_URU_20020606,URU,0,0.5,12,4,4,12,1,0,0.0
HIST_MEX_ECU_20020609,MEX,2,0.5,12,4,4,12,1,0,2.0
HIST_KOR_USA_20020610,KOR,1,0.5,12,4,4,12,1,0,1.0
HIST_KOR_POR_20020614,KOR,1,0.5,12,4,4,12,1,0,1.0
HIST_KOR_ITA_20020618,ITA,1,0.5,12,4,4,12,1,0,1.0
HIST_SEN_TUR_20020622,TUR,1,0.5,12,4,4,12,1,0,1.0
HIST_BRA_TUR_20020626,BRA,1,0.5,12,4,4,12,1,0,1.0
HIST_KOR_TUR_20020629,KOR,2,0.5,12,4,4,12,1,0,2.0
HIST_KOR_COL_20030329,COL,0,0.5,12,4,4,12,1,0,0.0
HIST_TUN_SEN_20030430,TUN,1,0.5,12,4,4,12,1,0,1.0
HIST_COL_ECU_20030608,COL,0,0.5,12,4,4,12,1,0,0.0
HIST_KOR_ARG_20030611,KOR,0,0.5,12,4,4,12,1,0,0.0
HIST_NZL_JPN_20030618,NZL,0,0.5,12,4,4,12,1,0,0.0
HIST_BRA_USA_20030621,BRA,1,0.5,12,4,4,12,1,0,1.0
HIST_MEX_JAM_20030720,JAM,0,0.5,12,4,4,12,1,0,0.0
HIST_IRQ_URU_20030815,IRQ,2,0.5,12,4,4,12,1,0,2.0
HIST_ARG_URU_20030820,URU,2,0.5,12,4,4,12,1,0,2.0
HIST_POR_ESP_20030906,ESP,3,0.5,12,4,4,12,1,0,3.0
HIST_GER_SCO_20030910,GER,2,0.5,12,4,4,12,1,0,2.0
HIST_NOR_POR_20030910,NOR,0,0.5,12,4,4,12,1,0,0.0
HIST_PAR_ECU_20031115,ECU,1,0.5,12,4,4,12,1,0,1.0
HIST_ALG_EGY_20040129,ALG,2,0.5,12,4,4,12,1,0,2.0
HIST_TUN_SEN_20040207,TUN,1,0.5,12,4,4,12,1,0,1.0
HIST_POR_ENG_20040218,POR,1,0.5,12,4,4,12,1,0,1.0
HIST_SWE_ENG_20040331,SWE,1,0.5,12,4,4,12,1,0,1.0
HIST_USA_MEX_20040428,MEX,0,0.5,12,4,4,12,1,0,0.0
HIST_ENG_JPN_20040601,JPN,1,0.5,12,4,4,12,1,0,1.0
HIST_EGY_CIV_20040620,CIV,2,0.5,12,4,4,12,1,0,2.0
HIST_POR_ESP_20040620,POR,1,0.5,12,4,4,12,1,0,1.0
HIST_SUI_FRA_20040621,SUI,1,0.5,12,4,4,12,1,0,1.0
HIST_ARG_COL_20040720,COL,0,0.5,12,4,4,12,1,0,0.0
HIST_JOR_IRN_20040908,JOR,0,0.5,12,4,4,12,1,0,0.0
HIST_SCO_NOR_20041009,SCO,0,0.5,12,4,4,12,1,0,0.0
HIST_BRA_COL_20041013,BRA,0,0.5,12,4,4,12,1,0,0.0
HIST_QAT_IRN_20041013,QAT,2,0.5,12,4,4,12,1,0,2.0
HIST_IRN_PAN_20041218,PAN,0,0.5,12,4,4,12,1,0,0.0
HIST_SWE_KOR_20050122,SWE,1,0.5,12,4,4,12,1,0,1.0
HIST_ARG_BRA_20050608,BRA,1,0.5,12,4,4,12,1,0,1.0
HIST_PAN_USA_20050608,PAN,0,0.5,12,4,4,12,1,0,0.0
HIST_PAN_USA_20050608,USA,3,0.5,12,4,4,12,1,0,3.0
HIST_SWE_NOR_20050608,SWE,2,0.5,12,4,4,12,1,0,2.0
HIST_JPN_MEX_20050616,JPN,1,0.5,12,4,4,12,1,0,1.0
HIST_USA_CAN_20050709,USA,2,0.5,12,4,4,12,1,0,2.0
HIST_USA_PAN_20050724,USA,0,0.5,12,4,4,12,1,0,0.0
HIST_USA_PAN_20050724,PAN,0,0.5,12,4,4,12,1,0,0.0
HIST_JPN_IRN_20050817,JPN,2,0.5,12,4,4,12,1,0,2.0
HIST_SCO_ITA_20050903,SCO,1,0.5,12,4,4,12,1,0,1.0
HIST_CZE_NED_20051008,NED,2,0.5,12,4,4,12,1,0,2.0
HIST_KOR_IRN_20051012,IRN,0,0.5,12,4,4,12,1,0,0.0
HIST_MEX_URU_20051026,MEX,3,0.5,12,4,4,12,1,0,3.0
HIST_SCO_USA_20051112,SCO,1,0.5,12,4,4,12,1,0,1.0
HIST_EGY_MAR_20060124,EGY,0,0.5,12,4,4,12,1,0,0.0
HIST_EGY_CIV_20060210,EGY,0,0.5,12,4,4,12,1,0,0.0
HIST_MEX_KOR_20060215,MEX,0,0.5,12,4,4,12,1,0,0.0
HIST_QAT_UZB_20060301,UZB,1,0.5,12,4,4,12,1,0,1.0
HIST_GER_USA_20060322,GER,4,0.5,12,4,4,12,1,0,4.0
HIST_NOR_KOR_20060601,NOR,0,0.5,12,4,4,12,1,0,0.0
HIST_ESP_CRO_20060607,ESP,2,0.5,12,4,4,12,1,0,2.0
HIST_ITA_GHA_20060612,ITA,2,0.5,12,4,4,12,1,0,2.0
HIST_SWE_PAR_20060615,PAR,0,0.5,12,4,4,12,1,0,0.0
HIST_POR_IRN_20060617,IRN,0,0.5,12,4,4,12,1,0,0.0
HIST_GHA_USA_20060622,GHA,2,0.5,12,4,4,12,1,0,2.0
HIST_SUI_KOR_20060623,SUI,2,0.5,12,4,4,12,1,0,2.0
HIST_GER_SWE_20060624,GER,2,0.5,12,4,4,12,1,0,2.0
HIST_ENG_POR_20060701,ENG,0,0.5,12,4,4,12,1,0,0.0
HIST_CAN_JAM_20060904,CAN,1,0.5,12,4,4,12,1,0,1.0
HIST_JOR_IRN_20061006,JOR,0,0.5,12,4,4,12,1,0,0.0
HIST_KOR_GHA_20061008,GHA,3,0.5,12,4,4,12,1,0,3.0
HIST_KSA_QAT_20070121,QAT,1,0.5,12,4,4,12,1,0,1.0
HIST_COL_URU_20070207,COL,1,0.5,12,4,4,12,1,0,1.0
HIST_EGY_SWE_20070207,SWE,0,0.5,12,4,4,12,1,0,0.0
HIST_USA_MEX_20070207,MEX,0,0.5,12,4,4,12,1,0,0.0
HIST_JAM_SUI_20070322,JAM,0,0.5,12,4,4,12,1,0,0.0
HIST_CZE_GER_20070324,GER,2,0.5,12,4,4,12,1,0,2.0
HIST_COL_SUI_20070325,COL,3,0.5,12,4,4,12,1,0,3.0
HIST_USA_ECU_20070325,ECU,1,0.5,12,4,4,12,1,0,1.0
HIST_ENG_BRA_20070601,BRA,1,0.5,12,4,4,12,1,0,1.0
HIST_HAI_CAN_20070611,CAN,2,0.5,12,4,4,12,1,0,2.0
HIST_IRQ_UZB_20070702,IRQ,0,0.5,12,4,4,12,1,0,0.0
HIST_GHA_SEN_20070821,SEN,1,0.5,12,4,4,12,1,0,1.0
HIST_AUS_ARG_20070911,AUS,0,0.5,12,4,4,12,1,0,0.0
HIST_SUI_JPN_20070911,JPN,4,0.5,12,4,4,12,1,0,4.0
HIST_COL_BRA_20071014,COL,0,0.5,12,4,4,12,1,0,0.0
HIST_GER_CZE_20071017,CZE,3,0.5,12,4,4,12,1,0,3.0
HIST_IRQ_JOR_20080124,JOR,1,0.5,12,4,4,12,1,0,1.0
HIST_AUT_GER_20080206,GER,3,0.5,12,4,4,12,1,0,3.0
HIST_QAT_JOR_20080316,QAT,2,0.5,12,4,4,12,1,0,2.0
HIST_UZB_JOR_20080322,UZB,4,0.5,12,4,4,12,1,0,4.0
HIST_BEL_MAR_20080326,BEL,1,0.5,12,4,4,12,1,0,1.0
HIST_CIV_TUN_20080326,TUN,2,0.5,12,4,4,12,1,0,2.0
HIST_AUS_GHA_20080523,AUS,1,0.5,12,4,4,12,1,0,1.0
HIST_TUR_URU_20080525,TUR,2,0.5,12,4,4,12,1,0,2.0
HIST_NOR_URU_20080528,URU,2,0.5,12,4,4,12,1,0,2.0
HIST_AUS_IRQ_20080601,AUS,1,0.5,12,4,4,12,1,0,1.0
HIST_SUI_CZE_20080607,SUI,0,0.5,12,4,4,12,1,0,0.0
HIST_CRO_GER_20080612,CRO,2,0.5,12,4,4,12,1,0,2.0
HIST_CRO_GER_20080612,GER,1,0.5,12,4,4,12,1,0,1.0
HIST_QAT_AUS_20080614,AUS,3,0.5,12,4,4,12,1,0,3.0
HIST_JOR_QAT_20080813,QAT,0,0.5,12,4,4,12,1,0,0.0
HIST_KSA_QAT_20080830,KSA,2,0.5,12,4,4,12,1,0,2.0
HIST_AUT_FRA_20080906,AUT,3,0.5,12,4,4,12,1,0,3.0
HIST_NED_AUS_20080906,AUS,2,0.5,12,4,4,12,1,0,2.0
HIST_FRA_TUN_20081014,TUN,1,0.5,12,4,4,12,1,0,1.0
HIST_AUS_QAT_20081015,QAT,0,0.5,12,4,4,12,1,0,0.0
HIST_BRA_POR_20081119,POR,2,0.5,12,4,4,12,1,0,2.0
HIST_GER_ENG_20081119,GER,1,0.5,12,4,4,12,1,0,1.0
HIST_IRN_ECU_20081217,IRN,0,0.5,12,4,4,12,1,0,0.0
HIST_EGY_GHA_20090211,EGY,2,0.5,12,4,4,12,1,0,2.0
HIST_MAR_CZE_20090211,MAR,0,0.5,12,4,4,12,1,0,0.0
HIST_ESP_ENG_20090211,ESP,2,0.5,12,4,4,12,1,0,2.0
HIST_ESP_ENG_20090211,ENG,0,0.5,12,4,4,12,1,0,0.0
HIST_ECU_BRA_20090329,ECU,1,0.5,12,4,4,12,1,0,1.0
HIST_QAT_KSA_20090526,KSA,1,0.5,12,4,4,12,1,0,1.0
HIST_ALG_EGY_20090607,ALG,3,0.5,12,4,4,12,1,0,3.0
HIST_ECU_ARG_20090610,ECU,2,0.5,12,4,4,12,1,0,2.0
HIST_ITA_NZL_20090610,NZL,3,0.5,12,4,4,12,1,0,3.0
HIST_USA_ITA_20090615,ITA,3,0.5,12,4,4,12,1,0,3.0
HIST_AUS_JPN_20090617,AUS,2,0.5,12,4,4,12,1,0,2.0
HIST_ESP_IRQ_20090617,ESP,1,0.5,12,4,4,12,1,0,1.0
HIST_HAI_PAN_20090619,PAN,1,0.5,12,4,4,12,1,0,1.0
HIST_NED_ENG_20090812,NED,2,0.5,12,4,4,12,1,0,2.0
HIST_GER_RSA_20090905,GER,2,0.5,12,4,4,12,1,0,2.0
HIST_KOR_AUS_20090905,AUS,1,0.5,12,4,4,12,1,0,1.0
HIST_ESP_BEL_20090905,ESP,5,0.5,12,4,4,12,1,0,5.0
HIST_MEX_COL_20090930,MEX,1,0.5,12,4,4,12,1,0,1.0
HIST_CRO_QAT_20091008,QAT,2,0.5,12,4,4,12,1,0,2.0
HIST_ECU_URU_20091010,ECU,1,0.5,12,4,4,12,1,0,1.0
HIST_PAR_COL_20091014,COL,2,0.5,12,4,4,12,1,0,2.0
HIST_GHA_EGY_20100131,EGY,1,0.5,12,4,4,12,1,0,1.0
HIST_SUI_URU_20100303,SUI,1,0.5,12,4,4,12,1,0,1.0
HIST_MEX_ECU_20100507,MEX,0,0.5,12,4,4,12,1,0,0.0
HIST_AUT_CRO_20100519,CRO,1,0.5,12,4,4,12,1,0,1.0
HIST_JPN_KOR_20100524,KOR,2,0.5,12,4,4,12,1,0,2.0
HIST_SUI_ITA_20100605,ITA,1,0.5,12,4,4,12,1,0,1.0
HIST_ITA_PAR_20100614,ITA,1,0.5,12,4,4,12,1,0,1.0
HIST_ESP_SUI_20100616,SUI,1,0.5,12,4,4,12,1,0,1.0
HIST_ARG_KOR_20100617,KOR,1,0.5,12,4,4,12,1,0,1.0
HIST_GHA_AUS_20100619,AUS,1,0.5,12,4,4,12,1,0,1.0
HIST_ESP_POR_20100629,POR,0,0.5,12,4,4,12,1,0,0.0
HIST_NED_BRA_20100702,BRA,1,0.5,12,4,4,12,1,0,1.0
HIST_PAR_ESP_20100703,ESP,1,0.5,12,4,4,12,1,0,1.0
HIST_GER_ESP_20100707,GER,0,0.5,12,4,4,12,1,0,0.0
HIST_SEN_CPV_20100811,SEN,1,0.5,12,4,4,12,1,0,1.0
HIST_JPN_PAR_20100904,JPN,1,0.5,12,4,4,12,1,0,1.0
HIST_KOR_IRN_20100907,KOR,0,0.5,12,4,4,12,1,0,0.0
HIST_NED_TUR_20101117,TUR,0,0.5,12,4,4,12,1,0,0.0
HIST_JPN_JOR_20110109,JOR,1,0.5,12,4,4,12,1,0,1.0
HIST_KSA_JPN_20110117,KSA,0,0.5,12,4,4,12,1,0,0.0
HIST_KSA_JPN_20110117,JPN,5,0.5,12,4,4,12,1,0,5.0
HIST_QAT_JPN_20110121,QAT,2,0.5,12,4,4,12,1,0,2.0
HIST_ESP_COL_20110209,ESP,1,0.5,12,4,4,12,1,0,1.0
HIST_MEX_PAR_20110326,PAR,1,0.5,12,4,4,12,1,0,1.0
HIST_BRA_SCO_20110327,SCO,0,0.5,12,4,4,12,1,0,0.0
HIST_ENG_GHA_20110329,ENG,1,0.5,12,4,4,12,1,0,1.0
HIST_GER_AUS_20110329,GER,1,0.5,12,4,4,12,1,0,1.0
HIST_JPN_KOR_20110810,KOR,0,0.5,12,4,4,12,1,0,0.0
HIST_JOR_TUN_20110822,JOR,3,0.5,12,4,4,12,1,0,3.0
HIST_HAI_CUW_20111011,CUW,2,0.5,12,4,4,12,1,0,2.0
HIST_IRN_QAT_20120229,QAT,2,0.5,12,4,4,12,1,0,2.0
HIST_MEX_COL_20120229,COL,2,0.5,12,4,4,12,1,0,2.0
HIST_SWE_ENG_20120615,SWE,2,0.5,12,4,4,12,1,0,2.0
HIST_ESP_ITA_20120701,ITA,0,0.5,12,4,4,12,1,0,0.0
HIST_KSA_IRQ_20120705,KSA,0,0.5,12,4,4,12,1,0,0.0
HIST_KSA_IRQ_20120705,IRQ,1,0.5,12,4,4,12,1,0,1.0
HIST_FRA_URU_20120815,FRA,0,0.5,12,4,4,12,1,0,0.0
HIST_MEX_USA_20120815,MEX,0,0.5,12,4,4,12,1,0,0.0
HIST_SWE_BRA_20120815,SWE,0,0.5,12,4,4,12,1,0,0.0
HIST_PAN_CAN_20120911,PAN,2,0.5,12,4,4,12,1,0,2.0
HIST_USA_JAM_20120911,JAM,0,0.5,12,4,4,12,1,0,0.0
HIST_BEL_SCO_20121016,SCO,0,0.5,12,4,4,12,1,0,0.0
HIST_IRQ_AUS_20121016,IRQ,1,0.5,12,4,4,12,1,0,1.0
HIST_IRQ_JOR_20121114,JOR,0,0.5,12,4,4,12,1,0,0.0
HIST_IRN_KSA_20121209,IRN,0,0.5,12,4,4,12,1,0,0.0
HIST_TUN_ALG_20130122,ALG,0,0.5,12,4,4,12,1,0,0.0
HIST_ENG_BRA_20130206,ENG,2,0.5,12,4,4,12,1,0,2.0
HIST_FRA_GER_20130206,FRA,1,0.5,12,4,4,12,1,0,1.0
HIST_TUR_CZE_20130206,CZE,2,0.5,12,4,4,12,1,0,2.0
HIST_URU_PAR_20130322,URU,1,0.5,12,4,4,12,1,0,1.0
HIST_URU_PAR_20130322,PAR,1,0.5,12,4,4,12,1,0,1.0
HIST_ARG_COL_20130607,COL,0,0.5,12,4,4,12,1,0,0.0
HIST_JAM_USA_20130607,USA,2,0.5,12,4,4,12,1,0,2.0
HIST_BRA_FRA_20130609,BRA,3,0.5,12,4,4,12,1,0,3.0
HIST_AUS_JOR_20130611,AUS,4,0.5,12,4,4,12,1,0,4.0
HIST_USA_PAN_20130611,USA,2,0.5,12,4,4,12,1,0,2.0
HIST_USA_PAN_20130611,PAN,0,0.5,12,4,4,12,1,0,0.0
HIST_GHA_CIV_20130612,GHA,2,0.5,12,4,4,12,1,0,2.0
HIST_GHA_CIV_20130612,CIV,1,0.5,12,4,4,12,1,0,1.0
HIST_BRA_JPN_20130615,JPN,0,0.5,12,4,4,12,1,0,0.0
HIST_ENG_SCO_20130814,SCO,2,0.5,12,4,4,12,1,0,2.0
HIST_KOR_HAI_20130906,HAI,1,0.5,12,4,4,12,1,0,1.0
HIST_PAN_JAM_20130906,PAN,0,0.5,12,4,4,12,1,0,0.0
HIST_BRA_POR_20130910,BRA,3,0.5,12,4,4,12,1,0,3.0
HIST_NOR_SUI_20130910,SUI,2,0.5,12,4,4,12,1,0,2.0
HIST_USA_MEX_20130910,USA,2,0.5,12,4,4,12,1,0,2.0
HIST_FRA_AUS_20131011,FRA,6,0.5,12,4,4,12,1,0,6.0
HIST_POR_SWE_20131115,SWE,0,0.5,12,4,4,12,1,0,0.0
HIST_NED_COL_20131119,NED,0,0.5,12,4,4,12,1,0,0.0
HIST_RSA_ESP_20131119,RSA,1,0.5,12,4,4,12,1,0,1.0
HIST_MEX_KOR_20140129,KOR,0,0.5,12,4,4,12,1,0,0.0
HIST_MEX_ECU_20140531,ECU,1,0.5,12,4,4,12,1,0,1.0
HIST_GER_POR_20140616,GER,4,0.5,12,4,4,12,1,0,4.0
HIST_GER_POR_20140616,POR,0,0.5,12,4,4,12,1,0,0.0
HIST_BEL_USA_20140701,USA,1,0.5,12,4,4,12,1,0,1.0
HIST_KOR_URU_20140908,URU,1,0.5,12,4,4,12,1,0,1.0
HIST_SUI_ENG_20140908,ENG,2,0.5,12,4,4,12,1,0,2.0
HIST_CZE_NED_20140909,NED,1,0.5,12,4,4,12,1,0,1.0
HIST_FRA_SWE_20141118,FRA,1,0.5,12,4,4,12,1,0,1.0
HIST_FRA_SWE_20141118,SWE,0,0.5,12,4,4,12,1,0,0.0
HIST_IRN_KOR_20141118,KOR,0,0.5,12,4,4,12,1,0,0.0
HIST_KSA_QAT_20141126,QAT,2,0.5,12,4,4,12,1,0,2.0
HIST_RSA_CIV_20141130,RSA,2,0.5,12,4,4,12,1,0,2.0
HIST_KOR_KSA_20150104,KOR,2,0.5,12,4,4,12,1,0,2.0
HIST_JOR_IRQ_20150112,JOR,0,0.5,12,4,4,12,1,0,0.0
HIST_RSA_SEN_20150123,SEN,1,0.5,12,4,4,12,1,0,1.0
HIST_AUS_KOR_20150131,KOR,1,0.5,12,4,4,12,1,0,1.0
HIST_CRO_NOR_20150328,NOR,1,0.5,12,4,4,12,1,0,1.0
HIST_NED_TUR_20150328,TUR,1,0.5,12,4,4,12,1,0,1.0
HIST_USA_MEX_20150415,MEX,0,0.5,12,4,4,12,1,0,0.0
HIST_BRA_MEX_20150607,BRA,2,0.5,12,4,4,12,1,0,2.0
HIST_FRA_BEL_20150607,BEL,4,0.5,12,4,4,12,1,0,4.0
HIST_PAR_JAM_20150616,JAM,0,0.5,12,4,4,12,1,0,0.0
HIST_PAN_HAI_20150707,HAI,1,0.5,12,4,4,12,1,0,1.0
HIST_RSA_SEN_20150908,SEN,0,0.5,12,4,4,12,1,0,0.0
HIST_ARG_ECU_20151008,ARG,0,0.5,12,4,4,12,1,0,0.0
HIST_HAI_JAM_20151117,JAM,1,0.5,12,4,4,12,1,0,1.0
HIST_TUR_SWE_20160324,TUR,2,0.5,12,4,4,12,1,0,2.0
HIST_NED_FRA_20160325,FRA,3,0.5,12,4,4,12,1,0,3.0
HIST_ENG_TUR_20160522,TUR,1,0.5,12,4,4,12,1,0,1.0
HIST_ITA_SCO_20160529,ITA,1,0.5,12,4,4,12,1,0,1.0
HIST_BRA_ECU_20160604,BRA,0,0.5,12,4,4,12,1,0,0.0
HIST_ESP_CZE_20160613,ESP,1,0.5,12,4,4,12,1,0,1.0
HIST_AUS_IRQ_20160901,IRQ,0,0.5,12,4,4,12,1,0,0.0
HIST_GER_CZE_20161008,CZE,0,0.5,12,4,4,12,1,0,0.0
HIST_ARG_PAR_20161011,ARG,0,0.5,12,4,4,12,1,0,0.0
HIST_MEX_PAN_20161011,MEX,1,0.5,12,4,4,12,1,0,1.0
HIST_JOR_IRQ_20161106,IRQ,0,0.5,12,4,4,12,1,0,0.0
HIST_BRA_ARG_20161110,ARG,0,0.5,12,4,4,12,1,0,0.0
HIST_UZB_JOR_20161110,JOR,0,0.5,12,4,4,12,1,0,0.0
HIST_CZE_NOR_20161111,CZE,2,0.5,12,4,4,12,1,0,2.0
HIST_EGY_MAR_20170129,MAR,0,0.5,12,4,4,12,1,0,0.0
HIST_GER_ENG_20170322,ENG,0,0.5,12,4,4,12,1,0,0.0
HIST_BEL_CZE_20170605,BEL,2,0.5,12,4,4,12,1,0,2.0
HIST_ITA_URU_20170607,ITA,3,0.5,12,4,4,12,1,0,3.0
HIST_MEX_USA_20170611,USA,1,0.5,12,4,4,12,1,0,1.0
HIST_USA_PAN_20170708,USA,1,0.5,12,4,4,12,1,0,1.0
HIST_USA_PAN_20170708,PAN,1,0.5,12,4,4,12,1,0,1.0
HIST_CUW_MEX_20170716,MEX,2,0.5,12,4,4,12,1,0,2.0
HIST_USA_JAM_20170726,USA,2,0.5,12,4,4,12,1,0,2.0
HIST_ESP_ITA_20170902,ITA,0,0.5,12,4,4,12,1,0,0.0
HIST_KSA_GHA_20171010,GHA,3,0.5,12,4,4,12,1,0,3.0
HIST_BEL_MEX_20171110,BEL,3,0.5,12,4,4,12,1,0,3.0
HIST_KOR_COL_20171110,KOR,2,0.5,12,4,4,12,1,0,2.0
HIST_CIV_MAR_20171111,CIV,0,0.5,12,4,4,12,1,0,0.0
HIST_POR_EGY_20180323,EGY,1,0.5,12,4,4,12,1,0,1.0
HIST_MAR_UZB_20180327,MAR,2,0.5,12,4,4,12,1,0,2.0
HIST_ALG_KSA_20180509,KSA,2,0.5,12,4,4,12,1,0,2.0
HIST_AUT_BRA_20180610,AUT,0,0.5,12,4,4,12,1,0,0.0
HIST_POR_ESP_20180615,POR,3,0.5,12,4,4,12,1,0,3.0
HIST_ARG_CRO_20180621,ARG,0,0.5,12,4,4,12,1,0,0.0
HIST_KOR_MEX_20180623,MEX,2,0.5,12,4,4,12,1,0,2.0
HIST_FRA_ARG_20180630,ARG,3,0.5,12,4,4,12,1,0,3.0
HIST_FRA_BEL_20180710,FRA,1,0.5,12,4,4,12,1,0,1.0
HIST_FRA_CRO_20180715,CRO,2,0.5,12,4,4,12,1,0,2.0
HIST_POR_CRO_20180906,POR,1,0.5,12,4,4,12,1,0,1.0
HIST_POR_CRO_20180906,CRO,1,0.5,12,4,4,12,1,0,1.0
HIST_ENG_ESP_20180908,ENG,1,0.5,12,4,4,12,1,0,1.0
HIST_ENG_ESP_20180908,ESP,2,0.5,12,4,4,12,1,0,2.0
HIST_UZB_QAT_20181016,UZB,2,0.5,12,4,4,12,1,0,2.0
HIST_SUI_QAT_20181114,SUI,0,0.5,12,4,4,12,1,0,0.0
HIST_ARG_MEX_20181116,MEX,0,0.5,12,4,4,12,1,0,0.0
HIST_TUR_SWE_20181117,SWE,1,0.5,12,4,4,12,1,0,1.0
HIST_SUI_BEL_20181118,SUI,5,0.5,12,4,4,12,1,0,5.0
HIST_SUI_BEL_20181118,BEL,2,0.5,12,4,4,12,1,0,2.0
HIST_GER_NED_20181119,NED,2,0.5,12,4,4,12,1,0,2.0
HIST_FRA_URU_20181120,URU,0,0.5,12,4,4,12,1,0,0.0
HIST_RSA_PAR_20181120,PAR,1,0.5,12,4,4,12,1,0,1.0
HIST_QAT_ALG_20181227,QAT,0,0.5,12,4,4,12,1,0,0.0
HIST_IRN_JPN_20190128,IRN,0,0.5,12,4,4,12,1,0,0.0
HIST_ALG_TUN_20190326,TUN,0,0.5,12,4,4,12,1,0,0.0
HIST_CZE_BRA_20190326,CZE,1,0.5,12,4,4,12,1,0,1.0
HIST_COL_PAN_20190603,COL,3,0.5,12,4,4,12,1,0,3.0
HIST_COL_PAN_20190603,PAN,0,0.5,12,4,4,12,1,0,0.0
HIST_KOR_AUS_20190607,AUS,0,0.5,12,4,4,12,1,0,0.0
HIST_TUN_IRQ_20190607,TUN,2,0.5,12,4,4,12,1,0,2.0
HIST_TUN_IRQ_20190607,IRQ,0,0.5,12,4,4,12,1,0,0.0
HIST_PAR_QAT_20190616,PAR,2,0.5,12,4,4,12,1,0,2.0
HIST_ARG_PAR_20190619,PAR,1,0.5,12,4,4,12,1,0,1.0
HIST_ECU_JPN_20190624,JPN,1,0.5,12,4,4,12,1,0,1.0
HIST_HAI_CAN_20190629,CAN,2,0.5,12,4,4,12,1,0,2.0
HIST_USA_CUW_20190630,USA,1,0.5,12,4,4,12,1,0,1.0
HIST_BRA_COL_20190906,BRA,2,0.5,12,4,4,12,1,0,2.0
HIST_USA_MEX_20190906,MEX,3,0.5,12,4,4,12,1,0,3.0
HIST_CUW_HAI_20190907,CUW,1,0.5,12,4,4,12,1,0,1.0
HIST_IRQ_IRN_20191114,IRN,1,0.5,12,4,4,12,1,0,1.0
HIST_BRA_ARG_20191115,BRA,0,0.5,12,4,4,12,1,0,0.0
HIST_KSA_PAR_20191119,KSA,0,0.5,12,4,4,12,1,0,0.0
HIST_KOR_JPN_20191218,JPN,0,0.5,12,4,4,12,1,0,0.0
HIST_SWE_FRA_20200905,SWE,0,0.5,12,4,4,12,1,0,0.0
HIST_SWE_FRA_20200905,FRA,1,0.5,12,4,4,12,1,0,1.0
HIST_CZE_SCO_20200907,CZE,1,0.5,12,4,4,12,1,0,1.0
HIST_SWE_POR_20200908,POR,2,0.5,12,4,4,12,1,0,2.0
HIST_UZB_IRN_20201008,UZB,1,0.5,12,4,4,12,1,0,1.0
HIST_ENG_BEL_20201011,ENG,2,0.5,12,4,4,12,1,0,2.0
HIST_JPN_CIV_20201013,CIV,0,0.5,12,4,4,12,1,0,0.0
HIST_CRO_FRA_20201014,FRA,2,0.5,12,4,4,12,1,0,2.0
HIST_URU_BRA_20201117,URU,0,0.5,12,4,4,12,1,0,0.0
HIST_TUR_NED_20210324,NED,2,0.5,12,4,4,12,1,0,2.0
HIST_ESP_SWE_20210614,ESP,0,0.5,12,4,4,12,1,0,0.0
HIST_GER_POR_20210619,GER,4,0.5,12,4,4,12,1,0,4.0
HIST_GER_POR_20210619,POR,2,0.5,12,4,4,12,1,0,2.0
HIST_FRA_SUI_20210628,FRA,3,0.5,12,4,4,12,1,0,3.0
HIST_MEX_PAN_20210630,MEX,3,0.5,12,4,4,12,1,0,3.0
HIST_ARG_ECU_20210703,ECU,0,0.5,12,4,4,12,1,0,0.0
HIST_BRA_ARG_20210710,BRA,0,0.5,12,4,4,12,1,0,0.0
HIST_USA_QAT_20210729,USA,1,0.5,12,4,4,12,1,0,1.0
HIST_KOR_IRQ_20210902,IRQ,0,0.5,12,4,4,12,1,0,0.0
HIST_PAR_COL_20210905,COL,1,0.5,12,4,4,12,1,0,1.0
HIST_CUW_NZL_20211009,CUW,1,0.5,12,4,4,12,1,0,1.0
HIST_COL_BRA_20211010,COL,0,0.5,12,4,4,12,1,0,0.0
HIST_COL_ECU_20211014,COL,0,0.5,12,4,4,12,1,0,0.0
HIST_BRA_URU_20211014,BRA,4,0.5,12,4,4,12,1,0,4.0
HIST_QAT_IRQ_20211206,QAT,3,0.5,12,4,4,12,1,0,3.0
HIST_ALG_EGY_20211207,EGY,1,0.5,12,4,4,12,1,0,1.0
HIST_MAR_ALG_20211211,ALG,2,0.5,12,4,4,12,1,0,2.0
HIST_PAN_JAM_20220130,PAN,3,0.5,12,4,4,12,1,0,3.0
HIST_BRA_PAR_20220201,PAR,0,0.5,12,4,4,12,1,0,0.0
HIST_MEX_USA_20220324,MEX,0,0.5,12,4,4,12,1,0,0.0
HIST_POR_TUR_20220324,POR,3,0.5,12,4,4,12,1,0,3.0
HIST_POR_TUR_20220324,TUR,1,0.5,12,4,4,12,1,0,1.0
HIST_AUT_SCO_20220329,SCO,2,0.5,12,4,4,12,1,0,2.0
HIST_USA_MAR_20220601,MAR,0,0.5,12,4,4,12,1,0,0.0
HIST_MEX_URU_20220602,MEX,0,0.5,12,4,4,12,1,0,0.0
HIST_SWE_NOR_20220605,SWE,1,0.5,12,4,4,12,1,0,1.0
HIST_MEX_ECU_20220605,ECU,0,0.5,12,4,4,12,1,0,0.0
HIST_FRA_AUT_20220922,FRA,2,0.5,12,4,4,12,1,0,2.0
HIST_ITA_ENG_20220923,ITA,1,0.5,12,4,4,12,1,0,1.0
HIST_ESP_SUI_20220924,ESP,1,0.5,12,4,4,12,1,0,1.0
HIST_MEX_IRQ_20221109,MEX,4,0.5,12,4,4,12,1,0,4.0
HIST_IRN_TUN_20221116,TUN,2,0.5,12,4,4,12,1,0,2.0
HIST_JOR_ESP_20221117,JOR,1,0.5,12,4,4,12,1,0,1.0
HIST_ARG_KSA_20221122,ARG,1,0.5,12,4,4,12,1,0,1.0
HIST_GER_JPN_20221123,JPN,2,0.5,12,4,4,12,1,0,2.0
HIST_MAR_CRO_20221123,MAR,0,0.5,12,4,4,12,1,0,0.0
HIST_CRO_MAR_20221217,CRO,2,0.5,12,4,4,12,1,0,2.0
HIST_CUW_CAN_20230325,CAN,2,0.5,12,4,4,12,1,0,2.0
HIST_ARG_CUW_20230328,CUW,0,0.5,12,4,4,12,1,0,0.0
HIST_AUS_ECU_20230328,AUS,1,0.5,12,4,4,12,1,0,1.0
HIST_NOR_SCO_20230617,NOR,1,0.5,12,4,4,12,1,0,1.0
HIST_USA_CAN_20230618,USA,2,0.5,12,4,4,12,1,0,2.0
HIST_JAM_JOR_20230619,JOR,2,0.5,12,4,4,12,1,0,2.0
HIST_AUT_SWE_20230620,SWE,0,0.5,12,4,4,12,1,0,0.0
HIST_HAI_QAT_20230625,HAI,2,0.5,12,4,4,12,1,0,2.0
HIST_MEX_PAN_20230716,MEX,1,0.5,12,4,4,12,1,0,1.0
HIST_ECU_URU_20230912,ECU,2,0.5,12,4,4,12,1,0,2.0
HIST_KOR_TUN_20231013,TUN,0,0.5,12,4,4,12,1,0,0.0
HIST_NOR_ESP_20231015,NOR,0,0.5,12,4,4,12,1,0,0.0
HIST_BEL_SWE_20231016,BEL,1,0.5,12,4,4,12,1,0,1.0
HIST_AUS_NZL_20231017,NZL,0,0.5,12,4,4,12,1,0,0.0
HIST_QAT_JOR_20240105,QAT,1,0.5,12,4,4,12,1,0,1.0
HIST_CPV_EGY_20240122,CPV,2,0.5,12,4,4,12,1,0,2.0
HIST_PAN_MEX_20240321,MEX,3,0.5,12,4,4,12,1,0,3.0
HIST_NED_SCO_20240322,NED,4,0.5,12,4,4,12,1,0,4.0
HIST_AUT_TUR_20240326,TUR,1,0.5,12,4,4,12,1,0,1.0
HIST_ESP_BRA_20240326,ESP,3,0.5,12,4,4,12,1,0,3.0
HIST_SCO_SUI_20240619,SUI,1,0.5,12,4,4,12,1,0,1.0
HIST_TUR_POR_20240622,TUR,0,0.5,12,4,4,12,1,0,0.0
HIST_TUR_POR_20240622,POR,3,0.5,12,4,4,12,1,0,3.0
HIST_URU_PAN_20240623,PAN,1,0.5,12,4,4,12,1,0,1.0
HIST_URU_COL_20240710,COL,1,0.5,12,4,4,12,1,0,1.0
HIST_MEX_NZL_20240907,NZL,0,0.5,12,4,4,12,1,0,0.0
HIST_GER_NED_20241014,GER,1,0.5,12,4,4,12,1,0,1.0
HIST_JAM_USA_20241114,JAM,0,0.5,12,4,4,12,1,0,0.0
HIST_AUS_KSA_20241114,KSA,0,0.5,12,4,4,12,1,0,0.0
HIST_SCO_CRO_20241115,SCO,1,0.5,12,4,4,12,1,0,1.0
HIST_FRA_CRO_20250323,CRO,0,0.5,12,4,4,12,1,0,0.0
HIST_IRN_UZB_20250325,IRN,2,0.5,12,4,4,12,1,0,2.0
HIST_CIV_NZL_20250607,NZL,1,0.5,12,4,4,12,1,0,1.0
HIST_USA_KSA_20250619,USA,1,0.5,12,4,4,12,1,0,1.0
HIST_KOR_BRA_20251010,BRA,5,0.5,12,4,4,12,1,0,5.0
HIST_KOR_PAR_20251014,KOR,2,0.5,12,4,4,12,1,0,2.0
HIST_MEX_ECU_20251014,ECU,1,0.5,12,4,4,12,1,0,1.0
HIST_USA_AUS_20251014,USA,2,0.5,12,4,4,12,1,0,2.0
HIST_CAN_ECU_20251113,CAN,0,0.5,12,4,4,12,1,0,0.0
HIST_USA_URU_20251118,USA,5,0.5,12,4,4,12,1,0,5.0
HIST_ALG_IRQ_20251209,IRQ,0,0.5,12,4,4,12,1,0,0.0
HIST_JOR_MAR_20251218,JOR,2,0.5,12,4,4,12,1,0,2.0
HIST_MAR_ECU_20260327,MAR,1,0.5,12,4,4,12,1,0,1.0
HIST_GER_GHA_20260330,GER,2,0.5,12,4,4,12,1,0,2.0
HIST_FRA_CIV_20260604,FRA,1,0.5,12,4,4,12,1,0,1.0
HIST_ESP_IRQ_20260604,IRQ,1,0.5,12,4,4,12,1,0,1.0
HIST_JAM_RSA_20260606,JAM,0,0.5,12,4,4,12,1,0,0.0
HIST_JAM_RSA_20260606,RSA,1,0.5,12,4,4,12,1,0,1.0
HIST_JAM_NZL_20000116,JAM,2,0.5,12,4,4,12,1,0,2.0
HIST_NOR_SWE_20000204,NOR,1,0.5,12,4,4,12,1,0,1.0
HIST_CAN_COL_20000227,CAN,2,0.5,12,4,4,12,1,0,2.0
HIST_BEL_NED_20000329,BEL,2,0.5,12,4,4,12,1,0,2.0
HIST_CPV_ALG_20000409,ALG,0,0.5,12,4,4,12,1,0,0.0
HIST_ALG_CPV_20000421,CPV,0,0.5,12,4,4,12,1,0,0.0
HIST_BRA_ECU_20000426,ECU,2,0.5,12,4,4,12,1,0,2.0
HIST_JAM_PAN_20000514,JAM,0,0.5,12,4,4,12,1,0,0.0
HIST_ALG_SEN_20000616,SEN,1,0.5,12,4,4,12,1,0,1.0
HIST_BRA_URU_20000628,BRA,1,0.5,12,4,4,12,1,0,1.0
HIST_NED_ITA_20000629,ITA,0,0.5,12,4,4,12,1,0,0.0
HIST_FRA_ITA_20000702,ITA,1,0.5,12,4,4,12,1,0,1.0
HIST_MAR_ALG_20000709,MAR,2,0.5,12,4,4,12,1,0,2.0
HIST_PAR_BRA_20000718,BRA,1,0.5,12,4,4,12,1,0,1.0
HIST_AUT_ESP_20001011,ESP,1,0.5,12,4,4,12,1,0,1.0
HIST_IRN_IRQ_20001018,IRN,1,0.5,12,4,4,12,1,0,1.0
HIST_IRN_KOR_20001023,KOR,2,0.5,12,4,4,12,1,0,2.0
HIST_KOR_NOR_20010124,KOR,2,0.5,12,4,4,12,1,0,2.0
HIST_ECU_BRA_20010328,ECU,1,0.5,12,4,4,12,1,0,1.0
HIST_ECU_PAR_20010424,ECU,2,0.5,12,4,4,12,1,0,2.0
HIST_FRA_POR_20010425,POR,0,0.5,12,4,4,12,1,0,0.0
HIST_JOR_UZB_20010507,UZB,1,0.5,12,4,4,12,1,0,1.0
HIST_FRA_MEX_20010603,MEX,0,0.5,12,4,4,12,1,0,0.0
HIST_UZB_QAT_20010826,UZB,2,0.5,12,4,4,12,1,0,2.0
HIST_SCO_CRO_20010901,CRO,0,0.5,12,4,4,12,1,0,0.0
HIST_ARG_BRA_20010905,BRA,1,0.5,12,4,4,12,1,0,1.0
HIST_PAR_ARG_20011007,ARG,2,0.5,12,4,4,12,1,0,2.0
HIST_JPN_ITA_20011107,JPN,1,0.5,12,4,4,12,1,0,1.0
HIST_RSA_EGY_20011110,EGY,0,0.5,12,4,4,12,1,0,0.0
HIST_KOR_USA_20011209,USA,0,0.5,12,4,4,12,1,0,0.0
HIST_ECU_HAI_20020120,ECU,0,0.5,12,4,4,12,1,0,0.0
HIST_FRA_SCO_20020327,FRA,5,0.5,12,4,4,12,1,0,5.0
HIST_ITA_URU_20020417,ITA,1,0.5,12,4,4,12,1,0,1.0
HIST_POR_BRA_20020417,BRA,1,0.5,12,4,4,12,1,0,1.0
HIST_RSA_TUR_20020523,RSA,2,0.5,12,4,4,12,1,0,2.0
HIST_KOR_FRA_20020526,KOR,2,0.5,12,4,4,12,1,0,2.0
HIST_ENG_SWE_20020602,SWE,1,0.5,12,4,4,12,1,0,1.0
HIST_CRO_MEX_20020603,MEX,1,0.5,12,4,4,12,1,0,1.0
HIST_JPN_TUN_20020614,JPN,2,0.5,12,4,4,12,1,0,2.0
HIST_JPN_TUN_20020614,TUN,0,0.5,12,4,4,12,1,0,0.0
HIST_KOR_ESP_20020622,ESP,0,0.5,12,4,4,12,1,0,0.0
HIST_ENG_POR_20020907,POR,1,0.5,12,4,4,12,1,0,1.0
HIST_RSA_SEN_20021119,RSA,1,0.5,12,4,4,12,1,0,1.0
HIST_ITA_TUR_20021120,ITA,1,0.5,12,4,4,12,1,0,1.0
HIST_JPN_ARG_20021120,ARG,2,0.5,12,4,4,12,1,0,2.0
HIST_QAT_IRQ_20021120,IRQ,1,0.5,12,4,4,12,1,0,1.0
HIST_USA_CAN_20030118,CAN,0,0.5,12,4,4,12,1,0,0.0
HIST_MEX_COL_20030212,COL,0,0.5,12,4,4,12,1,0,0.0
HIST_NED_ARG_20030212,ARG,0,0.5,12,4,4,12,1,0,0.0
HIST_TUN_GHA_20030327,TUN,2,0.5,12,4,4,12,1,0,2.0
HIST_NED_CZE_20030329,CZE,1,0.5,12,4,4,12,1,0,1.0
HIST_FRA_EGY_20030430,FRA,5,0.5,12,4,4,12,1,0,5.0
HIST_GER_CAN_20030601,GER,4,0.5,12,4,4,12,1,0,4.0
HIST_KOR_URU_20030608,KOR,0,0.5,12,4,4,12,1,0,0.0
HIST_JPN_PAR_20030611,JPN,0,0.5,12,4,4,12,1,0,0.0
HIST_NZL_JPN_20030618,JPN,3,0.5,12,4,4,12,1,0,3.0
HIST_USA_PAR_20030706,PAR,0,0.5,12,4,4,12,1,0,0.0
HIST_NOR_SCO_20030820,SCO,0,0.5,12,4,4,12,1,0,0.0
HIST_PAN_PAR_20030820,PAN,1,0.5,12,4,4,12,1,0,1.0
HIST_NOR_POR_20030910,POR,1,0.5,12,4,4,12,1,0,1.0
HIST_AUT_CZE_20031011,CZE,3,0.5,12,4,4,12,1,0,3.0
HIST_IRN_NZL_20031012,IRN,3,0.5,12,4,4,12,1,0,3.0
HIST_BRA_URU_20031119,BRA,3,0.5,12,4,4,12,1,0,3.0
HIST_JPN_KOR_20031210,JPN,0,0.5,12,4,4,12,1,0,0.0
HIST_MAR_RSA_20040204,MAR,1,0.5,12,4,4,12,1,0,1.0
HIST_ITA_CZE_20040218,ITA,2,0.5,12,4,4,12,1,0,2.0
HIST_JOR_QAT_20040331,QAT,0,0.5,12,4,4,12,1,0,0.0
HIST_PAR_BRA_20040331,PAR,0,0.5,12,4,4,12,1,0,0.0
HIST_MAR_ARG_20040428,ARG,1,0.5,12,4,4,12,1,0,1.0
HIST_POR_SWE_20040428,POR,2,0.5,12,4,4,12,1,0,2.0
HIST_AUS_NZL_20040529,NZL,0,0.5,12,4,4,12,1,0,0.0
HIST_TUN_ITA_20040530,TUN,0,0.5,12,4,4,12,1,0,0.0
HIST_GER_CZE_20040623,GER,1,0.5,12,4,4,12,1,0,1.0
HIST_IRN_IRQ_20040623,IRN,2,0.5,12,4,4,12,1,0,2.0
HIST_MEX_URU_20040707,URU,2,0.5,12,4,4,12,1,0,2.0
HIST_ARG_MEX_20040710,ARG,0,0.5,12,4,4,12,1,0,0.0
HIST_MEX_ECU_20040713,ECU,1,0.5,12,4,4,12,1,0,1.0
HIST_JAM_USA_20040818,JAM,1,0.5,12,4,4,12,1,0,1.0
HIST_JPN_ARG_20040818,JPN,1,0.5,12,4,4,12,1,0,1.0
HIST_AUT_ENG_20040904,ENG,2,0.5,12,4,4,12,1,0,2.0
HIST_JAM_PAN_20040904,PAN,2,0.5,12,4,4,12,1,0,2.0
HIST_JOR_IRN_20040908,IRN,2,0.5,12,4,4,12,1,0,2.0
HIST_SWE_CRO_20040908,SWE,0,0.5,12,4,4,12,1,0,0.0
HIST_JAM_HAI_20041128,JAM,3,0.5,12,4,4,12,1,0,3.0
HIST_FRA_SWE_20050209,FRA,1,0.5,12,4,4,12,1,0,1.0
HIST_FRA_SWE_20050209,SWE,1,0.5,12,4,4,12,1,0,1.0
HIST_GER_ARG_20050209,GER,2,0.5,12,4,4,12,1,0,2.0
HIST_KSA_KOR_20050325,KOR,0,0.5,12,4,4,12,1,0,0.0
HIST_MEX_USA_20050327,MEX,2,0.5,12,4,4,12,1,0,2.0
HIST_COL_ENG_20050531,ENG,3,0.5,12,4,4,12,1,0,3.0
HIST_NOR_ITA_20050604,ITA,0,0.5,12,4,4,12,1,0,0.0
HIST_COL_ECU_20050608,COL,3,0.5,12,4,4,12,1,0,3.0
HIST_RSA_MEX_20050708,MEX,1,0.5,12,4,4,12,1,0,1.0
HIST_USA_JAM_20050716,JAM,1,0.5,12,4,4,12,1,0,1.0
HIST_KOR_KSA_20050817,KOR,0,0.5,12,4,4,12,1,0,0.0
HIST_URU_COL_20050904,COL,2,0.5,12,4,4,12,1,0,2.0
HIST_BEL_ESP_20051008,BEL,0,0.5,12,4,4,12,1,0,0.0
HIST_ECU_URU_20051008,URU,0,0.5,12,4,4,12,1,0,0.0
HIST_AUS_JAM_20051009,JAM,0,0.5,12,4,4,12,1,0,0.0
HIST_KOR_IRN_20051012,KOR,2,0.5,12,4,4,12,1,0,2.0
HIST_ENG_ARG_20051112,ARG,2,0.5,12,4,4,12,1,0,2.0
HIST_POR_CRO_20051112,POR,2,0.5,12,4,4,12,1,0,2.0
HIST_POR_CRO_20051112,CRO,0,0.5,12,4,4,12,1,0,0.0
HIST_EGY_TUN_20051116,EGY,1,0.5,12,4,4,12,1,0,1.0
HIST_TUR_SUI_20051116,TUR,4,0.5,12,4,4,12,1,0,4.0
HIST_TUR_SUI_20051116,SUI,2,0.5,12,4,4,12,1,0,2.0
HIST_TUN_GHA_20060115,GHA,0,0.5,12,4,4,12,1,0,0.0
HIST_CRO_IRN_20060528,CRO,2,0.5,12,4,4,12,1,0,2.0
HIST_NED_AUS_20060604,AUS,1,0.5,12,4,4,12,1,0,1.0
HIST_MEX_IRN_20060611,IRN,1,0.5,12,4,4,12,1,0,1.0
HIST_FRA_KOR_20060618,FRA,1,0.5,12,4,4,12,1,0,1.0
HIST_KSA_ESP_20060623,ESP,1,0.5,12,4,4,12,1,0,1.0
HIST_ESP_FRA_20060627,ESP,1,0.5,12,4,4,12,1,0,1.0
HIST_POR_FRA_20060705,FRA,1,0.5,12,4,4,12,1,0,1.0
HIST_JOR_IRQ_20060809,JOR,0,0.5,12,4,4,12,1,0,0.0
HIST_ITA_CRO_20060816,CRO,2,0.5,12,4,4,12,1,0,2.0
HIST_JPN_GHA_20061004,JPN,0,0.5,12,4,4,12,1,0,0.0
HIST_JOR_IRN_20061006,IRN,0,0.5,12,4,4,12,1,0,0.0
HIST_KOR_GHA_20061008,KOR,1,0.5,12,4,4,12,1,0,1.0
HIST_AUT_SUI_20061011,AUT,2,0.5,12,4,4,12,1,0,2.0
HIST_SUI_BRA_20061115,BRA,2,0.5,12,4,4,12,1,0,2.0
HIST_AUT_GHA_20070324,AUT,1,0.5,12,4,4,12,1,0,1.0
HIST_QAT_IRN_20070324,QAT,0,0.5,12,4,4,12,1,0,0.0
HIST_ITA_SCO_20070328,ITA,2,0.5,12,4,4,12,1,0,2.0
HIST_COL_ECU_20070623,ECU,1,0.5,12,4,4,12,1,0,1.0
HIST_ARG_USA_20070628,USA,1,0.5,12,4,4,12,1,0,1.0
HIST_BRA_ECU_20070704,BRA,1,0.5,12,4,4,12,1,0,1.0
HIST_MEX_ARG_20070711,ARG,3,0.5,12,4,4,12,1,0,3.0
HIST_JPN_KSA_20070725,JPN,2,0.5,12,4,4,12,1,0,2.0
HIST_JPN_KSA_20070725,KSA,3,0.5,12,4,4,12,1,0,3.0
HIST_ALG_BRA_20070822,BRA,2,0.5,12,4,4,12,1,0,2.0
HIST_SWE_USA_20070822,SWE,1,0.5,12,4,4,12,1,0,1.0
HIST_AUT_JPN_20070907,JPN,0,0.5,12,4,4,12,1,0,0.0
HIST_COL_PAR_20070912,COL,1,0.5,12,4,4,12,1,0,1.0
HIST_FRA_MAR_20071116,MAR,2,0.5,12,4,4,12,1,0,2.0
HIST_RSA_CAN_20071120,RSA,2,0.5,12,4,4,12,1,0,2.0
HIST_SUI_GER_20080326,SUI,0,0.5,12,4,4,12,1,0,0.0
HIST_SUI_GER_20080326,GER,4,0.5,12,4,4,12,1,0,4.0
HIST_FRA_ECU_20080527,ECU,0,0.5,12,4,4,12,1,0,0.0
HIST_ITA_BEL_20080530,ITA,3,0.5,12,4,4,12,1,0,3.0
HIST_BRA_CAN_20080531,CAN,2,0.5,12,4,4,12,1,0,2.0
HIST_FRA_PAR_20080531,PAR,0,0.5,12,4,4,12,1,0,0.0
HIST_ESP_USA_20080604,ESP,1,0.5,12,4,4,12,1,0,1.0
HIST_NED_ITA_20080609,ITA,0,0.5,12,4,4,12,1,0,0.0
HIST_SWE_ESP_20080614,ESP,2,0.5,12,4,4,12,1,0,2.0
HIST_CAN_JAM_20080820,JAM,1,0.5,12,4,4,12,1,0,1.0
HIST_COL_ECU_20080820,COL,0,0.5,12,4,4,12,1,0,0.0
HIST_JPN_URU_20080820,URU,3,0.5,12,4,4,12,1,0,3.0
HIST_ALG_SEN_20080905,ALG,3,0.5,12,4,4,12,1,0,3.0
HIST_ARG_PAR_20080906,PAR,1,0.5,12,4,4,12,1,0,1.0
HIST_CRO_ENG_20080910,CRO,1,0.5,12,4,4,12,1,0,1.0
HIST_ARG_URU_20081011,ARG,2,0.5,12,4,4,12,1,0,2.0
HIST_JAM_MEX_20081011,JAM,1,0.5,12,4,4,12,1,0,1.0
HIST_SCO_NOR_20081011,SCO,0,0.5,12,4,4,12,1,0,0.0
HIST_JPN_UZB_20081015,UZB,1,0.5,12,4,4,12,1,0,1.0
HIST_NOR_NED_20081015,NED,1,0.5,12,4,4,12,1,0,1.0
HIST_MEX_ECU_20081112,ECU,1,0.5,12,4,4,12,1,0,1.0
HIST_COL_HAI_20090211,COL,2,0.5,12,4,4,12,1,0,2.0
HIST_POR_SWE_20090328,POR,0,0.5,12,4,4,12,1,0,0.0
HIST_ESP_TUR_20090328,TUR,0,0.5,12,4,4,12,1,0,0.0
HIST_POR_RSA_20090331,RSA,0,0.5,12,4,4,12,1,0,0.0
HIST_QAT_IRQ_20090531,QAT,1,0.5,12,4,4,12,1,0,1.0
HIST_KOR_KSA_20090610,KSA,0,0.5,12,4,4,12,1,0,0.0
HIST_RSA_IRQ_20090614,RSA,0,0.5,12,4,4,12,1,0,0.0
HIST_RSA_IRQ_20090614,IRQ,0,0.5,12,4,4,12,1,0,0.0
HIST_ENG_CRO_20090909,CRO,1,0.5,12,4,4,12,1,0,1.0
HIST_FRA_AUT_20091014,FRA,3,0.5,12,4,4,12,1,0,3.0
HIST_EGY_ALG_20091114,EGY,2,0.5,12,4,4,12,1,0,2.0
HIST_ALG_EGY_20091118,EGY,0,0.5,12,4,4,12,1,0,0.0
HIST_AUT_ESP_20091118,AUT,1,0.5,12,4,4,12,1,0,1.0
HIST_FRA_ESP_20100303,ESP,2,0.5,12,4,4,12,1,0,2.0
HIST_ARG_HAI_20100505,ARG,4,0.5,12,4,4,12,1,0,4.0
HIST_MEX_SEN_20100510,MEX,1,0.5,12,4,4,12,1,0,1.0
HIST_ITA_MEX_20100603,ITA,1,0.5,12,4,4,12,1,0,1.0
HIST_JPN_CIV_20100604,JPN,0,0.5,12,4,4,12,1,0,0.0
HIST_USA_GHA_20100626,USA,1,0.5,12,4,4,12,1,0,1.0
HIST_NED_BRA_20100702,NED,2,0.5,12,4,4,12,1,0,2.0
HIST_PAR_ESP_20100703,PAR,0,0.5,12,4,4,12,1,0,0.0
HIST_URU_NED_20100706,NED,3,0.5,12,4,4,12,1,0,3.0
HIST_KOR_IRN_20100907,IRN,1,0.5,12,4,4,12,1,0,1.0
HIST_JPN_ARG_20101008,ARG,0,0.5,12,4,4,12,1,0,0.0
HIST_KOR_JPN_20101012,JPN,0,0.5,12,4,4,12,1,0,0.0
HIST_KSA_GHA_20101117,GHA,0,0.5,12,4,4,12,1,0,0.0
HIST_SWE_GER_20101117,GER,0,0.5,12,4,4,12,1,0,0.0
HIST_QAT_KSA_20101128,KSA,1,0.5,12,4,4,12,1,0,1.0
HIST_JOR_UZB_20110102,JOR,2,0.5,12,4,4,12,1,0,2.0
HIST_AUS_IRQ_20110122,IRQ,0,0.5,12,4,4,12,1,0,0.0
HIST_UZB_KOR_20110128,KOR,3,0.5,12,4,4,12,1,0,3.0
HIST_COL_ECU_20110326,COL,2,0.5,12,4,4,12,1,0,2.0
HIST_TUR_AUT_20110329,AUT,0,0.5,12,4,4,12,1,0,0.0
HIST_USA_PAR_20110329,PAR,1,0.5,12,4,4,12,1,0,1.0
HIST_USA_CAN_20110607,USA,2,0.5,12,4,4,12,1,0,2.0
HIST_CAN_PAN_20110614,CAN,1,0.5,12,4,4,12,1,0,1.0
HIST_ARG_COL_20110706,ARG,0,0.5,12,4,4,12,1,0,0.0
HIST_PAR_ECU_20111111,ECU,1,0.5,12,4,4,12,1,0,1.0
HIST_COL_ARG_20111115,ARG,2,0.5,12,4,4,12,1,0,2.0
HIST_ENG_SWE_20111115,SWE,0,0.5,12,4,4,12,1,0,0.0
HIST_GHA_TUN_20120205,TUN,1,0.5,12,4,4,12,1,0,1.0
HIST_JPN_UZB_20120229,JPN,0,0.5,12,4,4,12,1,0,0.0
HIST_NOR_ENG_20120526,ENG,1,0.5,12,4,4,12,1,0,1.0
HIST_USA_BRA_20120530,BRA,4,0.5,12,4,4,12,1,0,4.0
HIST_PAN_JAM_20120601,PAN,2,0.5,12,4,4,12,1,0,2.0
HIST_JOR_IRQ_20120603,JOR,1,0.5,12,4,4,12,1,0,1.0
HIST_CPV_TUN_20120609,CPV,1,0.5,12,4,4,12,1,0,1.0
HIST_ECU_COL_20120610,ECU,1,0.5,12,4,4,12,1,0,1.0
HIST_ESP_ITA_20120610,ESP,1,0.5,12,4,4,12,1,0,1.0
HIST_POR_NED_20120617,NED,1,0.5,12,4,4,12,1,0,1.0
HIST_BEL_NED_20120815,NED,2,0.5,12,4,4,12,1,0,2.0
HIST_CRO_SUI_20120815,CRO,2,0.5,12,4,4,12,1,0,2.0
HIST_CRO_SUI_20120815,SUI,4,0.5,12,4,4,12,1,0,4.0
HIST_CAN_PAN_20120907,CAN,1,0.5,12,4,4,12,1,0,1.0
HIST_COL_URU_20120907,COL,4,0.5,12,4,4,12,1,0,4.0
HIST_JAM_USA_20120907,USA,1,0.5,12,4,4,12,1,0,1.0
HIST_JOR_AUS_20120911,JOR,2,0.5,12,4,4,12,1,0,2.0
HIST_SEN_CIV_20121013,CIV,2,0.5,12,4,4,12,1,0,2.0
HIST_QAT_UZB_20121016,QAT,0,0.5,12,4,4,12,1,0,0.0
HIST_AUT_CIV_20121114,AUT,0,0.5,12,4,4,12,1,0,0.0
HIST_BRA_COL_20121114,COL,1,0.5,12,4,4,12,1,0,1.0
HIST_NED_GER_20121114,NED,0,0.5,12,4,4,12,1,0,0.0
HIST_SWE_ENG_20121114,ENG,2,0.5,12,4,4,12,1,0,2.0
HIST_IRQ_JOR_20121210,IRQ,1,0.5,12,4,4,12,1,0,1.0
HIST_GHA_EGY_20130110,GHA,3,0.5,12,4,4,12,1,0,3.0
HIST_RSA_ALG_20130112,RSA,0,0.5,12,4,4,12,1,0,0.0
HIST_USA_CAN_20130129,USA,0,0.5,12,4,4,12,1,0,0.0
HIST_CRO_KOR_20130206,KOR,0,0.5,12,4,4,12,1,0,0.0
HIST_MEX_USA_20130326,USA,0,0.5,12,4,4,12,1,0,0.0
HIST_JAM_MEX_20130604,MEX,1,0.5,12,4,4,12,1,0,1.0
HIST_ESP_ITA_20130627,ITA,0,0.5,12,4,4,12,1,0,0.0
HIST_ENG_SCO_20130814,ENG,3,0.5,12,4,4,12,1,0,3.0
HIST_COL_ECU_20130906,ECU,0,0.5,12,4,4,12,1,0,0.0
HIST_GER_AUT_20130906,AUT,0,0.5,12,4,4,12,1,0,0.0
HIST_SCO_BEL_20130906,SCO,0,0.5,12,4,4,12,1,0,0.0
HIST_NOR_SUI_20130910,NOR,0,0.5,12,4,4,12,1,0,0.0
HIST_MEX_PAN_20131011,MEX,2,0.5,12,4,4,12,1,0,2.0
HIST_SWE_AUT_20131011,AUT,1,0.5,12,4,4,12,1,0,1.0
HIST_CIV_SEN_20131012,SEN,1,0.5,12,4,4,12,1,0,1.0
HIST_GHA_EGY_20131015,EGY,1,0.5,12,4,4,12,1,0,1.0
HIST_AUT_USA_20131119,USA,0,0.5,12,4,4,12,1,0,0.0
HIST_BEL_JPN_20131119,JPN,3,0.5,12,4,4,12,1,0,3.0
HIST_EGY_GHA_20131119,GHA,1,0.5,12,4,4,12,1,0,1.0
HIST_TUR_SWE_20140305,TUR,2,0.5,12,4,4,12,1,0,2.0
HIST_BRA_PAN_20140603,PAN,0,0.5,12,4,4,12,1,0,0.0
HIST_COL_JOR_20140606,JOR,0,0.5,12,4,4,12,1,0,0.0
HIST_BRA_CRO_20140612,BRA,3,0.5,12,4,4,12,1,0,3.0
HIST_ESP_NED_20140613,ESP,1,0.5,12,4,4,12,1,0,1.0
HIST_CIV_JPN_20140614,JPN,1,0.5,12,4,4,12,1,0,1.0
HIST_GHA_USA_20140616,GHA,1,0.5,12,4,4,12,1,0,1.0
HIST_SEN_EGY_20140905,SEN,2,0.5,12,4,4,12,1,0,2.0
HIST_KOR_PAR_20141010,PAR,0,0.5,12,4,4,12,1,0,0.0
HIST_ITA_CRO_20141116,CRO,1,0.5,12,4,4,12,1,0,1.0
HIST_IRN_KOR_20141118,IRN,1,0.5,12,4,4,12,1,0,1.0
HIST_UZB_JOR_20141221,UZB,2,0.5,12,4,4,12,1,0,2.0
HIST_UZB_IRQ_20141225,UZB,1,0.5,12,4,4,12,1,0,1.0
HIST_SWE_CIV_20150115,CIV,0,0.5,12,4,4,12,1,0,0.0
HIST_ALG_RSA_20150119,ALG,3,0.5,12,4,4,12,1,0,3.0
HIST_GHA_SEN_20150119,SEN,2,0.5,12,4,4,12,1,0,2.0
HIST_JPN_JOR_20150120,JPN,2,0.5,12,4,4,12,1,0,2.0
HIST_CRO_NOR_20150328,CRO,5,0.5,12,4,4,12,1,0,5.0
HIST_PAN_ECU_20150603,ECU,1,0.5,12,4,4,12,1,0,1.0
HIST_ITA_POR_20150616,ITA,0,0.5,12,4,4,12,1,0,0.0
HIST_POR_FRA_20150904,POR,0,0.5,12,4,4,12,1,0,0.0
HIST_MEX_ARG_20150908,ARG,2,0.5,12,4,4,12,1,0,2.0
HIST_SWE_AUT_20150908,AUT,4,0.5,12,4,4,12,1,0,4.0
HIST_MAR_CIV_20151009,CIV,1,0.5,12,4,4,12,1,0,1.0
HIST_ARG_BRA_20151113,ARG,1,0.5,12,4,4,12,1,0,1.0
HIST_FRA_GER_20151113,FRA,2,0.5,12,4,4,12,1,0,2.0
HIST_QAT_TUR_20151113,QAT,1,0.5,12,4,4,12,1,0,1.0
HIST_GER_ENG_20160326,GER,2,0.5,12,4,4,12,1,0,2.0
HIST_TUR_CRO_20160612,TUR,0,0.5,12,4,4,12,1,0,0.0
HIST_TUR_CRO_20160612,CRO,1,0.5,12,4,4,12,1,0,1.0
HIST_ITA_SWE_20160617,ITA,1,0.5,12,4,4,12,1,0,1.0
HIST_SWE_BEL_20160622,BEL,1,0.5,12,4,4,12,1,0,1.0
HIST_JOR_QAT_20160818,JOR,2,0.5,12,4,4,12,1,0,2.0
HIST_BRA_COL_20160906,BRA,2,0.5,12,4,4,12,1,0,2.0
HIST_QAT_UZB_20160906,QAT,0,0.5,12,4,4,12,1,0,0.0
HIST_PAR_COL_20161006,PAR,0,0.5,12,4,4,12,1,0,0.0
HIST_MEX_NZL_20161008,MEX,2,0.5,12,4,4,12,1,0,2.0
HIST_MAR_CIV_20161112,CIV,0,0.5,12,4,4,12,1,0,0.0
HIST_EGY_GHA_20161113,EGY,2,0.5,12,4,4,12,1,0,2.0
HIST_FRA_CIV_20161115,CIV,0,0.5,12,4,4,12,1,0,0.0
HIST_KOR_UZB_20161115,UZB,1,0.5,12,4,4,12,1,0,1.0
HIST_IRN_IRQ_20170318,IRN,0,0.5,12,4,4,12,1,0,0.0
HIST_IRQ_AUS_20170323,AUS,1,0.5,12,4,4,12,1,0,1.0
HIST_QAT_IRN_20170323,IRN,1,0.5,12,4,4,12,1,0,1.0
HIST_ESP_COL_20170607,COL,2,0.5,12,4,4,12,1,0,2.0
HIST_AUS_KSA_20170608,AUS,3,0.5,12,4,4,12,1,0,3.0
HIST_NOR_SWE_20170613,SWE,1,0.5,12,4,4,12,1,0,1.0
HIST_GER_MEX_20170629,GER,4,0.5,12,4,4,12,1,0,4.0
HIST_CUW_JAM_20170709,CUW,0,0.5,12,4,4,12,1,0,0.0
HIST_CUW_JAM_20170709,JAM,2,0.5,12,4,4,12,1,0,2.0
HIST_MEX_PAN_20170901,PAN,0,0.5,12,4,4,12,1,0,0.0
HIST_KSA_JPN_20170905,KSA,1,0.5,12,4,4,12,1,0,1.0
HIST_KSA_JPN_20170905,JPN,0,0.5,12,4,4,12,1,0,0.0
HIST_COL_PAR_20171005,PAR,2,0.5,12,4,4,12,1,0,2.0
HIST_NED_SWE_20171010,SWE,0,0.5,12,4,4,12,1,0,0.0
HIST_ENG_GER_20171110,GER,0,0.5,12,4,4,12,1,0,0.0
HIST_JAM_KOR_20180130,JAM,2,0.5,12,4,4,12,1,0,2.0
HIST_GER_ESP_20180323,ESP,1,0.5,12,4,4,12,1,0,1.0
HIST_NED_ENG_20180323,NED,0,0.5,12,4,4,12,1,0,0.0
HIST_CAN_NZL_20180324,NZL,0,0.5,12,4,4,12,1,0,0.0
HIST_ESP_ARG_20180327,ESP,6,0.5,12,4,4,12,1,0,6.0
HIST_IRN_UZB_20180519,UZB,0,0.5,12,4,4,12,1,0,0.0
HIST_TUR_TUN_20180601,TUR,2,0.5,12,4,4,12,1,0,2.0
HIST_URU_UZB_20180607,URU,3,0.5,12,4,4,12,1,0,3.0
HIST_GER_KSA_20180608,KSA,1,0.5,12,4,4,12,1,0,1.0
HIST_SUI_JPN_20180608,JPN,0,0.5,12,4,4,12,1,0,0.0
HIST_JPN_PAR_20180612,PAR,2,0.5,12,4,4,12,1,0,2.0
HIST_COL_JPN_20180619,JPN,2,0.5,12,4,4,12,1,0,2.0
HIST_POR_MAR_20180620,MAR,0,0.5,12,4,4,12,1,0,0.0
HIST_BEL_TUN_20180623,TUN,2,0.5,12,4,4,12,1,0,2.0
HIST_KOR_GER_20180627,KOR,2,0.5,12,4,4,12,1,0,2.0
HIST_BRA_MEX_20180702,BRA,2,0.5,12,4,4,12,1,0,2.0
HIST_FRA_NED_20180909,NED,1,0.5,12,4,4,12,1,0,1.0
HIST_ENG_SUI_20180911,ENG,1,0.5,12,4,4,12,1,0,1.0
HIST_UZB_IRN_20180911,UZB,0,0.5,12,4,4,12,1,0,0.0
HIST_NED_GER_20181013,GER,0,0.5,12,4,4,12,1,0,0.0
HIST_JPN_URU_20181016,JPN,4,0.5,12,4,4,12,1,0,4.0
HIST_ARG_BRA_20181016,BRA,1,0.5,12,4,4,12,1,0,1.0
HIST_CRO_ESP_20181115,ESP,2,0.5,12,4,4,12,1,0,2.0
HIST_ENG_USA_20181115,ENG,3,0.5,12,4,4,12,1,0,3.0
HIST_BRA_URU_20181116,BRA,1,0.5,12,4,4,12,1,0,1.0
HIST_ITA_POR_20181117,POR,0,0.5,12,4,4,12,1,0,0.0
HIST_AUS_KOR_20181117,KOR,1,0.5,12,4,4,12,1,0,1.0
HIST_AUS_JOR_20190106,JOR,1,0.5,12,4,4,12,1,0,1.0
HIST_BRA_PAN_20190323,PAN,1,0.5,12,4,4,12,1,0,1.0
HIST_MAR_ARG_20190326,MAR,0,0.5,12,4,4,12,1,0,0.0
HIST_TUR_UZB_20190602,TUR,2,0.5,12,4,4,12,1,0,2.0
HIST_BRA_PAR_20190627,PAR,0,0.5,12,4,4,12,1,0,0.0
HIST_JAM_PAN_20190630,PAN,0,0.5,12,4,4,12,1,0,0.0
HIST_EGY_RSA_20190706,EGY,0,0.5,12,4,4,12,1,0,0.0
HIST_JPN_PAR_20190905,JPN,2,0.5,12,4,4,12,1,0,2.0
HIST_GER_NED_20190906,NED,4,0.5,12,4,4,12,1,0,4.0
HIST_NOR_ESP_20191012,NOR,1,0.5,12,4,4,12,1,0,1.0
HIST_ECU_ARG_20191013,ECU,1,0.5,12,4,4,12,1,0,1.0
HIST_JOR_AUS_20191114,JOR,0,0.5,12,4,4,12,1,0,0.0
HIST_ARG_URU_20191118,URU,2,0.5,12,4,4,12,1,0,2.0
HIST_POR_CRO_20200905,POR,4,0.5,12,4,4,12,1,0,4.0
HIST_POR_CRO_20200905,CRO,1,0.5,12,4,4,12,1,0,1.0
HIST_POR_ESP_20201007,POR,0,0.5,12,4,4,12,1,0,0.0
HIST_COL_URU_20201113,COL,0,0.5,12,4,4,12,1,0,0.0
HIST_SUI_ESP_20201114,SUI,1,0.5,12,4,4,12,1,0,1.0
HIST_MEX_KOR_20201114,MEX,3,0.5,12,4,4,12,1,0,3.0
HIST_AUS_JOR_20210615,AUS,1,0.5,12,4,4,12,1,0,1.0
HIST_IRN_IRQ_20210615,IRN,1,0.5,12,4,4,12,1,0,1.0
HIST_CUW_PAN_20210615,CUW,0,0.5,12,4,4,12,1,0,0.0
HIST_SCO_CRO_20210622,SCO,1,0.5,12,4,4,12,1,0,1.0
HIST_BRA_ECU_20210627,BRA,1,0.5,12,4,4,12,1,0,1.0
HIST_ECU_PAR_20210902,PAR,0,0.5,12,4,4,12,1,0,0.0
HIST_HAI_JOR_20210904,JOR,0,0.5,12,4,4,12,1,0,0.0
HIST_USA_CAN_20210905,USA,1,0.5,12,4,4,12,1,0,1.0
HIST_PAN_MEX_20210908,MEX,1,0.5,12,4,4,12,1,0,1.0
HIST_KSA_JPN_20211007,KSA,1,0.5,12,4,4,12,1,0,1.0
HIST_KSA_JPN_20211007,JPN,0,0.5,12,4,4,12,1,0,0.0
HIST_CUW_NZL_20211009,NZL,2,0.5,12,4,4,12,1,0,2.0
HIST_BRA_COL_20211111,BRA,1,0.5,12,4,4,12,1,0,1.0
HIST_COL_PAR_20211116,COL,0,0.5,12,4,4,12,1,0,0.0
HIST_MAR_KSA_20211207,KSA,0,0.5,12,4,4,12,1,0,0.0
HIST_MAR_ALG_20211211,MAR,2,0.5,12,4,4,12,1,0,2.0
HIST_CAN_JAM_20220327,CAN,4,0.5,12,4,4,12,1,0,4.0
HIST_AUS_JOR_20220601,AUS,2,0.5,12,4,4,12,1,0,2.0
HIST_USA_URU_20220605,URU,0,0.5,12,4,4,12,1,0,0.0
HIST_POR_CZE_20220609,CZE,0,0.5,12,4,4,12,1,0,0.0
HIST_JPN_GHA_20220610,GHA,1,0.5,12,4,4,12,1,0,1.0
HIST_ENG_ITA_20220611,ENG,0,0.5,12,4,4,12,1,0,0.0
HIST_FRA_CRO_20220613,CRO,1,0.5,12,4,4,12,1,0,1.0
HIST_NZL_AUS_20220925,AUS,2,0.5,12,4,4,12,1,0,2.0
HIST_ECU_JPN_20220927,ECU,0,0.5,12,4,4,12,1,0,0.0
HIST_QAT_PAN_20221107,PAN,1,0.5,12,4,4,12,1,0,1.0
HIST_ENG_IRN_20221121,ENG,6,0.5,12,4,4,12,1,0,6.0
HIST_POR_URU_20221128,POR,2,0.5,12,4,4,12,1,0,2.0
HIST_QAT_NED_20221129,QAT,0,0.5,12,4,4,12,1,0,0.0
HIST_KSA_MEX_20221130,KSA,1,0.5,12,4,4,12,1,0,1.0
HIST_NED_USA_20221203,NED,3,0.5,12,4,4,12,1,0,3.0
HIST_MAR_ESP_20221206,ESP,0,0.5,12,4,4,12,1,0,0.0
HIST_ITA_ENG_20230323,ENG,2,0.5,12,4,4,12,1,0,2.0
HIST_AUS_ECU_20230324,AUS,3,0.5,12,4,4,12,1,0,3.0
HIST_JPN_URU_20230324,JPN,1,0.5,12,4,4,12,1,0,1.0
HIST_USA_MEX_20230419,MEX,1,0.5,12,4,4,12,1,0,1.0
HIST_ARG_AUS_20230615,ARG,2,0.5,12,4,4,12,1,0,2.0
HIST_JAM_QAT_20230615,QAT,2,0.5,12,4,4,12,1,0,2.0
HIST_NED_ITA_20230618,NED,2,0.5,12,4,4,12,1,0,2.0
HIST_GER_COL_20230620,COL,2,0.5,12,4,4,12,1,0,2.0
HIST_USA_JAM_20230624,USA,1,0.5,12,4,4,12,1,0,1.0
HIST_HAI_QAT_20230625,QAT,1,0.5,12,4,4,12,1,0,1.0
HIST_JAM_MEX_20230712,MEX,3,0.5,12,4,4,12,1,0,3.0
HIST_MEX_UZB_20230912,UZB,3,0.5,12,4,4,12,1,0,3.0
HIST_SWE_AUT_20230912,AUT,3,0.5,12,4,4,12,1,0,3.0
HIST_IRQ_QAT_20231013,QAT,0,0.5,12,4,4,12,1,0,0.0
HIST_MEX_GHA_20231014,MEX,2,0.5,12,4,4,12,1,0,2.0
HIST_USA_GER_20231014,USA,1,0.5,12,4,4,12,1,0,1.0
HIST_ARG_URU_20231116,ARG,0,0.5,12,4,4,12,1,0,0.0
HIST_JAM_CAN_20231118,JAM,1,0.5,12,4,4,12,1,0,1.0
HIST_CIV_SEN_20240129,SEN,1,0.5,12,4,4,12,1,0,1.0
HIST_KSA_KOR_20240130,KSA,1,0.5,12,4,4,12,1,0,1.0
HIST_QAT_UZB_20240203,QAT,1,0.5,12,4,4,12,1,0,1.0
HIST_EGY_CRO_20240326,CRO,4,0.5,12,4,4,12,1,0,4.0
HIST_PAR_BRA_20240628,PAR,1,0.5,12,4,4,12,1,0,1.0
HIST_USA_URU_20240701,URU,1,0.5,12,4,4,12,1,0,1.0
HIST_NED_TUR_20240706,NED,2,0.5,12,4,4,12,1,0,2.0
HIST_MEX_CAN_20240910,MEX,0,0.5,12,4,4,12,1,0,0.0
HIST_USA_JAM_20241118,USA,4,0.5,12,4,4,12,1,0,4.0
HIST_COL_ECU_20241119,ECU,1,0.5,12,4,4,12,1,0,1.0
HIST_UZB_JOR_20250122,JOR,0,0.5,12,4,4,12,1,0,0.0
HIST_CAN_MEX_20250320,MEX,2,0.5,12,4,4,12,1,0,2.0
HIST_URU_ARG_20250321,URU,0,0.5,12,4,4,12,1,0,0.0
HIST_PAN_JAM_20250624,JAM,1,0.5,12,4,4,12,1,0,1.0
HIST_AUS_NZL_20250905,NZL,0,0.5,12,4,4,12,1,0,0.0
HIST_CZE_KSA_20250908,CZE,1,0.5,12,4,4,12,1,0,1.0
HIST_CZE_CRO_20251009,CZE,0,0.5,12,4,4,12,1,0,0.0
HIST_CAN_AUS_20251010,CAN,0,0.5,12,4,4,12,1,0,0.0
HIST_KOR_BRA_20251010,KOR,0,0.5,12,4,4,12,1,0,0.0
HIST_USA_ECU_20251010,ECU,1,0.5,12,4,4,12,1,0,1.0
HIST_KSA_IRQ_20251014,KSA,0,0.5,12,4,4,12,1,0,0.0
HIST_KSA_IRQ_20251014,IRQ,0,0.5,12,4,4,12,1,0,0.0
HIST_KSA_CIV_20251114,KSA,1,0.5,12,4,4,12,1,0,1.0
HIST_MEX_URU_20251115,URU,0,0.5,12,4,4,12,1,0,0.0
HIST_BRA_TUN_20251118,TUN,1,0.5,12,4,4,12,1,0,1.0
HIST_MEX_POR_20260328,MEX,0,0.5,12,4,4,12,1,0,0.0
HIST_SCO_JPN_20260328,SCO,0,0.5,12,4,4,12,1,0,0.0
HIST_USA_BEL_20260328,BEL,5,0.5,12,4,4,12,1,0,5.0
HIST_BRA_CRO_20260331,BRA,3,0.5,12,4,4,12,1,0,3.0
HIST_SCO_CUW_20260530,CUW,1,0.5,12,4,4,12,1,0,1.0
HIST_SUI_JOR_20260531,SUI,4,0.5,12,4,4,12,1,0,4.0
HIST_CRO_BEL_20260602,CRO,0,0.5,12,4,4,12,1,0,0.0
HIST_CRO_BEL_20260602,BEL,2,0.5,12,4,4,12,1,0,2.0
HIST_BRA_EGY_20260606,EGY,1,0.5,12,4,4,12,1,0,1.0
HIST_JOR_COL_20260607,COL,2,0.5,12,4,4,12,1,0,2.0
HIST_NED_UZB_20260608,UZB,1,0.5,12,4,4,12,1,0,1.0
HIST_KSA_SEN_20260609,KSA,0,0.5,12,4,4,12,1,0,0.0
HIST_CIV_EGY_20000109,EGY,0,0.5,12,4,4,12,1,0,0.0
HIST_NZL_KOR_20000121,KOR,1,0.5,12,4,4,12,1,0,1.0
HIST_GHA_CIV_20000131,GHA,0,0.5,12,4,4,12,1,0,0.0
HIST_GHA_CIV_20000131,CIV,2,0.5,12,4,4,12,1,0,2.0
HIST_MEX_CAN_20000220,MEX,1,0.5,12,4,4,12,1,0,1.0
HIST_CRO_ESP_20000223,ESP,0,0.5,12,4,4,12,1,0,0.0
HIST_COL_BRA_20000328,COL,0,0.5,12,4,4,12,1,0,0.0
HIST_SCO_FRA_20000329,FRA,2,0.5,12,4,4,12,1,0,2.0
HIST_SUI_NOR_20000329,NOR,2,0.5,12,4,4,12,1,0,2.0
HIST_QAT_JOR_20000408,JOR,2,0.5,12,4,4,12,1,0,2.0
HIST_KOR_JPN_20000426,KOR,1,0.5,12,4,4,12,1,0,1.0
HIST_CPV_SEN_20000508,SEN,2,0.5,12,4,4,12,1,0,2.0
HIST_TUN_SEN_20000611,SEN,1,0.5,12,4,4,12,1,0,1.0
HIST_POR_ENG_20000612,ENG,2,0.5,12,4,4,12,1,0,2.0
HIST_ESP_NOR_20000613,ESP,0,0.5,12,4,4,12,1,0,0.0
HIST_BRA_URU_20000628,URU,1,0.5,12,4,4,12,1,0,1.0
HIST_FRA_ITA_20000702,FRA,2,0.5,12,4,4,12,1,0,2.0
HIST_PAR_BRA_20000718,PAR,2,0.5,12,4,4,12,1,0,2.0
HIST_BEL_CRO_20000902,BEL,0,0.5,12,4,4,12,1,0,0.0
HIST_BEL_CRO_20000902,CRO,0,0.5,12,4,4,12,1,0,0.0
HIST_AUS_KOR_20001007,KOR,4,0.5,12,4,4,12,1,0,4.0
HIST_MEX_ARG_20001220,ARG,2,0.5,12,4,4,12,1,0,2.0
HIST_KOR_PAR_20010127,KOR,1,0.5,12,4,4,12,1,0,1.0
HIST_MAR_TUN_20010324,MAR,2,0.5,12,4,4,12,1,0,2.0
HIST_MEX_AUS_20010530,MEX,0,0.5,12,4,4,12,1,0,0.0
HIST_CAN_BRA_20010602,CAN,0,0.5,12,4,4,12,1,0,0.0
HIST_JPN_AUS_20010607,JPN,1,0.5,12,4,4,12,1,0,1.0
HIST_COL_MEX_20010729,MEX,0,0.5,12,4,4,12,1,0,0.0
HIST_BRA_PAN_20010809,BRA,5,0.5,12,4,4,12,1,0,5.0
HIST_IRN_KSA_20010824,KSA,0,0.5,12,4,4,12,1,0,0.0
HIST_IRQ_IRN_20010907,IRN,2,0.5,12,4,4,12,1,0,2.0
HIST_JPN_SEN_20011004,JPN,0,0.5,12,4,4,12,1,0,0.0
HIST_KOR_CRO_20011110,KOR,2,0.5,12,4,4,12,1,0,2.0
HIST_URU_AUS_20011125,URU,3,0.5,12,4,4,12,1,0,3.0
HIST_URU_AUS_20011125,AUS,0,0.5,12,4,4,12,1,0,0.0
HIST_MAR_GHA_20020121,GHA,0,0.5,12,4,4,12,1,0,0.0
HIST_CAN_ECU_20020122,CAN,0,0.5,12,4,4,12,1,0,0.0
HIST_SWE_SUI_20020327,SWE,1,0.5,12,4,4,12,1,0,1.0
HIST_USA_URU_20020512,URU,1,0.5,12,4,4,12,1,0,1.0
HIST_KOR_SCO_20020516,SCO,1,0.5,12,4,4,12,1,0,1.0
HIST_JPN_BEL_20020604,BEL,2,0.5,12,4,4,12,1,0,2.0
HIST_GER_PAR_20020615,GER,1,0.5,12,4,4,12,1,0,1.0
HIST_KOR_ESP_20020622,KOR,0,0.5,12,4,4,12,1,0,0.0
HIST_NZL_AUS_20020714,NZL,1,0.5,12,4,4,12,1,0,1.0
HIST_IRQ_IRN_20020905,IRQ,0,0.5,12,4,4,12,1,0,0.0
HIST_GER_NED_20021120,NED,3,0.5,12,4,4,12,1,0,3.0
HIST_MEX_PAR_20030326,MEX,1,0.5,12,4,4,12,1,0,1.0
HIST_JPN_URU_20030328,URU,2,0.5,12,4,4,12,1,0,2.0
HIST_FRA_EGY_20030430,EGY,0,0.5,12,4,4,12,1,0,0.0
HIST_MEX_BRA_20030430,BRA,0,0.5,12,4,4,12,1,0,0.0
HIST_SCO_NZL_20030527,NZL,1,0.5,12,4,4,12,1,0,1.0
HIST_COL_ECU_20030608,ECU,0,0.5,12,4,4,12,1,0,0.0
HIST_MEX_BRA_20030713,MEX,1,0.5,12,4,4,12,1,0,1.0
HIST_ARG_URU_20030716,URU,2,0.5,12,4,4,12,1,0,2.0
HIST_COL_BRA_20030719,BRA,2,0.5,12,4,4,12,1,0,2.0
HIST_JPN_SEN_20030910,SEN,1,0.5,12,4,4,12,1,0,1.0
HIST_AUT_CZE_20031011,AUT,2,0.5,12,4,4,12,1,0,2.0
HIST_BRA_URU_20031119,URU,3,0.5,12,4,4,12,1,0,3.0
HIST_QAT_IRQ_20031221,IRQ,0,0.5,12,4,4,12,1,0,0.0
HIST_BEL_FRA_20040218,FRA,2,0.5,12,4,4,12,1,0,2.0
HIST_CRO_GER_20040218,CRO,1,0.5,12,4,4,12,1,0,1.0
HIST_CRO_GER_20040218,GER,2,0.5,12,4,4,12,1,0,2.0
HIST_ITA_CZE_20040218,CZE,2,0.5,12,4,4,12,1,0,2.0
HIST_NED_USA_20040218,NED,1,0.5,12,4,4,12,1,0,1.0
HIST_PAR_BRA_20040331,BRA,0,0.5,12,4,4,12,1,0,0.0
HIST_IRN_JOR_20040609,IRN,0,0.5,12,4,4,12,1,0,0.0
HIST_CRO_FRA_20040617,FRA,2,0.5,12,4,4,12,1,0,2.0
HIST_POR_ENG_20040624,ENG,2,0.5,12,4,4,12,1,0,2.0
HIST_ARG_BRA_20040725,ARG,2,0.5,12,4,4,12,1,0,2.0
HIST_JPN_IRN_20040728,IRN,0,0.5,12,4,4,12,1,0,0.0
HIST_KOR_IRN_20040731,IRN,4,0.5,12,4,4,12,1,0,4.0
HIST_ESP_SCO_20040903,ESP,1,0.5,12,4,4,12,1,0,1.0
HIST_PAN_USA_20040908,PAN,1,0.5,12,4,4,12,1,0,1.0
HIST_PAN_USA_20040908,USA,1,0.5,12,4,4,12,1,0,1.0
HIST_MEX_SWE_20050126,MEX,0,0.5,12,4,4,12,1,0,0.0
HIST_EGY_BEL_20050209,EGY,4,0.5,12,4,4,12,1,0,4.0
HIST_KSA_EGY_20050314,EGY,1,0.5,12,4,4,12,1,0,1.0
HIST_KOR_UZB_20050330,UZB,1,0.5,12,4,4,12,1,0,1.0
HIST_UZB_KOR_20050603,KOR,1,0.5,12,4,4,12,1,0,1.0
HIST_KSA_UZB_20050608,UZB,0,0.5,12,4,4,12,1,0,0.0
HIST_ARG_TUN_20050615,ARG,2,0.5,12,4,4,12,1,0,2.0
HIST_CIV_EGY_20050619,EGY,0,0.5,12,4,4,12,1,0,0.0
HIST_MEX_BRA_20050619,MEX,1,0.5,12,4,4,12,1,0,1.0
HIST_AUS_TUN_20050621,AUS,0,0.5,12,4,4,12,1,0,0.0
HIST_JAM_RSA_20050710,JAM,3,0.5,12,4,4,12,1,0,3.0
HIST_JAM_RSA_20050710,RSA,3,0.5,12,4,4,12,1,0,3.0
HIST_MEX_JAM_20050713,MEX,1,0.5,12,4,4,12,1,0,1.0
HIST_KOR_JPN_20050807,JPN,1,0.5,12,4,4,12,1,0,1.0
HIST_AUT_SCO_20050817,AUT,2,0.5,12,4,4,12,1,0,2.0
HIST_ESP_URU_20050817,URU,0,0.5,12,4,4,12,1,0,0.0
HIST_CPV_GHA_20051008,GHA,4,0.5,12,4,4,12,1,0,4.0
HIST_PAR_COL_20051012,PAR,0,0.5,12,4,4,12,1,0,0.0
HIST_CZE_NOR_20051116,CZE,1,0.5,12,4,4,12,1,0,1.0
HIST_EGY_SEN_20060207,EGY,2,0.5,12,4,4,12,1,0,2.0
HIST_GER_USA_20060322,USA,1,0.5,12,4,4,12,1,0,1.0
HIST_JPN_ECU_20060330,JPN,1,0.5,12,4,4,12,1,0,1.0
HIST_AUT_CRO_20060523,AUT,1,0.5,12,4,4,12,1,0,1.0
HIST_USA_MAR_20060523,MAR,1,0.5,12,4,4,12,1,0,1.0
HIST_CZE_KSA_20060526,CZE,2,0.5,12,4,4,12,1,0,2.0
HIST_NED_MEX_20060601,NED,2,0.5,12,4,4,12,1,0,2.0
HIST_CZE_GHA_20060617,CZE,0,0.5,12,4,4,12,1,0,0.0
HIST_NED_ARG_20060621,NED,0,0.5,12,4,4,12,1,0,0.0
HIST_CIV_SEN_20060816,SEN,1,0.5,12,4,4,12,1,0,1.0
HIST_CRO_ENG_20061011,CRO,2,0.5,12,4,4,12,1,0,2.0
HIST_KSA_JOR_20061108,JOR,1,0.5,12,4,4,12,1,0,1.0
HIST_CIV_SWE_20061115,CIV,1,0.5,12,4,4,12,1,0,1.0
HIST_QAT_IRQ_20070118,IRQ,1,0.5,12,4,4,12,1,0,1.0
HIST_POR_BRA_20070206,BRA,0,0.5,12,4,4,12,1,0,0.0
HIST_ALG_CPV_20070324,CPV,0,0.5,12,4,4,12,1,0,0.0
HIST_COL_SUI_20070325,SUI,1,0.5,12,4,4,12,1,0,1.0
HIST_USA_ECU_20070325,USA,3,0.5,12,4,4,12,1,0,3.0
HIST_JAM_PAN_20070326,JAM,1,0.5,12,4,4,12,1,0,1.0
HIST_COL_PAR_20070328,COL,2,0.5,12,4,4,12,1,0,2.0
HIST_ENG_BRA_20070601,ENG,1,0.5,12,4,4,12,1,0,1.0
HIST_TUR_BRA_20070605,BRA,0,0.5,12,4,4,12,1,0,0.0
HIST_MEX_PAN_20070613,PAN,0,0.5,12,4,4,12,1,0,0.0
HIST_ARG_COL_20070702,COL,2,0.5,12,4,4,12,1,0,2.0
HIST_IRN_JAM_20070702,JAM,1,0.5,12,4,4,12,1,0,1.0
HIST_KSA_UZB_20070722,KSA,2,0.5,12,4,4,12,1,0,2.0
HIST_IRQ_KOR_20070725,KOR,0,0.5,12,4,4,12,1,0,0.0
HIST_MEX_BRA_20070912,MEX,1,0.5,12,4,4,12,1,0,1.0
HIST_RSA_URU_20070912,URU,0,0.5,12,4,4,12,1,0,0.0
HIST_BRA_ECU_20071017,ECU,0,0.5,12,4,4,12,1,0,0.0
HIST_AUT_ENG_20071116,ENG,1,0.5,12,4,4,12,1,0,1.0
HIST_NOR_TUR_20071117,NOR,1,0.5,12,4,4,12,1,0,1.0
HIST_ESP_SWE_20071117,ESP,3,0.5,12,4,4,12,1,0,3.0
HIST_RSA_CAN_20071120,CAN,0,0.5,12,4,4,12,1,0,0.0
HIST_AUS_QAT_20080206,AUS,3,0.5,12,4,4,12,1,0,3.0
HIST_ESP_FRA_20080206,ESP,1,0.5,12,4,4,12,1,0,1.0
HIST_TUR_SWE_20080206,TUR,0,0.5,12,4,4,12,1,0,0.0
HIST_CIV_EGY_20080207,EGY,4,0.5,12,4,4,12,1,0,4.0
HIST_GHA_MEX_20080326,GHA,1,0.5,12,4,4,12,1,0,1.0
HIST_QAT_IRQ_20080326,IRQ,0,0.5,12,4,4,12,1,0,0.0
HIST_ENG_USA_20080528,ENG,2,0.5,12,4,4,12,1,0,2.0
HIST_FRA_COL_20080603,FRA,1,0.5,12,4,4,12,1,0,1.0
HIST_POR_TUR_20080607,POR,2,0.5,12,4,4,12,1,0,2.0
HIST_POR_TUR_20080607,TUR,0,0.5,12,4,4,12,1,0,0.0
HIST_CAN_JAM_20080820,CAN,1,0.5,12,4,4,12,1,0,1.0
HIST_ENG_CZE_20080820,ENG,2,0.5,12,4,4,12,1,0,2.0
HIST_ITA_AUT_20080820,ITA,2,0.5,12,4,4,12,1,0,2.0
HIST_ITA_AUT_20080820,AUT,2,0.5,12,4,4,12,1,0,2.0
HIST_NED_AUS_20080906,NED,1,0.5,12,4,4,12,1,0,1.0
HIST_QAT_UZB_20080906,UZB,0,0.5,12,4,4,12,1,0,0.0
HIST_COL_PAR_20081011,PAR,1,0.5,12,4,4,12,1,0,1.0
HIST_BRA_COL_20081015,COL,0,0.5,12,4,4,12,1,0,0.0
HIST_TUN_NED_20090211,NED,1,0.5,12,4,4,12,1,0,1.0
HIST_TUR_CIV_20090211,TUR,1,0.5,12,4,4,12,1,0,1.0
HIST_USA_MEX_20090211,USA,2,0.5,12,4,4,12,1,0,2.0
HIST_KSA_IRQ_20090322,KSA,0,0.5,12,4,4,12,1,0,0.0
HIST_KSA_IRQ_20090322,IRQ,0,0.5,12,4,4,12,1,0,0.0
HIST_URU_PAR_20090328,URU,2,0.5,12,4,4,12,1,0,2.0
HIST_URU_PAR_20090328,PAR,0,0.5,12,4,4,12,1,0,0.0
HIST_PAN_HAI_20090331,HAI,0,0.5,12,4,4,12,1,0,0.0
HIST_FRA_TUR_20090605,TUR,0,0.5,12,4,4,12,1,0,0.0
HIST_NZL_ESP_20090614,ESP,5,0.5,12,4,4,12,1,0,5.0
HIST_USA_BRA_20090618,USA,0,0.5,12,4,4,12,1,0,0.0
HIST_RSA_ESP_20090620,RSA,0,0.5,12,4,4,12,1,0,0.0
HIST_ALG_URU_20090812,ALG,1,0.5,12,4,4,12,1,0,1.0
HIST_KOR_AUS_20090905,KOR,3,0.5,12,4,4,12,1,0,3.0
HIST_UZB_IRN_20090905,UZB,0,0.5,12,4,4,12,1,0,0.0
HIST_FRA_AUT_20091014,AUT,1,0.5,12,4,4,12,1,0,1.0
HIST_IRN_JOR_20091114,JOR,0,0.5,12,4,4,12,1,0,0.0
HIST_RSA_JAM_20091117,RSA,0,0.5,12,4,4,12,1,0,0.0
HIST_RSA_JAM_20091117,JAM,0,0.5,12,4,4,12,1,0,0.0
HIST_QAT_IRN_20091228,IRN,2,0.5,12,4,4,12,1,0,2.0
HIST_CIV_ALG_20100124,ALG,3,0.5,12,4,4,12,1,0,3.0
HIST_BEL_CRO_20100303,BEL,0,0.5,12,4,4,12,1,0,0.0
HIST_BEL_CRO_20100303,CRO,1,0.5,12,4,4,12,1,0,1.0
HIST_GER_ARG_20100303,GER,0,0.5,12,4,4,12,1,0,0.0
HIST_ARG_CAN_20100524,ARG,5,0.5,12,4,4,12,1,0,5.0
HIST_JPN_ENG_20100530,JPN,1,0.5,12,4,4,12,1,0,1.0
HIST_NED_GHA_20100601,NED,4,0.5,12,4,4,12,1,0,4.0
HIST_AUS_USA_20100605,AUS,1,0.5,12,4,4,12,1,0,1.0
HIST_URU_FRA_20100611,URU,0,0.5,12,4,4,12,1,0,0.0
HIST_CIV_POR_20100615,POR,0,0.5,12,4,4,12,1,0,0.0
HIST_RSA_FRA_20100622,FRA,1,0.5,12,4,4,12,1,0,1.0
HIST_GHA_GER_20100623,GER,1,0.5,12,4,4,12,1,0,1.0
HIST_USA_ALG_20100623,USA,1,0.5,12,4,4,12,1,0,1.0
HIST_URU_GER_20100710,URU,2,0.5,12,4,4,12,1,0,2.0
HIST_AUT_SUI_20100811,AUT,0,0.5,12,4,4,12,1,0,0.0
HIST_ARG_ESP_20100907,ARG,4,0.5,12,4,4,12,1,0,4.0
HIST_NOR_POR_20100907,NOR,1,0.5,12,4,4,12,1,0,1.0
HIST_IRN_IRQ_20101001,IRN,2,0.5,12,4,4,12,1,0,2.0
HIST_BEL_AUT_20101012,AUT,4,0.5,12,4,4,12,1,0,4.0
HIST_QAT_HAI_20101118,QAT,0,0.5,12,4,4,12,1,0,0.0
HIST_JPN_KOR_20110125,JPN,2,0.5,12,4,4,12,1,0,2.0
HIST_AUT_BEL_20110325,BEL,2,0.5,12,4,4,12,1,0,2.0
HIST_ESP_CZE_20110325,ESP,2,0.5,12,4,4,12,1,0,2.0
HIST_ENG_GHA_20110329,GHA,1,0.5,12,4,4,12,1,0,1.0
HIST_POR_NOR_20110604,POR,1,0.5,12,4,4,12,1,0,1.0
HIST_BRA_ECU_20110713,ECU,2,0.5,12,4,4,12,1,0,2.0
HIST_SEN_MAR_20110810,SEN,0,0.5,12,4,4,12,1,0,0.0
HIST_UZB_JPN_20110906,UZB,1,0.5,12,4,4,12,1,0,1.0
HIST_ESP_SCO_20111011,ESP,3,0.5,12,4,4,12,1,0,3.0
HIST_ENG_ESP_20111112,ENG,1,0.5,12,4,4,12,1,0,1.0
HIST_ENG_ESP_20111112,ESP,0,0.5,12,4,4,12,1,0,0.0
HIST_CRO_TUR_20111115,CRO,0,0.5,12,4,4,12,1,0,0.0
HIST_CRO_TUR_20111115,TUR,0,0.5,12,4,4,12,1,0,0.0
HIST_ITA_URU_20111115,URU,1,0.5,12,4,4,12,1,0,1.0
HIST_JOR_IRQ_20111115,JOR,1,0.5,12,4,4,12,1,0,1.0
HIST_ITA_USA_20120229,ITA,0,0.5,12,4,4,12,1,0,0.0
HIST_BRA_RSA_20120907,RSA,0,0.5,12,4,4,12,1,0,0.0
HIST_KSA_IRQ_20130106,KSA,0,0.5,12,4,4,12,1,0,0.0
HIST_KSA_IRQ_20130106,IRQ,2,0.5,12,4,4,12,1,0,2.0
HIST_RSA_ALG_20130112,ALG,0,0.5,12,4,4,12,1,0,0.0
HIST_GHA_TUN_20130113,TUN,2,0.5,12,4,4,12,1,0,2.0
HIST_RSA_CPV_20130119,CPV,0,0.5,12,4,4,12,1,0,0.0
HIST_ENG_BRA_20130206,BRA,1,0.5,12,4,4,12,1,0,1.0
HIST_ITA_BRA_20130321,BRA,2,0.5,12,4,4,12,1,0,2.0
HIST_ECU_PAR_20130326,PAR,1,0.5,12,4,4,12,1,0,1.0
HIST_KOR_QAT_20130326,KOR,2,0.5,12,4,4,12,1,0,2.0
HIST_URU_FRA_20130605,URU,1,0.5,12,4,4,12,1,0,1.0
HIST_AUS_JOR_20130611,JOR,0,0.5,12,4,4,12,1,0,0.0
HIST_KOR_UZB_20130611,UZB,0,0.5,12,4,4,12,1,0,0.0
HIST_MEX_CAN_20130711,MEX,2,0.5,12,4,4,12,1,0,2.0
HIST_PAN_MEX_20130724,PAN,2,0.5,12,4,4,12,1,0,2.0
HIST_JPN_URU_20130814,URU,4,0.5,12,4,4,12,1,0,4.0
HIST_SWE_AUT_20131011,SWE,2,0.5,12,4,4,12,1,0,2.0
HIST_PAR_COL_20131015,COL,2,0.5,12,4,4,12,1,0,2.0
HIST_TUR_NED_20131015,NED,2,0.5,12,4,4,12,1,0,2.0
HIST_SWE_POR_20131119,SWE,2,0.5,12,4,4,12,1,0,2.0
HIST_AUS_ECU_20140305,ECU,4,0.5,12,4,4,12,1,0,4.0
HIST_NZL_RSA_20140530,RSA,0,0.5,12,4,4,12,1,0,0.0
HIST_SWE_BEL_20140601,SWE,0,0.5,12,4,4,12,1,0,0.0
HIST_ESP_NED_20140613,NED,5,0.5,12,4,4,12,1,0,5.0
HIST_ENG_ITA_20140614,ITA,2,0.5,12,4,4,12,1,0,2.0
HIST_ECU_FRA_20140625,FRA,0,0.5,12,4,4,12,1,0,0.0
HIST_KOR_BEL_20140626,KOR,0,0.5,12,4,4,12,1,0,0.0
HIST_NED_MEX_20140629,MEX,1,0.5,12,4,4,12,1,0,1.0
HIST_GER_ALG_20140630,GER,2,0.5,12,4,4,12,1,0,2.0
HIST_BEL_USA_20140701,BEL,2,0.5,12,4,4,12,1,0,2.0
HIST_ARG_BEL_20140705,ARG,1,0.5,12,4,4,12,1,0,1.0
HIST_BRA_GER_20140708,GER,7,0.5,12,4,4,12,1,0,7.0
HIST_CZE_USA_20140903,CZE,0,0.5,12,4,4,12,1,0,0.0
HIST_ITA_NED_20140904,NED,0,0.5,12,4,4,12,1,0,0.0
HIST_BRA_COL_20140905,COL,0,0.5,12,4,4,12,1,0,0.0
HIST_KOR_URU_20140908,KOR,0,0.5,12,4,4,12,1,0,0.0
HIST_EGY_TUN_20140910,EGY,0,0.5,12,4,4,12,1,0,0.0
HIST_QAT_AUS_20141014,AUS,0,0.5,12,4,4,12,1,0,0.0
HIST_KSA_QAT_20141113,KSA,1,0.5,12,4,4,12,1,0,1.0
HIST_POR_ARG_20141118,ARG,0,0.5,12,4,4,12,1,0,0.0
HIST_ALG_RSA_20150119,RSA,1,0.5,12,4,4,12,1,0,1.0
HIST_RSA_GHA_20150127,GHA,2,0.5,12,4,4,12,1,0,2.0
HIST_AUS_KOR_20150131,AUS,2,0.5,12,4,4,12,1,0,2.0
HIST_JPN_TUN_20150327,JPN,2,0.5,12,4,4,12,1,0,2.0
HIST_JPN_TUN_20150327,TUN,0,0.5,12,4,4,12,1,0,0.0
HIST_KOR_UZB_20150327,KOR,1,0.5,12,4,4,12,1,0,1.0
HIST_KSA_JOR_20150330,KSA,2,0.5,12,4,4,12,1,0,2.0
HIST_UZB_IRN_20150611,IRN,1,0.5,12,4,4,12,1,0,1.0
HIST_ARG_URU_20150616,ARG,1,0.5,12,4,4,12,1,0,1.0
HIST_URU_PAR_20150620,URU,1,0.5,12,4,4,12,1,0,1.0
HIST_URU_PAR_20150620,PAR,1,0.5,12,4,4,12,1,0,1.0
HIST_ARG_PAR_20150630,ARG,6,0.5,12,4,4,12,1,0,6.0
HIST_HAI_JAM_20150718,JAM,1,0.5,12,4,4,12,1,0,1.0
HIST_PAN_MEX_20150722,PAN,1,0.5,12,4,4,12,1,0,1.0
HIST_SWE_AUT_20150908,SWE,1,0.5,12,4,4,12,1,0,1.0
HIST_JOR_IRQ_20151003,IRQ,0,0.5,12,4,4,12,1,0,0.0
HIST_CZE_TUR_20151010,TUR,2,0.5,12,4,4,12,1,0,2.0
HIST_USA_MEX_20151010,USA,2,0.5,12,4,4,12,1,0,2.0
HIST_IRN_JPN_20151013,IRN,1,0.5,12,4,4,12,1,0,1.0
HIST_ITA_NOR_20151013,NOR,1,0.5,12,4,4,12,1,0,1.0
HIST_PAR_ARG_20151013,ARG,0,0.5,12,4,4,12,1,0,0.0
HIST_SUI_BEL_20160528,SUI,1,0.5,12,4,4,12,1,0,1.0
HIST_SUI_BEL_20160528,BEL,2,0.5,12,4,4,12,1,0,2.0
HIST_ENG_POR_20160602,POR,0,0.5,12,4,4,12,1,0,0.0
HIST_AUT_NED_20160604,AUT,0,0.5,12,4,4,12,1,0,0.0
HIST_ARG_PAN_20160610,PAN,0,0.5,12,4,4,12,1,0,0.0
HIST_ECU_HAI_20160612,ECU,4,0.5,12,4,4,12,1,0,4.0
HIST_BEL_ITA_20160613,BEL,0,0.5,12,4,4,12,1,0,0.0
HIST_CZE_CRO_20160617,CRO,2,0.5,12,4,4,12,1,0,2.0
HIST_ITA_SWE_20160617,SWE,0,0.5,12,4,4,12,1,0,0.0
HIST_ECU_BRA_20160901,BRA,3,0.5,12,4,4,12,1,0,3.0
HIST_PAN_JAM_20160902,PAN,2,0.5,12,4,4,12,1,0,2.0
HIST_URU_PAR_20160906,URU,4,0.5,12,4,4,12,1,0,4.0
HIST_URU_PAR_20160906,PAR,0,0.5,12,4,4,12,1,0,0.0
HIST_PAN_MEX_20161115,MEX,0,0.5,12,4,4,12,1,0,0.0
HIST_MAR_CIV_20170124,MAR,1,0.5,12,4,4,12,1,0,1.0
HIST_EGY_GHA_20170125,EGY,1,0.5,12,4,4,12,1,0,1.0
HIST_SCO_CAN_20170322,SCO,1,0.5,12,4,4,12,1,0,1.0
HIST_NED_CIV_20170604,NED,5,0.5,12,4,4,12,1,0,5.0
HIST_ARG_BRA_20170609,ARG,1,0.5,12,4,4,12,1,0,1.0
HIST_SCO_ENG_20170610,SCO,2,0.5,12,4,4,12,1,0,2.0
HIST_FRA_NED_20170831,NED,0,0.5,12,4,4,12,1,0,0.0
HIST_JPN_AUS_20170831,JPN,2,0.5,12,4,4,12,1,0,2.0
HIST_CPV_RSA_20170901,CPV,2,0.5,12,4,4,12,1,0,2.0
HIST_KOR_MAR_20171010,MAR,3,0.5,12,4,4,12,1,0,3.0
HIST_NED_ENG_20180323,ENG,1,0.5,12,4,4,12,1,0,1.0
HIST_AUS_COL_20180327,COL,0,0.5,12,4,4,12,1,0,0.0
HIST_TUR_IRN_20180528,TUR,2,0.5,12,4,4,12,1,0,2.0
HIST_JPN_GHA_20180530,GHA,2,0.5,12,4,4,12,1,0,2.0
HIST_MAR_IRN_20180615,IRN,1,0.5,12,4,4,12,1,0,1.0
HIST_GER_MEX_20180617,GER,0,0.5,12,4,4,12,1,0,0.0
HIST_URU_POR_20180630,POR,1,0.5,12,4,4,12,1,0,1.0
HIST_BRA_BEL_20180706,BEL,2,0.5,12,4,4,12,1,0,2.0
HIST_SWE_ENG_20180707,SWE,0,0.5,12,4,4,12,1,0,0.0
HIST_GER_FRA_20180906,GER,0,0.5,12,4,4,12,1,0,0.0
HIST_USA_BRA_20180907,BRA,2,0.5,12,4,4,12,1,0,2.0
HIST_ESP_CRO_20180911,ESP,6,0.5,12,4,4,12,1,0,6.0
HIST_COL_ARG_20180911,ARG,0,0.5,12,4,4,12,1,0,0.0
HIST_CRO_JOR_20181015,JOR,1,0.5,12,4,4,12,1,0,1.0
HIST_NED_FRA_20181116,FRA,0,0.5,12,4,4,12,1,0,0.0
HIST_ARG_MEX_20181116,ARG,2,0.5,12,4,4,12,1,0,2.0
HIST_BRA_URU_20181116,URU,0,0.5,12,4,4,12,1,0,0.0
HIST_EGY_TUN_20181116,EGY,3,0.5,12,4,4,12,1,0,3.0
HIST_IRN_IRQ_20190116,IRQ,0,0.5,12,4,4,12,1,0,0.0
HIST_ENG_CZE_20190322,CZE,0,0.5,12,4,4,12,1,0,0.0
HIST_ESP_NOR_20190323,ESP,2,0.5,12,4,4,12,1,0,2.0
HIST_NED_GER_20190324,GER,3,0.5,12,4,4,12,1,0,3.0
HIST_NOR_SWE_20190326,NOR,3,0.5,12,4,4,12,1,0,3.0
HIST_TUR_UZB_20190602,UZB,0,0.5,12,4,4,12,1,0,0.0
HIST_KOR_AUS_20190607,KOR,1,0.5,12,4,4,12,1,0,1.0
HIST_POR_NED_20190609,NED,0,0.5,12,4,4,12,1,0,0.0
HIST_CRO_TUN_20190611,CRO,1,0.5,12,4,4,12,1,0,1.0
HIST_COL_QAT_20190619,COL,1,0.5,12,4,4,12,1,0,1.0
HIST_URU_JPN_20190620,JPN,2,0.5,12,4,4,12,1,0,2.0
HIST_BRA_PAR_20190627,BRA,0,0.5,12,4,4,12,1,0,0.0
HIST_USA_JAM_20190703,USA,3,0.5,12,4,4,12,1,0,3.0
HIST_SEN_ALG_20190719,SEN,0,0.5,12,4,4,12,1,0,0.0
HIST_CIV_TUN_20190910,TUN,1,0.5,12,4,4,12,1,0,1.0
HIST_PAN_MEX_20191115,MEX,3,0.5,12,4,4,12,1,0,3.0
HIST_QAT_KSA_20191205,KSA,1,0.5,12,4,4,12,1,0,1.0
HIST_GHA_QAT_20201012,GHA,5,0.5,12,4,4,12,1,0,5.0
HIST_ECU_URU_20201013,URU,2,0.5,12,4,4,12,1,0,2.0
HIST_ESP_GER_20201117,ESP,6,0.5,12,4,4,12,1,0,6.0
HIST_UZB_IRQ_20201117,IRQ,2,0.5,12,4,4,12,1,0,2.0
HIST_AUT_NOR_20201118,NOR,1,0.5,12,4,4,12,1,0,1.0
HIST_USA_JAM_20210325,JAM,1,0.5,12,4,4,12,1,0,1.0
HIST_RSA_GHA_20210325,GHA,1,0.5,12,4,4,12,1,0,1.0
HIST_HAI_CAN_20210612,CAN,1,0.5,12,4,4,12,1,0,1.0
HIST_BEL_ITA_20210702,ITA,2,0.5,12,4,4,12,1,0,2.0
HIST_ITA_ESP_20210706,ITA,1,0.5,12,4,4,12,1,0,1.0
HIST_QAT_PAN_20210713,QAT,3,0.5,12,4,4,12,1,0,3.0
HIST_USA_JAM_20210725,JAM,0,0.5,12,4,4,12,1,0,0.0
HIST_MEX_CAN_20211007,MEX,1,0.5,12,4,4,12,1,0,1.0
HIST_JPN_AUS_20211012,AUS,1,0.5,12,4,4,12,1,0,1.0
HIST_COL_ECU_20211014,ECU,0,0.5,12,4,4,12,1,0,0.0
HIST_USA_MEX_20211112,USA,2,0.5,12,4,4,12,1,0,2.0
HIST_IRQ_KOR_20211116,IRQ,0,0.5,12,4,4,12,1,0,0.0
HIST_ARG_BRA_20211116,BRA,0,0.5,12,4,4,12,1,0,0.0
HIST_EGY_JOR_20211211,JOR,1,0.5,12,4,4,12,1,0,1.0
HIST_CIV_ALG_20220120,ALG,1,0.5,12,4,4,12,1,0,1.0
HIST_JOR_NZL_20220128,NZL,1,0.5,12,4,4,12,1,0,1.0
HIST_PAR_ECU_20220324,PAR,3,0.5,12,4,4,12,1,0,3.0
HIST_CAN_JAM_20220327,JAM,0,0.5,12,4,4,12,1,0,0.0
HIST_KSA_AUS_20220329,AUS,0,0.5,12,4,4,12,1,0,0.0
HIST_NED_GER_20220329,GER,1,0.5,12,4,4,12,1,0,1.0
HIST_CZE_SUI_20220602,CZE,2,0.5,12,4,4,12,1,0,2.0
HIST_GER_ENG_20220607,ENG,1,0.5,12,4,4,12,1,0,1.0
HIST_SUI_ESP_20220609,SUI,0,0.5,12,4,4,12,1,0,0.0
HIST_IRN_ALG_20220612,IRN,1,0.5,12,4,4,12,1,0,1.0
HIST_GER_ITA_20220614,GER,5,0.5,12,4,4,12,1,0,5.0
HIST_AUS_NZL_20220922,NZL,0,0.5,12,4,4,12,1,0,0.0
HIST_KSA_ECU_20220923,KSA,0,0.5,12,4,4,12,1,0,0.0
HIST_NED_BEL_20220925,NED,1,0.5,12,4,4,12,1,0,1.0
HIST_PAR_MAR_20220927,PAR,0,0.5,12,4,4,12,1,0,0.0
HIST_KSA_USA_20220927,KSA,0,0.5,12,4,4,12,1,0,0.0
HIST_SUI_CZE_20220927,CZE,1,0.5,12,4,4,12,1,0,1.0
HIST_TUR_CZE_20221119,TUR,2,0.5,12,4,4,12,1,0,2.0
HIST_FRA_AUS_20221122,AUS,1,0.5,12,4,4,12,1,0,1.0
HIST_BEL_CAN_20221123,BEL,1,0.5,12,4,4,12,1,0,1.0
HIST_NED_ECU_20221125,NED,1,0.5,12,4,4,12,1,0,1.0
HIST_TUN_AUS_20221126,AUS,1,0.5,12,4,4,12,1,0,1.0
HIST_KOR_POR_20221202,POR,1,0.5,12,4,4,12,1,0,1.0
HIST_BRA_KOR_20221205,BRA,4,0.5,12,4,4,12,1,0,4.0
HIST_CRO_BRA_20221209,BRA,1,0.5,12,4,4,12,1,0,1.0
HIST_FRA_NED_20230324,NED,0,0.5,12,4,4,12,1,0,0.0
HIST_JPN_COL_20230328,COL,2,0.5,12,4,4,12,1,0,2.0
HIST_USA_MEX_20230615,USA,3,0.5,12,4,4,12,1,0,3.0
HIST_SWE_NZL_20230616,SWE,4,0.5,12,4,4,12,1,0,4.0
HIST_MEX_AUS_20230909,MEX,2,0.5,12,4,4,12,1,0,2.0
HIST_SEN_ALG_20230912,SEN,0,0.5,12,4,4,12,1,0,0.0
HIST_SWE_AUT_20230912,SWE,1,0.5,12,4,4,12,1,0,1.0
HIST_ALG_CPV_20231012,CPV,1,0.5,12,4,4,12,1,0,1.0
HIST_HAI_JAM_20231015,HAI,2,0.5,12,4,4,12,1,0,2.0
HIST_FRA_SCO_20231017,FRA,4,0.5,12,4,4,12,1,0,4.0
HIST_MEX_GER_20231017,MEX,2,0.5,12,4,4,12,1,0,2.0
HIST_JAM_CAN_20231118,CAN,2,0.5,12,4,4,12,1,0,2.0
HIST_PAR_COL_20231121,COL,1,0.5,12,4,4,12,1,0,1.0
HIST_UZB_IRN_20231121,UZB,2,0.5,12,4,4,12,1,0,2.0
HIST_JOR_KSA_20231121,KSA,2,0.5,12,4,4,12,1,0,2.0
HIST_GHA_CPV_20240114,CPV,2,0.5,12,4,4,12,1,0,2.0
HIST_QAT_JOR_20240210,JOR,1,0.5,12,4,4,12,1,0,1.0
HIST_POR_SWE_20240321,POR,5,0.5,12,4,4,12,1,0,5.0
HIST_NED_SCO_20240322,SCO,0,0.5,12,4,4,12,1,0,0.0
HIST_NOR_CZE_20240322,NOR,1,0.5,12,4,4,12,1,0,1.0
HIST_FRA_GER_20240323,FRA,0,0.5,12,4,4,12,1,0,0.0
HIST_NZL_TUN_20240326,NZL,0,0.5,12,4,4,12,1,0,0.0
HIST_ESP_BRA_20240326,BRA,3,0.5,12,4,4,12,1,0,3.0
HIST_MEX_URU_20240605,MEX,0,0.5,12,4,4,12,1,0,0.0
HIST_NED_CAN_20240606,CAN,0,0.5,12,4,4,12,1,0,0.0
HIST_ESP_CRO_20240615,CRO,0,0.5,12,4,4,12,1,0,0.0
HIST_MEX_JAM_20240622,MEX,1,0.5,12,4,4,12,1,0,1.0
HIST_COL_PAR_20240624,COL,2,0.5,12,4,4,12,1,0,2.0
HIST_PAR_BRA_20240628,BRA,4,0.5,12,4,4,12,1,0,4.0
HIST_ESP_ENG_20240714,ESP,2,0.5,12,4,4,12,1,0,2.0
HIST_ESP_ENG_20240714,ENG,1,0.5,12,4,4,12,1,0,1.0
HIST_USA_CAN_20240907,CAN,2,0.5,12,4,4,12,1,0,2.0
HIST_COL_ARG_20240910,ARG,1,0.5,12,4,4,12,1,0,1.0
HIST_BEL_FRA_20241014,BEL,1,0.5,12,4,4,12,1,0,1.0
HIST_MEX_USA_20241015,USA,0,0.5,12,4,4,12,1,0,0.0
HIST_BEL_ITA_20241114,BEL,0,0.5,12,4,4,12,1,0,0.0
HIST_URU_COL_20241115,COL,2,0.5,12,4,4,12,1,0,2.0
HIST_ITA_GER_20250320,GER,2,0.5,12,4,4,12,1,0,2.0
HIST_QAT_IRN_20250605,IRN,0,0.5,12,4,4,12,1,0,0.0
HIST_CRO_CZE_20250609,CZE,1,0.5,12,4,4,12,1,0,1.0
HIST_HAI_KSA_20250615,KSA,1,0.5,12,4,4,12,1,0,1.0
HIST_KOR_PAR_20251014,PAR,0,0.5,12,4,4,12,1,0,0.0
HIST_BRA_SEN_20251115,BRA,2,0.5,12,4,4,12,1,0,2.0
HIST_SUI_SWE_20251115,SWE,1,0.5,12,4,4,12,1,0,1.0
HIST_ITA_NOR_20251116,NOR,4,0.5,12,4,4,12,1,0,4.0
HIST_CPV_EGY_20251117,CPV,1,0.5,12,4,4,12,1,0,1.0
HIST_ESP_TUR_20251118,TUR,2,0.5,12,4,4,12,1,0,2.0
HIST_JOR_IRQ_20251212,JOR,1,0.5,12,4,4,12,1,0,1.0
HIST_KSA_JOR_20251215,JOR,1,0.5,12,4,4,12,1,0,1.0
HIST_EGY_RSA_20251226,EGY,1,0.5,12,4,4,12,1,0,1.0
HIST_PAN_MEX_20260122,MEX,1,0.5,12,4,4,12,1,0,1.0
HIST_BRA_FRA_20260326,BRA,1,0.5,12,4,4,12,1,0,1.0
HIST_ESP_EGY_20260331,EGY,0,0.5,12,4,4,12,1,0,0.0
HIST_MEX_GHA_20260522,GHA,0,0.5,12,4,4,12,1,0,0.0
HIST_ECU_KSA_20260530,KSA,1,0.5,12,4,4,12,1,0,1.0
HIST_BRA_PAN_20260531,BRA,6,0.5,12,4,4,12,1,0,6.0
HIST_AUT_TUN_20260601,AUT,1,0.5,12,4,4,12,1,0,1.0
HIST_AUS_SUI_20260606,SUI,1,0.5,12,4,4,12,1,0,1.0
HIST_BEL_TUN_20260606,TUN,0,0.5,12,4,4,12,1,0,0.0
HIST_NZL_KOR_20000123,KOR,0,0.5,12,4,4,12,1,0,0.0
HIST_TUN_MAR_20000129,TUN,0,0.5,12,4,4,12,1,0,0.0
HIST_USA_COL_20000219,USA,2,0.5,12,4,4,12,1,0,2.0
HIST_USA_COL_20000219,COL,2,0.5,12,4,4,12,1,0,2.0
HIST_MEX_CAN_20000220,CAN,2,0.5,12,4,4,12,1,0,2.0
HIST_CZE_AUS_20000329,AUS,1,0.5,12,4,4,12,1,0,1.0
HIST_BRA_ECU_20000426,BRA,3,0.5,12,4,4,12,1,0,3.0
HIST_GER_SUI_20000426,GER,1,0.5,12,4,4,12,1,0,1.0
HIST_GER_SUI_20000426,SUI,1,0.5,12,4,4,12,1,0,1.0
HIST_JOR_IRN_20000531,JOR,0,0.5,12,4,4,12,1,0,0.0
HIST_JAM_JPN_20000606,JAM,0,0.5,12,4,4,12,1,0,0.0
HIST_JAM_JPN_20000606,JPN,4,0.5,12,4,4,12,1,0,4.0
HIST_BEL_SWE_20000610,SWE,1,0.5,12,4,4,12,1,0,1.0
HIST_ESP_NOR_20000613,NOR,1,0.5,12,4,4,12,1,0,1.0
HIST_FRA_POR_20000628,FRA,2,0.5,12,4,4,12,1,0,2.0
HIST_COL_PAR_20001007,PAR,2,0.5,12,4,4,12,1,0,2.0
HIST_RSA_FRA_20001007,FRA,0,0.5,12,4,4,12,1,0,0.0
HIST_SWE_TUR_20001007,TUR,1,0.5,12,4,4,12,1,0,1.0
HIST_CAN_PAN_20001009,PAN,0,0.5,12,4,4,12,1,0,0.0
HIST_KSA_QAT_20001017,QAT,0,0.5,12,4,4,12,1,0,0.0
HIST_BRA_COL_20001115,BRA,1,0.5,12,4,4,12,1,0,1.0
HIST_TUN_SUI_20001115,SUI,1,0.5,12,4,4,12,1,0,1.0
HIST_JPN_KOR_20001220,JPN,1,0.5,12,4,4,12,1,0,1.0
HIST_KOR_NOR_20010124,NOR,3,0.5,12,4,4,12,1,0,3.0
HIST_NED_TUR_20010228,TUR,0,0.5,12,4,4,12,1,0,0.0
HIST_ECU_BRA_20010328,BRA,0,0.5,12,4,4,12,1,0,0.0
HIST_ESP_JPN_20010425,JPN,0,0.5,12,4,4,12,1,0,0.0
HIST_EGY_KOR_20010426,EGY,1,0.5,12,4,4,12,1,0,1.0
HIST_EGY_SEN_20010506,SEN,0,0.5,12,4,4,12,1,0,0.0
HIST_TUN_CIV_20010520,CIV,1,0.5,12,4,4,12,1,0,1.0
HIST_ENG_MEX_20010525,ENG,4,0.5,12,4,4,12,1,0,4.0
HIST_KOR_FRA_20010530,FRA,5,0.5,12,4,4,12,1,0,5.0
HIST_PAR_COL_20011114,PAR,0,0.5,12,4,4,12,1,0,0.0
HIST_NED_ENG_20020213,ENG,1,0.5,12,4,4,12,1,0,1.0
HIST_USA_ECU_20020310,USA,1,0.5,12,4,4,12,1,0,1.0
HIST_TUN_NOR_20020327,TUN,0,0.5,12,4,4,12,1,0,0.0
HIST_NOR_SWE_20020417,SWE,0,0.5,12,4,4,12,1,0,0.0
HIST_POR_BRA_20020417,POR,1,0.5,12,4,4,12,1,0,1.0
HIST_BEL_ALG_20020514,BEL,0,0.5,12,4,4,12,1,0,0.0
HIST_KSA_SEN_20020514,KSA,3,0.5,12,4,4,12,1,0,3.0
HIST_SUI_CAN_20020515,SUI,1,0.5,12,4,4,12,1,0,1.0
HIST_SCO_RSA_20020520,RSA,2,0.5,12,4,4,12,1,0,2.0
HIST_ECU_SEN_20020523,SEN,1,0.5,12,4,4,12,1,0,1.0
HIST_PAR_RSA_20020602,PAR,2,0.5,12,4,4,12,1,0,2.0
HIST_ESP_PAR_20020607,PAR,1,0.5,12,4,4,12,1,0,1.0
HIST_KOR_POR_20020614,POR,0,0.5,12,4,4,12,1,0,0.0
HIST_GER_PAR_20020615,PAR,0,0.5,12,4,4,12,1,0,0.0
HIST_JPN_TUR_20020618,JPN,0,0.5,12,4,4,12,1,0,0.0
HIST_KOR_TUR_20020629,TUR,3,0.5,12,4,4,12,1,0,3.0
HIST_IRN_MAR_20020917,IRN,1,0.5,12,4,4,12,1,0,1.0
HIST_AUT_NED_20021016,AUT,0,0.5,12,4,4,12,1,0,0.0
HIST_ALG_BEL_20030212,BEL,3,0.5,12,4,4,12,1,0,3.0
HIST_KOR_JPN_20030416,KOR,0,0.5,12,4,4,12,1,0,0.0
HIST_CZE_TUR_20030430,TUR,0,0.5,12,4,4,12,1,0,0.0
HIST_SUI_ITA_20030430,SUI,1,0.5,12,4,4,12,1,0,1.0
HIST_SEN_CPV_20030531,SEN,2,0.5,12,4,4,12,1,0,2.0
HIST_JAM_PAR_20030709,JAM,2,0.5,12,4,4,12,1,0,2.0
HIST_USA_BRA_20030723,BRA,2,0.5,12,4,4,12,1,0,2.0
HIST_ENG_CRO_20030820,CRO,1,0.5,12,4,4,12,1,0,1.0
HIST_CZE_CAN_20031115,CAN,1,0.5,12,4,4,12,1,0,1.0
HIST_SEN_RSA_20040118,RSA,1,0.5,12,4,4,12,1,0,1.0
HIST_SWE_NOR_20040122,NOR,3,0.5,12,4,4,12,1,0,3.0
HIST_ALG_EGY_20040129,EGY,1,0.5,12,4,4,12,1,0,1.0
HIST_NED_USA_20040218,USA,0,0.5,12,4,4,12,1,0,0.0
HIST_MEX_ECU_20040310,ECU,1,0.5,12,4,4,12,1,0,1.0
HIST_ARG_ECU_20040330,ECU,0,0.5,12,4,4,12,1,0,0.0
HIST_MAR_ARG_20040428,MAR,0,0.5,12,4,4,12,1,0,0.0
HIST_CPV_SEN_20040613,SEN,3,0.5,12,4,4,12,1,0,3.0
HIST_FRA_ENG_20040613,ENG,1,0.5,12,4,4,12,1,0,1.0
HIST_CRO_ENG_20040621,ENG,4,0.5,12,4,4,12,1,0,4.0
HIST_IRQ_JOR_20040625,JOR,3,0.5,12,4,4,12,1,0,3.0
HIST_SWE_NED_20040626,SWE,0,0.5,12,4,4,12,1,0,0.0
HIST_ARG_COL_20040627,COL,2,0.5,12,4,4,12,1,0,2.0
HIST_IRQ_UZB_20040718,IRQ,0,0.5,12,4,4,12,1,0,0.0
HIST_AUT_GER_20040818,GER,3,0.5,12,4,4,12,1,0,3.0
HIST_HAI_BRA_20040818,BRA,6,0.5,12,4,4,12,1,0,6.0
HIST_NED_CZE_20040908,CZE,0,0.5,12,4,4,12,1,0,0.0
HIST_ESP_BEL_20041009,BEL,0,0.5,12,4,4,12,1,0,0.0
HIST_JAM_HAI_20041128,HAI,1,0.5,12,4,4,12,1,0,1.0
HIST_KOR_EGY_20050204,EGY,1,0.5,12,4,4,12,1,0,1.0
HIST_COL_ENG_20050531,COL,2,0.5,12,4,4,12,1,0,2.0
HIST_GER_MEX_20050629,MEX,3,0.5,12,4,4,12,1,0,3.0
HIST_RSA_MEX_20050708,RSA,2,0.5,12,4,4,12,1,0,2.0
HIST_POR_EGY_20050817,POR,2,0.5,12,4,4,12,1,0,2.0
HIST_MEX_PAN_20050907,MEX,5,0.5,12,4,4,12,1,0,5.0
HIST_ENG_AUT_20051008,AUT,0,0.5,12,4,4,12,1,0,0.0
HIST_SCO_USA_20051112,USA,1,0.5,12,4,4,12,1,0,1.0
HIST_SUI_TUR_20051112,SUI,2,0.5,12,4,4,12,1,0,2.0
HIST_SUI_TUR_20051112,TUR,0,0.5,12,4,4,12,1,0,0.0
HIST_ECU_SEN_20051227,ECU,1,0.5,12,4,4,12,1,0,1.0
HIST_MAR_CIV_20060121,MAR,0,0.5,12,4,4,12,1,0,0.0
HIST_MEX_GHA_20060301,GHA,0,0.5,12,4,4,12,1,0,0.0
HIST_JPN_SCO_20060513,JPN,0,0.5,12,4,4,12,1,0,0.0
HIST_COL_ECU_20060524,COL,1,0.5,12,4,4,12,1,0,1.0
HIST_CRO_IRN_20060528,IRN,2,0.5,12,4,4,12,1,0,2.0
HIST_USA_CZE_20060612,CZE,3,0.5,12,4,4,12,1,0,3.0
HIST_FRA_SUI_20060613,FRA,0,0.5,12,4,4,12,1,0,0.0
HIST_BRA_AUS_20060618,BRA,2,0.5,12,4,4,12,1,0,2.0
HIST_SUI_KOR_20060623,KOR,0,0.5,12,4,4,12,1,0,0.0
HIST_ENG_ECU_20060625,ENG,1,0.5,12,4,4,12,1,0,1.0
HIST_EGY_URU_20060816,EGY,0,0.5,12,4,4,12,1,0,0.0
HIST_CIV_SEN_20060816,CIV,0,0.5,12,4,4,12,1,0,0.0
HIST_SUI_BRA_20061115,SUI,1,0.5,12,4,4,12,1,0,1.0
HIST_KSA_QAT_20070121,KSA,1,0.5,12,4,4,12,1,0,1.0
HIST_COL_URU_20070207,URU,3,0.5,12,4,4,12,1,0,3.0
HIST_ENG_ESP_20070207,ENG,0,0.5,12,4,4,12,1,0,0.0
HIST_ENG_ESP_20070207,ESP,1,0.5,12,4,4,12,1,0,1.0
HIST_FRA_ARG_20070207,FRA,0,0.5,12,4,4,12,1,0,0.0
HIST_USA_MEX_20070624,USA,2,0.5,12,4,4,12,1,0,2.0
HIST_BRA_MEX_20070627,MEX,2,0.5,12,4,4,12,1,0,2.0
HIST_BRA_ECU_20070704,ECU,0,0.5,12,4,4,12,1,0,0.0
HIST_KOR_KSA_20070711,KOR,1,0.5,12,4,4,12,1,0,1.0
HIST_IRN_KOR_20070722,IRN,0,0.5,12,4,4,12,1,0,0.0
HIST_USA_BRA_20070909,BRA,4,0.5,12,4,4,12,1,0,4.0
HIST_USA_SWE_20080119,SWE,0,0.5,12,4,4,12,1,0,0.0
HIST_GHA_MAR_20080128,MAR,0,0.5,12,4,4,12,1,0,0.0
HIST_ENG_SUI_20080206,ENG,2,0.5,12,4,4,12,1,0,2.0
HIST_USA_MEX_20080206,MEX,2,0.5,12,4,4,12,1,0,2.0
HIST_UZB_KSA_20080326,KSA,0,0.5,12,4,4,12,1,0,0.0
HIST_JPN_CIV_20080524,JPN,1,0.5,12,4,4,12,1,0,1.0
HIST_CZE_SCO_20080530,SCO,1,0.5,12,4,4,12,1,0,1.0
HIST_ESP_USA_20080604,USA,0,0.5,12,4,4,12,1,0,0.0
HIST_ECU_COL_20080618,ECU,0,0.5,12,4,4,12,1,0,0.0
HIST_KSA_QAT_20080830,QAT,1,0.5,12,4,4,12,1,0,1.0
HIST_JAM_MEX_20081011,MEX,0,0.5,12,4,4,12,1,0,0.0
HIST_FRA_TUN_20081014,FRA,3,0.5,12,4,4,12,1,0,3.0
HIST_NOR_NED_20081015,NOR,0,0.5,12,4,4,12,1,0,0.0
HIST_AUT_TUR_20081119,TUR,4,0.5,12,4,4,12,1,0,4.0
HIST_BRA_ITA_20090210,ITA,0,0.5,12,4,4,12,1,0,0.0
HIST_AUT_SWE_20090211,SWE,2,0.5,12,4,4,12,1,0,2.0
HIST_IRN_KOR_20090211,KOR,1,0.5,12,4,4,12,1,0,1.0
HIST_JPN_AUS_20090211,JPN,0,0.5,12,4,4,12,1,0,0.0
HIST_ARG_PAN_20090520,ARG,3,0.5,12,4,4,12,1,0,3.0
HIST_QAT_KSA_20090526,QAT,2,0.5,12,4,4,12,1,0,2.0
HIST_JPN_BEL_20090531,JPN,4,0.5,12,4,4,12,1,0,4.0
HIST_ARG_COL_20090606,COL,0,0.5,12,4,4,12,1,0,0.0
HIST_ALG_EGY_20090607,EGY,1,0.5,12,4,4,12,1,0,1.0
HIST_EGY_USA_20090621,USA,3,0.5,12,4,4,12,1,0,3.0
HIST_SUI_ITA_20090812,SUI,0,0.5,12,4,4,12,1,0,0.0
HIST_ARG_BRA_20090905,BRA,3,0.5,12,4,4,12,1,0,3.0
HIST_UZB_IRN_20090905,IRN,0,0.5,12,4,4,12,1,0,0.0
HIST_PAR_ARG_20090909,PAR,1,0.5,12,4,4,12,1,0,1.0
HIST_AUS_NED_20091010,NED,0,0.5,12,4,4,12,1,0,0.0
HIST_PAR_COL_20091014,PAR,0,0.5,12,4,4,12,1,0,0.0
HIST_PAR_QAT_20091113,PAR,0,0.5,12,4,4,12,1,0,0.0
HIST_BRA_ENG_20091114,BRA,1,0.5,12,4,4,12,1,0,1.0
HIST_BEL_QAT_20091117,BEL,2,0.5,12,4,4,12,1,0,2.0
HIST_JPN_KOR_20100214,KOR,3,0.5,12,4,4,12,1,0,3.0
HIST_ENG_EGY_20100303,EGY,1,0.5,12,4,4,12,1,0,1.0
HIST_USA_CZE_20100525,USA,2,0.5,12,4,4,12,1,0,2.0
HIST_BRA_CIV_20100620,BRA,3,0.5,12,4,4,12,1,0,3.0
HIST_BRA_CIV_20100620,CIV,1,0.5,12,4,4,12,1,0,1.0
HIST_URU_GER_20100710,GER,3,0.5,12,4,4,12,1,0,3.0
HIST_RSA_GHA_20100811,RSA,1,0.5,12,4,4,12,1,0,1.0
HIST_MEX_COL_20100907,COL,0,0.5,12,4,4,12,1,0,0.0
HIST_KSA_UZB_20101009,UZB,0,0.5,12,4,4,12,1,0,0.0
HIST_NED_TUR_20101117,NED,1,0.5,12,4,4,12,1,0,1.0
HIST_QAT_EGY_20101216,EGY,1,0.5,12,4,4,12,1,0,1.0
HIST_IRQ_IRN_20110111,IRN,2,0.5,12,4,4,12,1,0,2.0
HIST_QAT_JPN_20110121,JPN,3,0.5,12,4,4,12,1,0,3.0
HIST_AUT_GER_20110603,AUT,1,0.5,12,4,4,12,1,0,1.0
HIST_USA_JAM_20110619,JAM,0,0.5,12,4,4,12,1,0,0.0
HIST_NOR_CZE_20110810,NOR,3,0.5,12,4,4,12,1,0,3.0
HIST_GER_AUT_20110902,GER,6,0.5,12,4,4,12,1,0,6.0
HIST_IRQ_JOR_20110902,JOR,2,0.5,12,4,4,12,1,0,2.0
HIST_BEL_USA_20110906,BEL,1,0.5,12,4,4,12,1,0,1.0
HIST_FRA_BEL_20111115,FRA,0,0.5,12,4,4,12,1,0,0.0
HIST_MAR_SEN_20120525,MAR,0,0.5,12,4,4,12,1,0,0.0
HIST_BRA_ARG_20120609,BRA,3,0.5,12,4,4,12,1,0,3.0
HIST_ITA_CRO_20120614,ITA,1,0.5,12,4,4,12,1,0,1.0
HIST_KSA_MAR_20120618,KSA,4,0.5,12,4,4,12,1,0,4.0
HIST_SWE_FRA_20120619,SWE,2,0.5,12,4,4,12,1,0,2.0
HIST_SWE_FRA_20120619,FRA,0,0.5,12,4,4,12,1,0,0.0
HIST_ESP_FRA_20120623,ESP,2,0.5,12,4,4,12,1,0,2.0
HIST_GER_ITA_20120628,ITA,2,0.5,12,4,4,12,1,0,2.0
HIST_JOR_UZB_20120815,UZB,0,0.5,12,4,4,12,1,0,0.0
HIST_POR_PAN_20120815,PAN,0,0.5,12,4,4,12,1,0,0.0
HIST_ARG_BRA_20121121,BRA,1,0.5,12,4,4,12,1,0,1.0
HIST_QAT_EGY_20121228,EGY,2,0.5,12,4,4,12,1,0,2.0
HIST_IRQ_TUN_20121230,IRQ,1,0.5,12,4,4,12,1,0,1.0
HIST_IRQ_TUN_20121230,TUN,2,0.5,12,4,4,12,1,0,2.0
HIST_ALG_CIV_20130130,ALG,2,0.5,12,4,4,12,1,0,2.0
HIST_NED_ITA_20130206,NED,1,0.5,12,4,4,12,1,0,1.0
HIST_JPN_CAN_20130322,CAN,1,0.5,12,4,4,12,1,0,1.0
HIST_ECU_PAR_20130326,ECU,4,0.5,12,4,4,12,1,0,4.0
HIST_USA_BEL_20130529,USA,2,0.5,12,4,4,12,1,0,2.0
HIST_JAM_MEX_20130604,JAM,0,0.5,12,4,4,12,1,0,0.0
HIST_ECU_ARG_20130611,ARG,1,0.5,12,4,4,12,1,0,1.0
HIST_UZB_QAT_20130618,UZB,5,0.5,12,4,4,12,1,0,5.0
HIST_BRA_ITA_20130622,ITA,2,0.5,12,4,4,12,1,0,2.0
HIST_MEX_CAN_20130711,CAN,0,0.5,12,4,4,12,1,0,0.0
HIST_ECU_ESP_20130814,ESP,2,0.5,12,4,4,12,1,0,2.0
HIST_KOR_BRA_20131012,BRA,2,0.5,12,4,4,12,1,0,2.0
HIST_ARG_ECU_20131115,ARG,0,0.5,12,4,4,12,1,0,0.0
HIST_ITA_GER_20131115,GER,1,0.5,12,4,4,12,1,0,1.0
HIST_ENG_GER_20131119,GER,1,0.5,12,4,4,12,1,0,1.0
HIST_NOR_SCO_20131119,NOR,0,0.5,12,4,4,12,1,0,0.0
HIST_AUS_ECU_20140305,AUS,3,0.5,12,4,4,12,1,0,3.0
HIST_RSA_BRA_20140305,RSA,0,0.5,12,4,4,12,1,0,0.0
HIST_BEL_TUN_20140607,TUN,0,0.5,12,4,4,12,1,0,0.0
HIST_BRA_CRO_20140612,CRO,1,0.5,12,4,4,12,1,0,1.0
HIST_BRA_MEX_20140617,MEX,0,0.5,12,4,4,12,1,0,0.0
HIST_ARG_IRN_20140621,IRN,0,0.5,12,4,4,12,1,0,0.0
HIST_KOR_ALG_20140622,ALG,4,0.5,12,4,4,12,1,0,4.0
HIST_BRA_COL_20140704,BRA,2,0.5,12,4,4,12,1,0,2.0
HIST_GER_ARG_20140713,ARG,0,0.5,12,4,4,12,1,0,0.0
HIST_SEN_TUN_20141010,TUN,0,0.5,12,4,4,12,1,0,0.0
HIST_JPN_BRA_20141014,BRA,4,0.5,12,4,4,12,1,0,4.0
HIST_TUN_SEN_20141015,TUN,1,0.5,12,4,4,12,1,0,1.0
HIST_SCO_ENG_20141118,ENG,3,0.5,12,4,4,12,1,0,3.0
HIST_TUN_EGY_20141119,TUN,2,0.5,12,4,4,12,1,0,2.0
HIST_KSA_QAT_20141126,KSA,1,0.5,12,4,4,12,1,0,1.0
HIST_IRN_IRQ_20150104,IRQ,0,0.5,12,4,4,12,1,0,0.0
HIST_AUS_KOR_20150117,AUS,0,0.5,12,4,4,12,1,0,0.0
HIST_GHA_ALG_20150123,GHA,1,0.5,12,4,4,12,1,0,1.0
HIST_SEN_ALG_20150127,ALG,2,0.5,12,4,4,12,1,0,2.0
HIST_FRA_BRA_20150326,FRA,1,0.5,12,4,4,12,1,0,1.0
HIST_NED_TUR_20150328,NED,1,0.5,12,4,4,12,1,0,1.0
HIST_NED_ESP_20150331,NED,2,0.5,12,4,4,12,1,0,2.0
HIST_NOR_SWE_20150608,SWE,0,0.5,12,4,4,12,1,0,0.0
HIST_UZB_IRN_20150611,UZB,0,0.5,12,4,4,12,1,0,0.0
HIST_URU_JAM_20150613,URU,1,0.5,12,4,4,12,1,0,1.0
HIST_USA_JAM_20150722,JAM,2,0.5,12,4,4,12,1,0,2.0
HIST_COL_ECU_20160329,COL,3,0.5,12,4,4,12,1,0,3.0
HIST_MAR_CPV_20160329,MAR,2,0.5,12,4,4,12,1,0,2.0
HIST_CZE_KOR_20160605,KOR,2,0.5,12,4,4,12,1,0,2.0
HIST_CAN_UZB_20160607,UZB,1,0.5,12,4,4,12,1,0,1.0
HIST_URU_JAM_20160613,JAM,0,0.5,12,4,4,12,1,0,0.0
HIST_USA_COL_20160625,USA,0,0.5,12,4,4,12,1,0,0.0
HIST_USA_COL_20160625,COL,1,0.5,12,4,4,12,1,0,1.0
HIST_ARG_URU_20160901,ARG,1,0.5,12,4,4,12,1,0,1.0
HIST_KOR_QAT_20161006,KOR,3,0.5,12,4,4,12,1,0,3.0
HIST_ITA_GER_20161115,GER,0,0.5,12,4,4,12,1,0,0.0
HIST_ECU_COL_20170328,COL,2,0.5,12,4,4,12,1,0,2.0
HIST_ESP_COL_20170607,ESP,2,0.5,12,4,4,12,1,0,2.0
HIST_NOR_CZE_20170610,NOR,1,0.5,12,4,4,12,1,0,1.0
HIST_FRA_ENG_20170613,FRA,3,0.5,12,4,4,12,1,0,3.0
HIST_QAT_KOR_20170613,KOR,2,0.5,12,4,4,12,1,0,2.0
HIST_NZL_POR_20170624,NZL,0,0.5,12,4,4,12,1,0,0.0
HIST_USA_GHA_20170701,GHA,1,0.5,12,4,4,12,1,0,1.0
HIST_CPV_SEN_20171007,SEN,2,0.5,12,4,4,12,1,0,2.0
HIST_IRN_PAN_20171109,PAN,1,0.5,12,4,4,12,1,0,1.0
HIST_JPN_BRA_20171110,BRA,3,0.5,12,4,4,12,1,0,3.0
HIST_SWE_ITA_20171110,SWE,1,0.5,12,4,4,12,1,0,1.0
HIST_AUT_URU_20171114,URU,1,0.5,12,4,4,12,1,0,1.0
HIST_POR_USA_20171114,USA,1,0.5,12,4,4,12,1,0,1.0
HIST_SUI_PAN_20180327,SUI,6,0.5,12,4,4,12,1,0,6.0
HIST_ALG_CPV_20180601,ALG,2,0.5,12,4,4,12,1,0,2.0
HIST_ESP_SUI_20180603,ESP,1,0.5,12,4,4,12,1,0,1.0
HIST_NOR_PAN_20180606,NOR,1,0.5,12,4,4,12,1,0,1.0
HIST_URU_UZB_20180607,UZB,0,0.5,12,4,4,12,1,0,0.0
HIST_FRA_USA_20180609,FRA,1,0.5,12,4,4,12,1,0,1.0
HIST_GER_SWE_20180623,GER,2,0.5,12,4,4,12,1,0,2.0
HIST_JPN_SEN_20180624,SEN,2,0.5,12,4,4,12,1,0,2.0
HIST_SEN_COL_20180628,COL,1,0.5,12,4,4,12,1,0,1.0
HIST_URU_POR_20180630,URU,2,0.5,12,4,4,12,1,0,2.0
HIST_BEL_ENG_20180714,ENG,0,0.5,12,4,4,12,1,0,0.0
HIST_AUT_SWE_20180906,SWE,0,0.5,12,4,4,12,1,0,0.0
HIST_ARG_IRQ_20181011,ARG,4,0.5,12,4,4,12,1,0,4.0
HIST_CRO_ENG_20181012,CRO,0,0.5,12,4,4,12,1,0,0.0
HIST_ENG_USA_20181115,USA,0,0.5,12,4,4,12,1,0,0.0
HIST_GER_NED_20181119,GER,2,0.5,12,4,4,12,1,0,2.0
HIST_ARG_MEX_20181120,ARG,2,0.5,12,4,4,12,1,0,2.0
HIST_JOR_KSA_20181120,JOR,1,0.5,12,4,4,12,1,0,1.0
HIST_PAN_ECU_20181120,ECU,2,0.5,12,4,4,12,1,0,2.0
HIST_USA_PAN_20190127,USA,3,0.5,12,4,4,12,1,0,3.0
HIST_USA_PAN_20190127,PAN,0,0.5,12,4,4,12,1,0,0.0
HIST_JPN_COL_20190322,JPN,0,0.5,12,4,4,12,1,0,0.0
HIST_ESP_NOR_20190323,NOR,1,0.5,12,4,4,12,1,0,1.0
HIST_MAR_ARG_20190326,ARG,1,0.5,12,4,4,12,1,0,1.0
HIST_USA_PAN_20190626,USA,1,0.5,12,4,4,12,1,0,1.0
HIST_USA_PAN_20190626,PAN,0,0.5,12,4,4,12,1,0,0.0
HIST_BRA_ARG_20190702,BRA,2,0.5,12,4,4,12,1,0,2.0
HIST_CIV_ALG_20190711,CIV,1,0.5,12,4,4,12,1,0,1.0
HIST_SEN_TUN_20190714,TUN,0,0.5,12,4,4,12,1,0,0.0
HIST_SWE_NOR_20190908,NOR,1,0.5,12,4,4,12,1,0,1.0
HIST_ARG_MEX_20190910,ARG,4,0.5,12,4,4,12,1,0,4.0
HIST_CZE_ENG_20191011,ENG,1,0.5,12,4,4,12,1,0,1.0
HIST_FRA_TUR_20191014,TUR,1,0.5,12,4,4,12,1,0,1.0
HIST_CAN_USA_20191015,CAN,2,0.5,12,4,4,12,1,0,2.0
HIST_USA_CAN_20191115,USA,4,0.5,12,4,4,12,1,0,4.0
HIST_SUI_CRO_20201007,SUI,1,0.5,12,4,4,12,1,0,1.0
HIST_SUI_CRO_20201007,CRO,2,0.5,12,4,4,12,1,0,2.0
HIST_ARG_ECU_20201008,ECU,0,0.5,12,4,4,12,1,0,0.0
HIST_MAR_SEN_20201009,MAR,3,0.5,12,4,4,12,1,0,3.0
HIST_FRA_POR_20201011,POR,0,0.5,12,4,4,12,1,0,0.0
HIST_ECU_URU_20201013,ECU,4,0.5,12,4,4,12,1,0,4.0
HIST_ITA_NED_20201014,ITA,1,0.5,12,4,4,12,1,0,1.0
HIST_SWE_CRO_20201114,SWE,2,0.5,12,4,4,12,1,0,2.0
HIST_TUR_NED_20210324,TUR,4,0.5,12,4,4,12,1,0,4.0
HIST_SCO_AUT_20210325,AUT,2,0.5,12,4,4,12,1,0,2.0
HIST_CZE_BEL_20210327,BEL,1,0.5,12,4,4,12,1,0,1.0
HIST_NOR_TUR_20210327,NOR,0,0.5,12,4,4,12,1,0,0.0
HIST_HAI_CAN_20210612,HAI,0,0.5,12,4,4,12,1,0,0.0
HIST_GHA_CIV_20210612,GHA,0,0.5,12,4,4,12,1,0,0.0
HIST_GHA_CIV_20210612,CIV,0,0.5,12,4,4,12,1,0,0.0
HIST_POR_FRA_20210623,POR,2,0.5,12,4,4,12,1,0,2.0
HIST_NED_CZE_20210627,NED,0,0.5,12,4,4,12,1,0,0.0
HIST_BRA_ECU_20210627,ECU,1,0.5,12,4,4,12,1,0,1.0
HIST_ARG_COL_20210706,ARG,1,0.5,12,4,4,12,1,0,1.0
HIST_SWE_ESP_20210902,SWE,2,0.5,12,4,4,12,1,0,2.0
HIST_SWE_UZB_20210905,SWE,2,0.5,12,4,4,12,1,0,2.0
HIST_PAR_COL_20210905,PAR,1,0.5,12,4,4,12,1,0,1.0
HIST_MEX_CAN_20211007,CAN,1,0.5,12,4,4,12,1,0,1.0
HIST_TUR_NOR_20211008,NOR,1,0.5,12,4,4,12,1,0,1.0
HIST_ARG_URU_20211010,URU,0,0.5,12,4,4,12,1,0,0.0
HIST_CAN_PAN_20211013,CAN,4,0.5,12,4,4,12,1,0,4.0
HIST_QAT_IRQ_20211206,IRQ,0,0.5,12,4,4,12,1,0,0.0
HIST_ALG_EGY_20211207,ALG,1,0.5,12,4,4,12,1,0,1.0
HIST_ARG_COL_20220201,ARG,1,0.5,12,4,4,12,1,0,1.0
HIST_MEX_PAN_20220202,PAN,0,0.5,12,4,4,12,1,0,0.0
HIST_AUS_JPN_20220324,AUS,0,0.5,12,4,4,12,1,0,0.0
HIST_PAR_ECU_20220324,ECU,1,0.5,12,4,4,12,1,0,1.0
HIST_KOR_BRA_20220602,BRA,5,0.5,12,4,4,12,1,0,5.0
HIST_KSA_COL_20220605,KSA,0,0.5,12,4,4,12,1,0,0.0
HIST_CRO_FRA_20220606,FRA,1,0.5,12,4,4,12,1,0,1.0
HIST_JPN_USA_20220923,JPN,2,0.5,12,4,4,12,1,0,2.0
HIST_POR_ESP_20220927,POR,0,0.5,12,4,4,12,1,0,0.0
HIST_SWE_ALG_20221119,ALG,0,0.5,12,4,4,12,1,0,0.0
HIST_AUT_ITA_20221120,AUT,2,0.5,12,4,4,12,1,0,2.0
HIST_AUT_ITA_20221120,ITA,0,0.5,12,4,4,12,1,0,0.0
HIST_BEL_MAR_20221127,MAR,2,0.5,12,4,4,12,1,0,2.0
HIST_KOR_GHA_20221128,GHA,3,0.5,12,4,4,12,1,0,3.0
HIST_KSA_MEX_20221130,MEX,2,0.5,12,4,4,12,1,0,2.0
HIST_JPN_ESP_20221201,ESP,1,0.5,12,4,4,12,1,0,1.0
HIST_NED_ARG_20221209,ARG,2,0.5,12,4,4,12,1,0,2.0
HIST_ARG_PAN_20230323,ARG,2,0.5,12,4,4,12,1,0,2.0
HIST_MAR_BRA_20230325,MAR,2,0.5,12,4,4,12,1,0,2.0
HIST_COL_IRQ_20230616,IRQ,0,0.5,12,4,4,12,1,0,0.0
HIST_CRO_ESP_20230618,ESP,0,0.5,12,4,4,12,1,0,0.0
HIST_JAM_MEX_20230712,JAM,0,0.5,12,4,4,12,1,0,0.0
HIST_EGY_TUN_20230912,TUN,3,0.5,12,4,4,12,1,0,3.0
HIST_JPN_TUR_20230912,JPN,4,0.5,12,4,4,12,1,0,4.0
HIST_AUT_BEL_20231013,AUT,2,0.5,12,4,4,12,1,0,2.0
HIST_ECU_COL_20231017,ECU,0,0.5,12,4,4,12,1,0,0.0
HIST_USA_GHA_20231017,GHA,0,0.5,12,4,4,12,1,0,0.0
HIST_SCO_NOR_20231119,SCO,3,0.5,12,4,4,12,1,0,3.0
HIST_UZB_IRN_20231121,IRN,2,0.5,12,4,4,12,1,0,2.0
HIST_MEX_COL_20231216,COL,3,0.5,12,4,4,12,1,0,3.0
HIST_RSA_TUN_20240124,RSA,0,0.5,12,4,4,12,1,0,0.0
HIST_RSA_TUN_20240124,TUN,0,0.5,12,4,4,12,1,0,0.0
HIST_IRQ_JOR_20240129,JOR,3,0.5,12,4,4,12,1,0,3.0
HIST_TUN_CRO_20240323,CRO,0,0.5,12,4,4,12,1,0,0.0
HIST_ENG_BRA_20240323,ENG,0,0.5,12,4,4,12,1,0,0.0
HIST_JAM_PAN_20240324,JAM,1,0.5,12,4,4,12,1,0,1.0
HIST_ALG_RSA_20240326,ALG,3,0.5,12,4,4,12,1,0,3.0
HIST_POR_CRO_20240608,POR,1,0.5,12,4,4,12,1,0,1.0
HIST_POR_CRO_20240608,CRO,2,0.5,12,4,4,12,1,0,2.0
HIST_FRA_CAN_20240609,CAN,0,0.5,12,4,4,12,1,0,0.0
HIST_URU_PAN_20240623,URU,3,0.5,12,4,4,12,1,0,3.0
HIST_CRO_ITA_20240624,CRO,1,0.5,12,4,4,12,1,0,1.0
HIST_ECU_JAM_20240626,JAM,1,0.5,12,4,4,12,1,0,1.0
HIST_BRA_COL_20240702,BRA,1,0.5,12,4,4,12,1,0,1.0
HIST_URU_BRA_20240706,URU,0,0.5,12,4,4,12,1,0,0.0
HIST_URU_COL_20240710,URU,0,0.5,12,4,4,12,1,0,0.0
HIST_MEX_NZL_20240907,MEX,3,0.5,12,4,4,12,1,0,3.0
HIST_ITA_BEL_20241010,BEL,2,0.5,12,4,4,12,1,0,2.0
HIST_KSA_JPN_20241010,KSA,0,0.5,12,4,4,12,1,0,0.0
HIST_KSA_JPN_20241010,JPN,2,0.5,12,4,4,12,1,0,2.0
HIST_GER_NED_20241014,NED,0,0.5,12,4,4,12,1,0,0.0
HIST_CAN_PAN_20241015,CAN,2,0.5,12,4,4,12,1,0,2.0
HIST_IRN_QAT_20241015,IRN,4,0.5,12,4,4,12,1,0,4.0
HIST_KOR_IRQ_20241015,KOR,3,0.5,12,4,4,12,1,0,3.0
HIST_PAR_ARG_20241114,ARG,1,0.5,12,4,4,12,1,0,1.0
HIST_QAT_UZB_20241114,QAT,3,0.5,12,4,4,12,1,0,3.0
HIST_BRA_URU_20241119,URU,1,0.5,12,4,4,12,1,0,1.0
HIST_CRO_FRA_20250320,FRA,0,0.5,12,4,4,12,1,0,0.0
HIST_PAN_MEX_20250323,MEX,2,0.5,12,4,4,12,1,0,2.0
HIST_KOR_JOR_20250325,KOR,1,0.5,12,4,4,12,1,0,1.0
HIST_KOR_JOR_20250325,JOR,1,0.5,12,4,4,12,1,0,1.0
HIST_POR_ESP_20250608,POR,2,0.5,12,4,4,12,1,0,2.0
HIST_BRA_PAR_20250610,PAR,0,0.5,12,4,4,12,1,0,0.0
HIST_USA_HAI_20250622,HAI,1,0.5,12,4,4,12,1,0,1.0
HIST_ECU_ARG_20250909,ARG,0,0.5,12,4,4,12,1,0,0.0
HIST_MEX_COL_20251011,MEX,0,0.5,12,4,4,12,1,0,0.0
HIST_USA_AUS_20251014,AUS,1,0.5,12,4,4,12,1,0,1.0
HIST_JPN_GHA_20251114,JPN,2,0.5,12,4,4,12,1,0,2.0
HIST_BRA_SEN_20251115,SEN,0,0.5,12,4,4,12,1,0,0.0
HIST_KOR_GHA_20251118,KOR,1,0.5,12,4,4,12,1,0,1.0
HIST_USA_URU_20251118,URU,1,0.5,12,4,4,12,1,0,1.0
HIST_ENG_URU_20260327,ENG,1,0.5,12,4,4,12,1,0,1.0
HIST_CIV_KOR_20260328,CIV,4,0.5,12,4,4,12,1,0,4.0
HIST_BRA_CRO_20260331,CRO,1,0.5,12,4,4,12,1,0,1.0
HIST_CAN_TUN_20260331,CAN,0,0.5,12,4,4,12,1,0,0.0
HIST_MEX_BEL_20260331,BEL,1,0.5,12,4,4,12,1,0,1.0
HIST_MAR_PAR_20260331,MAR,2,0.5,12,4,4,12,1,0,2.0
HIST_CAN_UZB_20260601,UZB,0,0.5,12,4,4,12,1,0,0.0
HIST_NOR_SWE_20260601,NOR,3,0.5,12,4,4,12,1,0,3.0
HIST_AUS_SUI_20260606,AUS,1,0.5,12,4,4,12,1,0,1.0
HIST_MAR_NOR_20260607,NOR,1,0.5,12,4,4,12,1,0,1.0
HIST_RSA_ALG_20000202,RSA,1,0.5,12,4,4,12,1,0,1.0
HIST_CRO_ESP_20000223,CRO,0,0.5,12,4,4,12,1,0,0.0
HIST_COL_BRA_20000328,BRA,0,0.5,12,4,4,12,1,0,0.0
HIST_BEL_NED_20000329,NED,2,0.5,12,4,4,12,1,0,2.0
HIST_CPV_SEN_20000508,CPV,2,0.5,12,4,4,12,1,0,2.0
HIST_JOR_IRN_20000531,IRN,1,0.5,12,4,4,12,1,0,1.0
HIST_JOR_IRQ_20000602,JOR,1,0.5,12,4,4,12,1,0,1.0
HIST_PAR_ECU_20000603,PAR,3,0.5,12,4,4,12,1,0,3.0
HIST_MEX_RSA_20000607,MEX,4,0.5,12,4,4,12,1,0,4.0
HIST_TUR_ITA_20000611,ITA,2,0.5,12,4,4,12,1,0,2.0
HIST_POR_ENG_20000612,POR,3,0.5,12,4,4,12,1,0,3.0
HIST_EGY_GHA_20000617,EGY,2,0.5,12,4,4,12,1,0,2.0
HIST_NED_FRA_20000621,NED,3,0.5,12,4,4,12,1,0,3.0
HIST_ECU_PAN_20000625,ECU,5,0.5,12,4,4,12,1,0,5.0
HIST_ESP_FRA_20000625,FRA,2,0.5,12,4,4,12,1,0,2.0
HIST_PAN_MEX_20000716,PAN,0,0.5,12,4,4,12,1,0,0.0
HIST_PAN_CAN_20000723,PAN,0,0.5,12,4,4,12,1,0,0.0
HIST_PAN_ECU_20000811,ECU,0,0.5,12,4,4,12,1,0,0.0
HIST_ARG_PAR_20000816,ARG,1,0.5,12,4,4,12,1,0,1.0
HIST_FRA_ENG_20000902,ENG,1,0.5,12,4,4,12,1,0,1.0
HIST_USA_MEX_20001025,MEX,0,0.5,12,4,4,12,1,0,0.0
HIST_KOR_KSA_20001026,KOR,1,0.5,12,4,4,12,1,0,1.0
HIST_ITA_ENG_20001115,ENG,0,0.5,12,4,4,12,1,0,0.0
HIST_MEX_JAM_20010325,MEX,4,0.5,12,4,4,12,1,0,4.0
HIST_ESP_FRA_20010328,FRA,1,0.5,12,4,4,12,1,0,1.0
HIST_HAI_PAN_20010407,HAI,0,0.5,12,4,4,12,1,0,0.0
HIST_AUS_FRA_20010601,FRA,0,0.5,12,4,4,12,1,0,0.0
HIST_KOR_AUS_20010603,KOR,1,0.5,12,4,4,12,1,0,1.0
HIST_CIV_EGY_20010617,EGY,2,0.5,12,4,4,12,1,0,2.0
HIST_URU_BRA_20010701,BRA,0,0.5,12,4,4,12,1,0,0.0
HIST_BRA_PAR_20010718,PAR,1,0.5,12,4,4,12,1,0,1.0
HIST_BRA_PAN_20010809,PAN,0,0.5,12,4,4,12,1,0,0.0
HIST_BEL_SCO_20010905,SCO,0,0.5,12,4,4,12,1,0,0.0
HIST_USA_JAM_20011007,USA,2,0.5,12,4,4,12,1,0,2.0
HIST_ENG_SWE_20011110,SWE,1,0.5,12,4,4,12,1,0,1.0
HIST_CZE_BEL_20011114,CZE,0,0.5,12,4,4,12,1,0,0.0
HIST_RSA_GHA_20020124,RSA,0,0.5,12,4,4,12,1,0,0.0
HIST_KSA_BRA_20020206,BRA,1,0.5,12,4,4,12,1,0,1.0
HIST_TUN_KOR_20020313,TUN,0,0.5,12,4,4,12,1,0,0.0
HIST_NOR_JPN_20020514,JPN,0,0.5,12,4,4,12,1,0,0.0
HIST_KOR_ENG_20020521,ENG,1,0.5,12,4,4,12,1,0,1.0
HIST_FRA_SEN_20020531,FRA,0,0.5,12,4,4,12,1,0,0.0
HIST_ESP_PAR_20020607,ESP,3,0.5,12,4,4,12,1,0,3.0
HIST_RSA_ESP_20020612,RSA,2,0.5,12,4,4,12,1,0,2.0
HIST_SWE_ARG_20020612,SWE,1,0.5,12,4,4,12,1,0,1.0
HIST_SWE_SEN_20020616,SWE,1,0.5,12,4,4,12,1,0,1.0
HIST_BRA_TUR_20020626,TUR,0,0.5,12,4,4,12,1,0,0.0
HIST_JOR_IRQ_20020907,IRQ,3,0.5,12,4,4,12,1,0,3.0
HIST_CIV_RSA_20020908,RSA,0,0.5,12,4,4,12,1,0,0.0
HIST_POR_SCO_20021120,POR,2,0.5,12,4,4,12,1,0,2.0
HIST_QAT_IRQ_20021120,QAT,2,0.5,12,4,4,12,1,0,2.0
HIST_URU_IRN_20030204,URU,1,0.5,12,4,4,12,1,0,1.0
HIST_MAR_SEN_20030212,MAR,1,0.5,12,4,4,12,1,0,1.0
HIST_SCO_AUT_20030430,SCO,0,0.5,12,4,4,12,1,0,0.0
HIST_POR_PAR_20030606,PAR,0,0.5,12,4,4,12,1,0,0.0
HIST_USA_NZL_20030608,USA,2,0.5,12,4,4,12,1,0,2.0
HIST_JPN_COL_20030622,JPN,0,0.5,12,4,4,12,1,0,0.0
HIST_COL_TUR_20030628,COL,1,0.5,12,4,4,12,1,0,1.0
HIST_USA_PAR_20030706,USA,2,0.5,12,4,4,12,1,0,2.0
HIST_COL_BRA_20030719,COL,0,0.5,12,4,4,12,1,0,0.0
HIST_MEX_JAM_20030720,MEX,5,0.5,12,4,4,12,1,0,5.0
HIST_IRN_IRQ_20030813,IRN,0,0.5,12,4,4,12,1,0,0.0
HIST_GER_ITA_20030820,ITA,1,0.5,12,4,4,12,1,0,1.0
HIST_PAN_PAR_20030820,PAR,2,0.5,12,4,4,12,1,0,2.0
HIST_JOR_IRQ_20030826,IRQ,1,0.5,12,4,4,12,1,0,1.0
HIST_CZE_NED_20030910,CZE,3,0.5,12,4,4,12,1,0,3.0
HIST_GER_FRA_20031115,FRA,3,0.5,12,4,4,12,1,0,3.0
HIST_SCO_NED_20031115,NED,0,0.5,12,4,4,12,1,0,0.0
HIST_NOR_ESP_20031119,NOR,0,0.5,12,4,4,12,1,0,0.0
HIST_POR_ITA_20040331,ITA,2,0.5,12,4,4,12,1,0,2.0
HIST_ITA_ESP_20040428,ESP,1,0.5,12,4,4,12,1,0,1.0
HIST_FRA_BRA_20040520,BRA,0,0.5,12,4,4,12,1,0,0.0
HIST_RSA_CPV_20040605,CPV,1,0.5,12,4,4,12,1,0,1.0
HIST_NED_CZE_20040619,CZE,3,0.5,12,4,4,12,1,0,3.0
HIST_POR_ENG_20040624,POR,2,0.5,12,4,4,12,1,0,2.0
HIST_URU_ECU_20040710,ECU,1,0.5,12,4,4,12,1,0,1.0
HIST_MEX_BRA_20040718,MEX,0,0.5,12,4,4,12,1,0,0.0
HIST_SEN_CIV_20040818,SEN,1,0.5,12,4,4,12,1,0,1.0
HIST_SWE_NED_20040818,SWE,2,0.5,12,4,4,12,1,0,2.0
HIST_QAT_JOR_20041117,QAT,2,0.5,12,4,4,12,1,0,2.0
HIST_SCO_SWE_20041117,SWE,4,0.5,12,4,4,12,1,0,4.0
HIST_JPN_GER_20041216,JPN,0,0.5,12,4,4,12,1,0,0.0
HIST_RSA_AUS_20050209,RSA,1,0.5,12,4,4,12,1,0,1.0
HIST_KSA_EGY_20050314,KSA,0,0.5,12,4,4,12,1,0,0.0
HIST_AUS_IRQ_20050326,IRQ,1,0.5,12,4,4,12,1,0,1.0
HIST_KOR_UZB_20050330,KOR,2,0.5,12,4,4,12,1,0,2.0
HIST_ECU_PAR_20050504,PAR,0,0.5,12,4,4,12,1,0,0.0
HIST_UZB_KOR_20050603,UZB,1,0.5,12,4,4,12,1,0,1.0
HIST_JOR_IRQ_20050608,IRQ,1,0.5,12,4,4,12,1,0,1.0
HIST_AUS_NZL_20050609,AUS,1,0.5,12,4,4,12,1,0,1.0
HIST_ARG_TUN_20050615,TUN,1,0.5,12,4,4,12,1,0,1.0
HIST_JPN_MEX_20050616,MEX,2,0.5,12,4,4,12,1,0,2.0
HIST_AUS_ARG_20050618,AUS,2,0.5,12,4,4,12,1,0,2.0
HIST_BRA_ARG_20050629,BRA,4,0.5,12,4,4,12,1,0,4.0
HIST_FRA_CIV_20050817,FRA,3,0.5,12,4,4,12,1,0,3.0
HIST_SEN_GHA_20050817,GHA,0,0.5,12,4,4,12,1,0,0.0
HIST_ESP_CAN_20050903,ESP,2,0.5,12,4,4,12,1,0,2.0
HIST_URU_COL_20050904,URU,3,0.5,12,4,4,12,1,0,3.0
HIST_TUN_MAR_20051008,TUN,2,0.5,12,4,4,12,1,0,2.0
HIST_USA_PAN_20051012,USA,2,0.5,12,4,4,12,1,0,2.0
HIST_USA_PAN_20051012,PAN,0,0.5,12,4,4,12,1,0,0.0
HIST_KSA_GHA_20051114,KSA,1,0.5,12,4,4,12,1,0,1.0
HIST_CIV_ITA_20051116,ITA,1,0.5,12,4,4,12,1,0,1.0
HIST_USA_CAN_20060122,CAN,0,0.5,12,4,4,12,1,0,0.0
HIST_EGY_MAR_20060124,MAR,0,0.5,12,4,4,12,1,0,0.0
HIST_USA_NOR_20060129,USA,5,0.5,12,4,4,12,1,0,5.0
HIST_USA_JPN_20060210,JPN,2,0.5,12,4,4,12,1,0,2.0
HIST_KSA_POR_20060301,POR,3,0.5,12,4,4,12,1,0,3.0
HIST_ESP_CIV_20060301,CIV,2,0.5,12,4,4,12,1,0,2.0
HIST_GER_JPN_20060530,GER,2,0.5,12,4,4,12,1,0,2.0
HIST_NOR_KOR_20060601,KOR,0,0.5,12,4,4,12,1,0,0.0
HIST_GER_COL_20060602,GER,3,0.5,12,4,4,12,1,0,3.0
HIST_ESP_EGY_20060603,EGY,0,0.5,12,4,4,12,1,0,0.0
HIST_POR_IRN_20060617,POR,2,0.5,12,4,4,12,1,0,2.0
HIST_JPN_CRO_20060618,CRO,0,0.5,12,4,4,12,1,0,0.0
HIST_ITA_AUS_20060626,AUS,0,0.5,12,4,4,12,1,0,0.0
HIST_BRA_FRA_20060701,FRA,1,0.5,12,4,4,12,1,0,1.0
HIST_AUS_PAR_20061007,AUS,1,0.5,12,4,4,12,1,0,1.0
HIST_AUS_PAR_20061007,PAR,1,0.5,12,4,4,12,1,0,1.0
HIST_CRO_ENG_20061011,ENG,0,0.5,12,4,4,12,1,0,0.0
HIST_ESP_ARG_20061011,ESP,2,0.5,12,4,4,12,1,0,2.0
HIST_ITA_TUR_20061115,ITA,1,0.5,12,4,4,12,1,0,1.0
HIST_UZB_QAT_20061115,QAT,0,0.5,12,4,4,12,1,0,0.0
HIST_ECU_SWE_20070121,ECU,1,0.5,12,4,4,12,1,0,1.0
HIST_BEL_CZE_20070207,CZE,2,0.5,12,4,4,12,1,0,2.0
HIST_FRA_AUT_20070328,AUT,0,0.5,12,4,4,12,1,0,0.0
HIST_MEX_ECU_20070328,ECU,2,0.5,12,4,4,12,1,0,2.0
HIST_CPV_ALG_20070602,ALG,2,0.5,12,4,4,12,1,0,2.0
HIST_KOR_NED_20070602,KOR,0,0.5,12,4,4,12,1,0,0.0
HIST_KOR_NED_20070602,NED,2,0.5,12,4,4,12,1,0,2.0
HIST_MEX_PAR_20070605,PAR,1,0.5,12,4,4,12,1,0,1.0
HIST_JOR_IRQ_20070612,JOR,0,0.5,12,4,4,12,1,0,0.0
HIST_URU_BRA_20070710,BRA,2,0.5,12,4,4,12,1,0,2.0
HIST_MEX_URU_20070714,MEX,3,0.5,12,4,4,12,1,0,3.0
HIST_IRN_KOR_20070722,KOR,0,0.5,12,4,4,12,1,0,0.0
HIST_KOR_JPN_20070728,JPN,0,0.5,12,4,4,12,1,0,0.0
HIST_MEX_COL_20070822,COL,1,0.5,12,4,4,12,1,0,1.0
HIST_SCO_RSA_20070822,RSA,0,0.5,12,4,4,12,1,0,0.0
HIST_COL_PAR_20070912,PAR,0,0.5,12,4,4,12,1,0,0.0
HIST_AUT_CIV_20071017,CIV,2,0.5,12,4,4,12,1,0,2.0
HIST_RSA_USA_20071117,USA,1,0.5,12,4,4,12,1,0,1.0
HIST_COL_ARG_20071120,COL,2,0.5,12,4,4,12,1,0,2.0
HIST_EGY_ARG_20080326,EGY,0,0.5,12,4,4,12,1,0,0.0
HIST_EGY_ARG_20080326,ARG,2,0.5,12,4,4,12,1,0,2.0
HIST_RSA_PAR_20080326,PAR,0,0.5,12,4,4,12,1,0,0.0
HIST_CZE_POR_20080611,CZE,1,0.5,12,4,4,12,1,0,1.0
HIST_ARG_ECU_20080615,ARG,1,0.5,12,4,4,12,1,0,1.0
HIST_AUS_RSA_20080819,AUS,2,0.5,12,4,4,12,1,0,2.0
HIST_GER_BEL_20080820,GER,2,0.5,12,4,4,12,1,0,2.0
HIST_GER_BEL_20080820,BEL,0,0.5,12,4,4,12,1,0,0.0
HIST_SWE_POR_20081011,SWE,0,0.5,12,4,4,12,1,0,0.0
HIST_BRA_COL_20081015,BRA,0,0.5,12,4,4,12,1,0,0.0
HIST_CAN_MEX_20081015,MEX,2,0.5,12,4,4,12,1,0,2.0
HIST_RSA_GHA_20081015,RSA,2,0.5,12,4,4,12,1,0,2.0
HIST_BRA_POR_20081119,BRA,6,0.5,12,4,4,12,1,0,6.0
HIST_GHA_TUN_20081119,TUN,0,0.5,12,4,4,12,1,0,0.0
HIST_NED_SWE_20081119,SWE,1,0.5,12,4,4,12,1,0,1.0
HIST_SCO_ARG_20081119,ARG,1,0.5,12,4,4,12,1,0,1.0
HIST_IRN_ECU_20081217,ECU,1,0.5,12,4,4,12,1,0,1.0
HIST_IRN_KOR_20090211,IRN,1,0.5,12,4,4,12,1,0,1.0
HIST_NED_SCO_20090328,SCO,0,0.5,12,4,4,12,1,0,0.0
HIST_ECU_BRA_20090329,BRA,1,0.5,12,4,4,12,1,0,1.0
HIST_QAT_IRQ_20090531,IRQ,0,0.5,12,4,4,12,1,0,0.0
HIST_USA_BRA_20090618,BRA,3,0.5,12,4,4,12,1,0,3.0
HIST_RSA_ESP_20090628,RSA,2,0.5,12,4,4,12,1,0,2.0
HIST_TUN_CIV_20090812,TUN,0,0.5,12,4,4,12,1,0,0.0
HIST_EGY_ALG_20091114,ALG,0,0.5,12,4,4,12,1,0,0.0
HIST_ESP_ARG_20091114,ARG,1,0.5,12,4,4,12,1,0,1.0
HIST_ALG_EGY_20091118,ALG,1,0.5,12,4,4,12,1,0,1.0
HIST_NED_PAR_20091118,PAR,0,0.5,12,4,4,12,1,0,0.0
HIST_NED_MEX_20100526,NED,2,0.5,12,4,4,12,1,0,2.0
HIST_RSA_COL_20100527,RSA,2,0.5,12,4,4,12,1,0,2.0
HIST_USA_TUR_20100529,USA,2,0.5,12,4,4,12,1,0,2.0
HIST_NED_JPN_20100619,NED,1,0.5,12,4,4,12,1,0,1.0
HIST_ITA_NZL_20100620,NZL,1,0.5,12,4,4,12,1,0,1.0
HIST_PAR_NZL_20100624,NZL,0,0.5,12,4,4,12,1,0,0.0
HIST_ARG_GER_20100703,ARG,0,0.5,12,4,4,12,1,0,0.0
HIST_JOR_IRQ_20100916,JOR,4,0.5,12,4,4,12,1,0,4.0
HIST_CZE_SCO_20101008,CZE,1,0.5,12,4,4,12,1,0,1.0
HIST_QAT_KSA_20101128,QAT,1,0.5,12,4,4,12,1,0,1.0
HIST_JOR_KSA_20110113,JOR,1,0.5,12,4,4,12,1,0,1.0
HIST_AUS_JPN_20110129,AUS,0,0.5,12,4,4,12,1,0,0.0
HIST_ESP_COL_20110209,COL,0,0.5,12,4,4,12,1,0,0.0
HIST_USA_PAR_20110329,USA,0,0.5,12,4,4,12,1,0,0.0
HIST_GER_URU_20110529,GER,2,0.5,12,4,4,12,1,0,2.0
HIST_CAN_ECU_20110601,ECU,2,0.5,12,4,4,12,1,0,2.0
HIST_BEL_TUR_20110603,BEL,1,0.5,12,4,4,12,1,0,1.0
HIST_BEL_TUR_20110603,TUR,1,0.5,12,4,4,12,1,0,1.0
HIST_JOR_IRQ_20110716,JOR,1,0.5,12,4,4,12,1,0,1.0
HIST_KSA_AUS_20110906,AUS,3,0.5,12,4,4,12,1,0,3.0
HIST_HAI_CUW_20111011,HAI,2,0.5,12,4,4,12,1,0,2.0
HIST_USA_ECU_20111011,ECU,1,0.5,12,4,4,12,1,0,1.0
HIST_ALG_TUN_20111112,TUN,0,0.5,12,4,4,12,1,0,0.0
HIST_TUN_CIV_20120113,TUN,0,0.5,12,4,4,12,1,0,0.0
HIST_RSA_SEN_20120229,RSA,0,0.5,12,4,4,12,1,0,0.0
HIST_POR_TUR_20120602,POR,1,0.5,12,4,4,12,1,0,1.0
HIST_POR_TUR_20120602,TUR,3,0.5,12,4,4,12,1,0,3.0
HIST_POR_NED_20120617,POR,2,0.5,12,4,4,12,1,0,2.0
HIST_BEL_NED_20120815,BEL,4,0.5,12,4,4,12,1,0,4.0
HIST_GER_ARG_20120815,GER,1,0.5,12,4,4,12,1,0,1.0
HIST_ARG_PAR_20120907,PAR,1,0.5,12,4,4,12,1,0,1.0
HIST_COL_URU_20120907,URU,0,0.5,12,4,4,12,1,0,0.0
HIST_NED_GER_20121114,GER,0,0.5,12,4,4,12,1,0,0.0
HIST_RSA_MAR_20130127,MAR,2,0.5,12,4,4,12,1,0,2.0
HIST_CRO_KOR_20130206,CRO,4,0.5,12,4,4,12,1,0,4.0
HIST_JOR_JPN_20130326,JOR,2,0.5,12,4,4,12,1,0,2.0
HIST_USA_GER_20130602,USA,4,0.5,12,4,4,12,1,0,4.0
HIST_KOR_UZB_20130611,KOR,1,0.5,12,4,4,12,1,0,1.0
HIST_MEX_ITA_20130616,MEX,1,0.5,12,4,4,12,1,0,1.0
HIST_BRA_MEX_20130619,MEX,0,0.5,12,4,4,12,1,0,0.0
HIST_URU_ITA_20130630,ITA,2,0.5,12,4,4,12,1,0,2.0
HIST_GER_PAR_20130814,GER,3,0.5,12,4,4,12,1,0,3.0
HIST_TUN_CPV_20130907,TUN,3,0.5,12,4,4,12,1,0,3.0
HIST_BRA_POR_20130910,POR,1,0.5,12,4,4,12,1,0,1.0
HIST_ECU_URU_20131011,URU,0,0.5,12,4,4,12,1,0,0.0
HIST_MAR_RSA_20131011,RSA,1,0.5,12,4,4,12,1,0,1.0
HIST_USA_JAM_20131011,USA,2,0.5,12,4,4,12,1,0,2.0
HIST_KOR_BRA_20131012,KOR,0,0.5,12,4,4,12,1,0,0.0
HIST_SCO_CRO_20131015,CRO,0,0.5,12,4,4,12,1,0,0.0
HIST_BEL_COL_20131114,BEL,0,0.5,12,4,4,12,1,0,0.0
HIST_CZE_NOR_20140305,CZE,2,0.5,12,4,4,12,1,0,2.0
HIST_SUI_CRO_20140305,SUI,2,0.5,12,4,4,12,1,0,2.0
HIST_SUI_CRO_20140305,CRO,2,0.5,12,4,4,12,1,0,2.0
HIST_AUS_RSA_20140526,AUS,1,0.5,12,4,4,12,1,0,1.0
HIST_CZE_AUT_20140603,CZE,1,0.5,12,4,4,12,1,0,1.0
HIST_MEX_POR_20140606,POR,1,0.5,12,4,4,12,1,0,1.0
HIST_CRO_MEX_20140623,CRO,1,0.5,12,4,4,12,1,0,1.0
HIST_USA_GER_20140626,USA,0,0.5,12,4,4,12,1,0,0.0
HIST_FRA_GER_20140704,FRA,0,0.5,12,4,4,12,1,0,0.0
HIST_ENG_NOR_20140903,NOR,0,0.5,12,4,4,12,1,0,0.0
HIST_JPN_URU_20140905,URU,2,0.5,12,4,4,12,1,0,2.0
HIST_BRA_COL_20140905,BRA,1,0.5,12,4,4,12,1,0,1.0
HIST_EGY_TUN_20140910,TUN,1,0.5,12,4,4,12,1,0,1.0
HIST_MEX_PAN_20141012,PAN,0,0.5,12,4,4,12,1,0,0.0
HIST_AUT_BRA_20141118,BRA,2,0.5,12,4,4,12,1,0,2.0
HIST_SCO_ENG_20141118,SCO,1,0.5,12,4,4,12,1,0,1.0
HIST_TUN_ALG_20150111,TUN,1,0.5,12,4,4,12,1,0,1.0
HIST_IRN_IRQ_20150123,IRN,3,0.5,12,4,4,12,1,0,3.0
HIST_KOR_UZB_20150327,UZB,1,0.5,12,4,4,12,1,0,1.0
HIST_GHA_SEN_20150328,GHA,1,0.5,12,4,4,12,1,0,1.0
HIST_SWE_IRN_20150331,SWE,3,0.5,12,4,4,12,1,0,3.0
HIST_ECU_PAN_20150606,ECU,4,0.5,12,4,4,12,1,0,4.0
HIST_CRO_ITA_20150612,ITA,1,0.5,12,4,4,12,1,0,1.0
HIST_ARG_PAR_20150613,ARG,2,0.5,12,4,4,12,1,0,2.0
HIST_JPN_KOR_20150805,KOR,1,0.5,12,4,4,12,1,0,1.0
HIST_ENG_FRA_20151117,ENG,2,0.5,12,4,4,12,1,0,2.0
HIST_HAI_JAM_20151117,HAI,0,0.5,12,4,4,12,1,0,0.0
HIST_CZE_SCO_20160324,CZE,0,0.5,12,4,4,12,1,0,0.0
HIST_ECU_PAR_20160324,ECU,2,0.5,12,4,4,12,1,0,2.0
HIST_BRA_URU_20160325,URU,2,0.5,12,4,4,12,1,0,2.0
HIST_ENG_NED_20160329,ENG,1,0.5,12,4,4,12,1,0,1.0
HIST_PAN_HAI_20160329,HAI,0,0.5,12,4,4,12,1,0,0.0
HIST_MEX_PAR_20160528,PAR,0,0.5,12,4,4,12,1,0,0.0
HIST_ENG_POR_20160602,ENG,1,0.5,12,4,4,12,1,0,1.0
HIST_BRA_ECU_20160604,ECU,0,0.5,12,4,4,12,1,0,0.0
HIST_FRA_SCO_20160604,SCO,0,0.5,12,4,4,12,1,0,0.0
HIST_MEX_URU_20160605,URU,1,0.5,12,4,4,12,1,0,1.0
HIST_ITA_ESP_20160627,ITA,2,0.5,12,4,4,12,1,0,2.0
HIST_GER_ITA_20160702,ITA,1,0.5,12,4,4,12,1,0,1.0
HIST_IRN_QAT_20160901,QAT,0,0.5,12,4,4,12,1,0,0.0
HIST_PAR_COL_20161006,COL,1,0.5,12,4,4,12,1,0,1.0
HIST_MEX_NZL_20161008,NZL,1,0.5,12,4,4,12,1,0,1.0
HIST_SEN_ALG_20170123,ALG,2,0.5,12,4,4,12,1,0,2.0
HIST_EGY_MAR_20170129,EGY,1,0.5,12,4,4,12,1,0,1.0
HIST_URU_BRA_20170323,BRA,4,0.5,12,4,4,12,1,0,4.0
HIST_CIV_SEN_20170327,SEN,1,0.5,12,4,4,12,1,0,1.0
HIST_BRA_PAR_20170328,BRA,3,0.5,12,4,4,12,1,0,3.0
HIST_FRA_ESP_20170328,ESP,2,0.5,12,4,4,12,1,0,2.0
HIST_FRA_PAR_20170602,PAR,0,0.5,12,4,4,12,1,0,0.0
HIST_AUS_GER_20170619,AUS,2,0.5,12,4,4,12,1,0,2.0
HIST_CUW_MEX_20170716,CUW,0,0.5,12,4,4,12,1,0,0.0
HIST_COL_PAR_20171005,COL,1,0.5,12,4,4,12,1,0,1.0
HIST_GHA_EGY_20171112,EGY,1,0.5,12,4,4,12,1,0,1.0
HIST_BEL_JPN_20171114,JPN,0,0.5,12,4,4,12,1,0,0.0
HIST_FRA_COL_20180323,FRA,2,0.5,12,4,4,12,1,0,2.0
HIST_SEN_UZB_20180323,SEN,1,0.5,12,4,4,12,1,0,1.0
HIST_SEN_UZB_20180323,UZB,1,0.5,12,4,4,12,1,0,1.0
HIST_ALG_IRN_20180327,IRN,2,0.5,12,4,4,12,1,0,2.0
HIST_POR_ALG_20180607,POR,3,0.5,12,4,4,12,1,0,3.0
HIST_CRO_SEN_20180608,CRO,2,0.5,12,4,4,12,1,0,2.0
HIST_FRA_AUS_20180616,AUS,1,0.5,12,4,4,12,1,0,1.0
HIST_BEL_PAN_20180618,PAN,0,0.5,12,4,4,12,1,0,0.0
HIST_TUN_ENG_20180618,TUN,1,0.5,12,4,4,12,1,0,1.0
HIST_KOR_GER_20180627,GER,0,0.5,12,4,4,12,1,0,0.0
HIST_SEN_COL_20180628,SEN,0,0.5,12,4,4,12,1,0,0.0
HIST_PAN_TUN_20180628,PAN,1,0.5,12,4,4,12,1,0,1.0
HIST_SCO_BEL_20180907,BEL,4,0.5,12,4,4,12,1,0,4.0
HIST_USA_BRA_20180907,USA,0,0.5,12,4,4,12,1,0,0.0
HIST_ESP_CRO_20180911,CRO,0,0.5,12,4,4,12,1,0,0.0
HIST_USA_MEX_20180911,MEX,0,0.5,12,4,4,12,1,0,0.0
HIST_QAT_ECU_20181012,ECU,3,0.5,12,4,4,12,1,0,3.0
HIST_NED_GER_20181013,NED,3,0.5,12,4,4,12,1,0,3.0
HIST_EGY_TUN_20181116,TUN,2,0.5,12,4,4,12,1,0,2.0
HIST_QAT_IRN_20181231,IRN,2,0.5,12,4,4,12,1,0,2.0
HIST_JPN_UZB_20190117,UZB,1,0.5,12,4,4,12,1,0,1.0
HIST_USA_ECU_20190321,ECU,0,0.5,12,4,4,12,1,0,0.0
HIST_POR_SUI_20190605,POR,3,0.5,12,4,4,12,1,0,3.0
HIST_POR_SUI_20190605,SUI,1,0.5,12,4,4,12,1,0,1.0
HIST_GHA_RSA_20190615,RSA,0,0.5,12,4,4,12,1,0,0.0
HIST_MEX_CAN_20190619,MEX,3,0.5,12,4,4,12,1,0,3.0
HIST_JAM_CUW_20190625,JAM,1,0.5,12,4,4,12,1,0,1.0
HIST_JAM_CUW_20190625,CUW,1,0.5,12,4,4,12,1,0,1.0
HIST_GHA_TUN_20190708,TUN,1,0.5,12,4,4,12,1,0,1.0
HIST_JOR_KSA_20190810,KSA,0,0.5,12,4,4,12,1,0,0.0
HIST_GER_NED_20190906,GER,2,0.5,12,4,4,12,1,0,2.0
HIST_CUW_HAI_20190907,HAI,0,0.5,12,4,4,12,1,0,0.0
HIST_JOR_PAR_20190910,JOR,2,0.5,12,4,4,12,1,0,2.0
HIST_ALG_COL_20191015,COL,0,0.5,12,4,4,12,1,0,0.0
HIST_MEX_PAN_20191015,PAN,1,0.5,12,4,4,12,1,0,1.0
HIST_UZB_KSA_20191114,UZB,2,0.5,12,4,4,12,1,0,2.0
HIST_POR_SWE_20201014,SWE,0,0.5,12,4,4,12,1,0,0.0
HIST_GER_CZE_20201111,GER,1,0.5,12,4,4,12,1,0,1.0
HIST_JOR_IRQ_20201112,IRQ,0,0.5,12,4,4,12,1,0,0.0
HIST_ARG_PAR_20201112,PAR,1,0.5,12,4,4,12,1,0,1.0
HIST_COL_URU_20201113,URU,3,0.5,12,4,4,12,1,0,3.0
HIST_USA_PAN_20201116,USA,6,0.5,12,4,4,12,1,0,6.0
HIST_USA_PAN_20201116,PAN,2,0.5,12,4,4,12,1,0,2.0
HIST_ESP_GER_20201117,GER,0,0.5,12,4,4,12,1,0,0.0
HIST_NOR_TUR_20210327,TUR,3,0.5,12,4,4,12,1,0,3.0
HIST_SUI_USA_20210530,SUI,2,0.5,12,4,4,12,1,0,2.0
HIST_URU_PAR_20210603,URU,0,0.5,12,4,4,12,1,0,0.0
HIST_URU_PAR_20210603,PAR,0,0.5,12,4,4,12,1,0,0.0
HIST_TUN_ALG_20210611,TUN,0,0.5,12,4,4,12,1,0,0.0
HIST_COL_ECU_20210613,COL,1,0.5,12,4,4,12,1,0,1.0
HIST_RSA_SEN_20210718,SEN,0,0.5,12,4,4,12,1,0,0.0
HIST_BEL_CZE_20210905,CZE,0,0.5,12,4,4,12,1,0,0.0
HIST_IRQ_IRN_20210907,IRQ,0,0.5,12,4,4,12,1,0,0.0
HIST_TUR_NOR_20211008,TUR,1,0.5,12,4,4,12,1,0,1.0
HIST_URU_ARG_20211112,ARG,1,0.5,12,4,4,12,1,0,1.0
HIST_COL_PAR_20211116,PAR,0,0.5,12,4,4,12,1,0,0.0
HIST_JOR_MAR_20211204,JOR,0,0.5,12,4,4,12,1,0,0.0
HIST_TUN_ALG_20211218,ALG,2,0.5,12,4,4,12,1,0,2.0
HIST_EGY_SEN_20220325,SEN,0,0.5,12,4,4,12,1,0,0.0
HIST_SEN_EGY_20220329,SEN,1,0.5,12,4,4,12,1,0,1.0
HIST_KOR_BRA_20220602,KOR,1,0.5,12,4,4,12,1,0,1.0
HIST_USA_URU_20220605,USA,0,0.5,12,4,4,12,1,0,0.0
HIST_GER_ENG_20220607,GER,1,0.5,12,4,4,12,1,0,1.0
HIST_SUI_ESP_20220609,ESP,1,0.5,12,4,4,12,1,0,1.0
HIST_NOR_SWE_20220612,NOR,3,0.5,12,4,4,12,1,0,3.0
HIST_JPN_TUN_20220614,JPN,0,0.5,12,4,4,12,1,0,0.0
HIST_JPN_TUN_20220614,TUN,3,0.5,12,4,4,12,1,0,3.0
HIST_KOR_EGY_20220614,EGY,1,0.5,12,4,4,12,1,0,1.0
HIST_JPN_KOR_20220727,JPN,3,0.5,12,4,4,12,1,0,3.0
HIST_BRA_TUN_20220927,BRA,5,0.5,12,4,4,12,1,0,5.0
HIST_MEX_IRQ_20221109,IRQ,0,0.5,12,4,4,12,1,0,0.0
HIST_QAT_SEN_20221125,QAT,1,0.5,12,4,4,12,1,0,1.0
HIST_KOR_GHA_20221128,KOR,2,0.5,12,4,4,12,1,0,2.0
HIST_ECU_SEN_20221129,ECU,1,0.5,12,4,4,12,1,0,1.0
HIST_ARG_AUS_20221203,ARG,2,0.5,12,4,4,12,1,0,2.0
HIST_IRQ_KSA_20230109,IRQ,2,0.5,12,4,4,12,1,0,2.0
HIST_IRQ_KSA_20230109,KSA,0,0.5,12,4,4,12,1,0,0.0
HIST_PAN_CAN_20230615,PAN,0,0.5,12,4,4,12,1,0,0.0
HIST_JAM_QAT_20230615,JAM,1,0.5,12,4,4,12,1,0,1.0
HIST_BEL_AUT_20230617,BEL,1,0.5,12,4,4,12,1,0,1.0
HIST_RSA_MAR_20230617,RSA,2,0.5,12,4,4,12,1,0,2.0
HIST_PAN_MEX_20230618,PAN,0,0.5,12,4,4,12,1,0,0.0
HIST_KOR_KSA_20230912,KOR,1,0.5,12,4,4,12,1,0,1.0
HIST_IRQ_QAT_20231013,IRQ,0,0.5,12,4,4,12,1,0,0.0
HIST_AUT_GER_20231121,AUT,2,0.5,12,4,4,12,1,0,2.0
HIST_IRQ_KOR_20240106,IRQ,0,0.5,12,4,4,12,1,0,0.0
HIST_TUN_CPV_20240110,CPV,0,0.5,12,4,4,12,1,0,0.0
HIST_EGY_GHA_20240118,EGY,2,0.5,12,4,4,12,1,0,2.0
HIST_MAR_RSA_20240130,RSA,2,0.5,12,4,4,12,1,0,2.0
HIST_IRN_JPN_20240203,JPN,1,0.5,12,4,4,12,1,0,1.0
HIST_ECU_ITA_20240324,ITA,2,0.5,12,4,4,12,1,0,2.0
HIST_ESP_CRO_20240615,ESP,3,0.5,12,4,4,12,1,0,3.0
HIST_NED_FRA_20240621,FRA,0,0.5,12,4,4,12,1,0,0.0
HIST_CZE_TUR_20240626,CZE,1,0.5,12,4,4,12,1,0,1.0
HIST_SUI_ITA_20240629,ITA,0,0.5,12,4,4,12,1,0,0.0
HIST_MEX_ECU_20240630,ECU,0,0.5,12,4,4,12,1,0,0.0
HIST_USA_URU_20240701,USA,0,0.5,12,4,4,12,1,0,0.0
HIST_ARG_ECU_20240704,ARG,1,0.5,12,4,4,12,1,0,1.0
HIST_NED_TUR_20240706,TUR,1,0.5,12,4,4,12,1,0,1.0
HIST_URU_PAR_20240906,URU,0,0.5,12,4,4,12,1,0,0.0
HIST_URU_PAR_20240906,PAR,0,0.5,12,4,4,12,1,0,0.0
HIST_POR_SCO_20240908,SCO,1,0.5,12,4,4,12,1,0,1.0
HIST_NOR_AUT_20240909,AUT,1,0.5,12,4,4,12,1,0,1.0
HIST_USA_NZL_20240910,USA,1,0.5,12,4,4,12,1,0,1.0
HIST_URU_ECU_20241015,URU,0,0.5,12,4,4,12,1,0,0.0
HIST_JPN_AUS_20241015,JPN,1,0.5,12,4,4,12,1,0,1.0
HIST_IRQ_JOR_20241114,IRQ,0,0.5,12,4,4,12,1,0,0.0
HIST_NED_ESP_20250320,ESP,2,0.5,12,4,4,12,1,0,2.0
HIST_USA_CAN_20250323,USA,1,0.5,12,4,4,12,1,0,1.0
HIST_ESP_FRA_20250605,ESP,5,0.5,12,4,4,12,1,0,5.0
HIST_MAR_TUN_20250606,TUN,0,0.5,12,4,4,12,1,0,0.0
HIST_USA_SUI_20250610,SUI,4,0.5,12,4,4,12,1,0,4.0
HIST_JOR_IRQ_20250610,JOR,0,0.5,12,4,4,12,1,0,0.0
HIST_CAN_CIV_20250610,CAN,0,0.5,12,4,4,12,1,0,0.0
HIST_CZE_KSA_20250908,KSA,1,0.5,12,4,4,12,1,0,1.0
HIST_JPN_BRA_20251014,BRA,2,0.5,12,4,4,12,1,0,2.0
HIST_CAN_COL_20251014,COL,0,0.5,12,4,4,12,1,0,0.0
HIST_KOR_GHA_20251118,GHA,0,0.5,12,4,4,12,1,0,0.0
HIST_ESP_TUR_20251118,ESP,2,0.5,12,4,4,12,1,0,2.0
HIST_IRN_UZB_20251118,UZB,0,0.5,12,4,4,12,1,0,0.0
HIST_EGY_RSA_20251226,RSA,0,0.5,12,4,4,12,1,0,0.0
HIST_EGY_CIV_20260110,CIV,2,0.5,12,4,4,12,1,0,2.0
HIST_AUT_GHA_20260327,GHA,1,0.5,12,4,4,12,1,0,1.0
HIST_ENG_URU_20260327,URU,1,0.5,12,4,4,12,1,0,1.0
HIST_RSA_PAN_20260327,PAN,1,0.5,12,4,4,12,1,0,1.0
HIST_CIV_KOR_20260328,KOR,0,0.5,12,4,4,12,1,0,0.0
HIST_COL_FRA_20260329,COL,1,0.5,12,4,4,12,1,0,1.0
HIST_GER_GHA_20260330,GHA,1,0.5,12,4,4,12,1,0,1.0
HIST_ALG_URU_20260331,ALG,0,0.5,12,4,4,12,1,0,0.0
HIST_RSA_PAN_20260331,RSA,1,0.5,12,4,4,12,1,0,1.0
HIST_USA_POR_20260331,USA,0,0.5,12,4,4,12,1,0,0.0
HIST_BRA_PAN_20260531,PAN,2,0.5,12,4,4,12,1,0,2.0
HIST_SUI_JOR_20260531,JOR,1,0.5,12,4,4,12,1,0,1.0
HIST_AUT_TUN_20260601,TUN,0,0.5,12,4,4,12,1,0,0.0
HIST_USA_GER_20260606,USA,1,0.5,12,4,4,12,1,0,1.0
